t [s],tau_u [N*m],phi [rad],omega [rad/s],theta [rad],h [m],v [m/s],T [N],tau_c [N*m]
0.000000,0.000000,0.000000,0.000000,0.261799,0.103528,0.000000,14644.567369,18.931689
0.010000,0.000000,0.000000,0.000000,0.261799,0.103528,0.000000,14644.567369,18.931689
0.020000,0.000000,0.000000,0.000000,0.261799,0.103528,0.000000,14644.567369,18.931689
0.030000,0.000000,0.000000,0.000000,0.261799,0.103528,0.000000,14644.567369,18.931689
0.040000,0.000000,0.000000,0.000000,0.261799,0.103528,0.000000,14644.567369,18.931689
0.050000,0.000000,0.000000,0.000000,0.261799,0.103528,0.000000,14644.567369,18.931689
0.060000,0.000000,0.000000,0.000000,0.261799,0.103528,0.000000,14644.567369,18.931689
0.070000,0.000000,0.000000,0.000000,0.261799,0.103528,0.000000,14644.567369,18.931689
0.080000,0.000000,0.000000,0.000000,0.261799,0.103528,0.000000,14644.567369,18.931689
0.090000,0.000000,0.000000,0.000000,0.261799,0.103528,0.000000,14644.567369,18.931689
0.100000,0.000000,0.000000,0.000000,0.261799,0.103528,0.000000,14644.567369,18.931689
0.110000,0.000000,0.000000,0.000000,0.261799,0.103528,0.000000,14644.567369,18.931689
0.120000,0.000000,0.000000,0.000000,0.261799,0.103528,0.000000,14644.567369,18.931689
0.130000,0.000000,0.000000,0.000000,0.261799,0.103528,0.000000,14644.567369,18.931689
0.140000,0.000000,0.000000,0.000000,0.261799,0.103528,0.000000,14644.567369,18.931689
0.150000,0.000000,0.000000,0.000000,0.261799,0.103528,0.000000,14644.567369,18.931689
0.160000,0.000000,0.000000,0.000000,0.261799,0.103528,0.000000,14644.567369,18.931689
0.170000,0.000000,0.000000,0.000000,0.261799,0.103528,0.000000,14644.567369,18.931689
0.180000,0.000000,0.000000,0.000000,0.261799,0.103528,0.000000,14644.567369,18.931689
0.190000,0.000000,0.000000,0.000000,0.261799,0.103528,0.000000,14644.567369,18.931689
0.200000,0.000000,0.000000,0.000000,0.261799,0.103528,0.000000,14644.567369,18.931689
0.210000,0.000000,0.000000,0.000000,0.261799,0.103528,0.000000,14644.567369,18.931689
0.220000,0.000000,0.000000,0.000000,0.261799,0.103528,0.000000,14644.567369,18.931689
0.230000,0.000000,0.000000,0.000000,0.261799,0.103528,0.000000,14644.567369,18.931689
0.240000,0.000000,0.000000,0.000000,0.261799,0.103528,0.000000,14644.567369,18.931689
0.250000,0.000000,0.000000,0.000000,0.261799,0.103528,0.000000,14644.567369,18.931689
0.260000,0.000000,0.000000,0.000000,0.261799,0.103528,0.000000,14644.567369,18.931689
0.270000,0.000000,0.000000,0.000000,0.261799,0.103528,0.000000,14644.567369,18.931689
0.280000,0.000000,0.000000,0.000000,0.261799,0.103528,0.000000,14644.567369,18.931689
0.290000,0.000000,0.000000,0.000000,0.261799,0.103528,0.000000,14644.567369,18.931689
0.300000,0.000000,0.000000,0.000000,0.261799,0.103528,0.000000,14644.567369,18.931689
0.310000,0.000000,0.000000,0.000000,0.261799,0.103528,0.000000,14644.567369,18.931689
0.320000,0.000000,0.000000,0.000000,0.261799,0.103528,0.000000,14644.567369,18.931689
0.330000,0.000000,0.000000,0.000000,0.261799,0.103528,0.000000,14644.567369,18.931689
0.340000,0.000000,0.000000,0.000000,0.261799,0.103528,0.000000,14644.567369,18.931689
0.350000,0.000000,0.000000,0.000000,0.261799,0.103528,0.000000,14644.567369,18.931689
0.360000,0.000000,0.000000,0.000000,0.261799,0.103528,0.000000,14644.567369,18.931689
0.370000,0.000000,0.000000,0.000000,0.261799,0.103528,0.000000,14644.567369,18.931689
0.380000,0.000000,0.000000,0.000000,0.261799,0.103528,0.000000,14644.567369,18.931689
0.390000,0.000000,0.000000,0.000000,0.261799,0.103528,0.000000,14644.567369,18.931689
0.400000,0.000000,0.000000,0.000000,0.261799,0.103528,0.000000,14644.567369,18.931689
0.410000,0.000000,0.000000,0.000000,0.261799,0.103528,0.000000,14644.567369,18.931689
0.420000,0.000000,0.000000,0.000000,0.261799,0.103528,0.000000,14644.567369,18.931689
0.430000,0.000000,0.000000,0.000000,0.261799,0.103528,0.000000,14644.567369,18.931689
0.440000,0.000000,0.000000,0.000000,0.261799,0.103528,0.000000,14644.567369,18.931689
0.450000,0.000000,0.000000,0.000000,0.261799,0.103528,0.000000,14644.567369,18.931689
0.460000,0.000000,0.000000,0.000000,0.261799,0.103528,0.000000,14644.567369,18.931689
0.470000,0.000000,0.000000,0.000000,0.261799,0.103528,0.000000,14644.567369,18.931689
0.480000,0.000000,0.000000,0.000000,0.261799,0.103528,0.000000,14644.567369,18.931689
0.490000,0.000000,0.000000,0.000000,0.261799,0.103528,0.000000,14644.567369,18.931689
0.500000,0.000000,0.000000,0.000000,0.261799,0.103528,0.000000,14644.567369,18.931689
0.510000,0.000000,0.000000,0.000000,0.261799,0.103528,0.000000,14644.567369,18.931689
0.520000,0.000000,0.000000,0.000000,0.261799,0.103528,0.000000,14644.567369,18.931689
0.530000,0.000000,0.000000,0.000000,0.261799,0.103528,0.000000,14644.567369,18.931689
0.540000,0.000000,0.000000,0.000000,0.261799,0.103528,0.000000,14644.567369,18.931689
0.550000,0.000000,0.000000,0.000000,0.261799,0.103528,0.000000,14644.567369,18.931689
0.560000,0.000000,0.000000,0.000000,0.261799,0.103528,0.000000,14644.567369,18.931689
0.570000,0.000000,0.000000,0.000000,0.261799,0.103528,0.000000,14644.567369,18.931689
0.580000,0.000000,0.000000,0.000000,0.261799,0.103528,0.000000,14644.567369,18.931689
0.590000,0.000000,0.000000,0.000000,0.261799,0.103528,0.000000,14644.567369,18.931689
0.600000,0.000000,0.000000,0.000000,0.261799,0.103528,0.000000,14644.567369,18.931689
0.610000,0.000000,0.000000,0.000000,0.261799,0.103528,0.000000,14644.567369,18.931689
0.620000,0.000000,0.000000,0.000000,0.261799,0.103528,0.000000,14644.567369,18.931689
0.630000,0.000000,0.000000,0.000000,0.261799,0.103528,0.000000,14644.567369,18.931689
0.640000,0.000000,0.000000,0.000000,0.261799,0.103528,0.000000,14644.567369,18.931689
0.650000,0.000000,0.000000,0.000000,0.261799,0.103528,0.000000,14644.567369,18.931689
0.660000,0.000000,0.000000,0.000000,0.261799,0.103528,0.000000,14644.567369,18.931689
0.670000,0.000000,0.000000,0.000000,0.261799,0.103528,0.000000,14644.567369,18.931689
0.680000,0.000000,0.000000,0.000000,0.261799,0.103528,0.000000,14644.567369,18.931689
0.690000,0.000000,0.000000,0.000000,0.261799,0.103528,0.000000,14644.567369,18.931689
0.700000,0.000000,0.000000,0.000000,0.261799,0.103528,0.000000,14644.567369,18.931689
0.710000,0.000000,0.000000,0.000000,0.261799,0.103528,0.000000,14644.567369,18.931689
0.720000,0.000000,0.000000,0.000000,0.261799,0.103528,0.000000,14644.567369,18.931689
0.730000,0.000000,0.000000,0.000000,0.261799,0.103528,0.000000,14644.567369,18.931689
0.740000,0.000000,0.000000,0.000000,0.261799,0.103528,0.000000,14644.567369,18.931689
0.750000,0.000000,0.000000,0.000000,0.261799,0.103528,0.000000,14644.567369,18.931689
0.760000,0.000000,0.000000,0.000000,0.261799,0.103528,0.000000,14644.567369,18.931689
0.770000,0.000000,0.000000,0.000000,0.261799,0.103528,0.000000,14644.567369,18.931689
0.780000,0.000000,0.000000,0.000000,0.261799,0.103528,0.000000,14644.567369,18.931689
0.790000,0.000000,0.000000,0.000000,0.261799,0.103528,0.000000,14644.567369,18.931689
0.800000,0.000000,0.000000,0.000000,0.261799,0.103528,0.000000,14644.567369,18.931689
0.810000,0.000000,0.000000,0.000000,0.261799,0.103528,0.000000,14644.567369,18.931689
0.820000,0.000000,0.000000,0.000000,0.261799,0.103528,0.000000,14644.567369,18.931689
0.830000,0.000000,0.000000,0.000000,0.261799,0.103528,0.000000,14644.567369,18.931689
0.840000,0.000000,0.000000,0.000000,0.261799,0.103528,0.000000,14644.567369,18.931689
0.850000,0.000000,0.000000,0.000000,0.261799,0.103528,0.000000,14644.567369,18.931689
0.860000,0.000000,0.000000,0.000000,0.261799,0.103528,0.000000,14644.567369,18.931689
0.870000,0.000000,0.000000,0.000000,0.261799,0.103528,0.000000,14644.567369,18.931689
0.880000,0.000000,0.000000,0.000000,0.261799,0.103528,0.000000,14644.567369,18.931689
0.890000,0.000000,0.000000,0.000000,0.261799,0.103528,0.000000,14644.567369,18.931689
0.900000,0.000000,0.000000,0.000000,0.261799,0.103528,0.000000,14644.567369,18.931689
0.910000,0.000000,0.000000,0.000000,0.261799,0.103528,0.000000,14644.567369,18.931689
0.920000,0.000000,0.000000,0.000000,0.261799,0.103528,0.000000,14644.567369,18.931689
0.930000,0.000000,0.000000,0.000000,0.261799,0.103528,0.000000,14644.567369,18.931689
0.940000,0.000000,0.000000,0.000000,0.261799,0.103528,0.000000,14644.567369,18.931689
0.950000,0.000000,0.000000,0.000000,0.261799,0.103528,0.000000,14644.567369,18.931689
0.960000,0.000000,0.000000,0.000000,0.261799,0.103528,0.000000,14644.567369,18.931689
0.970000,0.000000,0.000000,0.000000,0.261799,0.103528,0.000000,14644.567369,18.931689
0.980000,0.000000,0.000000,0.000000,0.261799,0.103528,0.000000,14644.567369,18.931689
0.990000,0.000000,0.000000,0.000000,0.261799,0.103528,0.000000,14644.567369,18.931689
1.000000,22.000000,0.000000,0.000000,0.261799,0.103528,0.000000,14644.567369,18.931689
1.010000,22.000000,0.015124,1.536756,0.261869,0.103555,0.002738,14640.483046,18.926409
1.020000,22.000000,0.030505,1.539438,0.261940,0.103582,0.002742,14636.332608,18.921043
1.030000,22.000000,0.045913,1.542123,0.262011,0.103609,0.002746,14632.178225,18.915673
1.040000,22.000000,0.061347,1.544811,0.262082,0.103637,0.002750,14628.019909,18.910297
1.050000,22.000000,0.076809,1.547501,0.262153,0.103664,0.002754,14623.857661,18.904916
1.060000,22.000000,0.092298,1.550194,0.262225,0.103692,0.002758,14619.691490,18.899530
1.070000,22.000000,0.107813,1.552890,0.262296,0.103720,0.002762,14615.521399,18.894140
1.080000,22.000000,0.123355,1.555588,0.262368,0.103747,0.002766,14611.347397,18.888744
1.090000,22.000000,0.138925,1.558288,0.262439,0.103775,0.002770,14607.169488,18.883343
1.100000,22.000000,0.154521,1.560991,0.262511,0.103803,0.002774,14602.987678,18.877937
1.110000,22.000000,0.170145,1.563697,0.262583,0.103830,0.002778,14598.801975,18.872526
1.120000,22.000000,0.185795,1.566405,0.262655,0.103858,0.002782,14594.612384,18.867110
1.130000,22.000000,0.201473,1.569115,0.262727,0.103886,0.002786,14590.418911,18.861688
1.140000,22.000000,0.217177,1.571828,0.262799,0.103914,0.002790,14586.221563,18.856262
1.150000,22.000000,0.232909,1.574544,0.262871,0.103942,0.002794,14582.020345,18.850831
1.160000,22.000000,0.248668,1.577262,0.262944,0.103970,0.002798,14577.815264,18.845395
1.170000,22.000000,0.264454,1.579982,0.263016,0.103998,0.002802,14573.606326,18.839954
1.180000,22.000000,0.280268,1.582705,0.263089,0.104026,0.002806,14569.393538,18.834508
1.190000,22.000000,0.296109,1.585431,0.263162,0.104054,0.002810,14565.176906,18.829057
1.200000,22.000000,0.311977,1.588159,0.263234,0.104082,0.002814,14560.956435,18.823601
1.210000,22.000000,0.327872,1.590889,0.263307,0.104110,0.002818,14556.732134,18.818140
1.220000,22.000000,0.343794,1.593622,0.263380,0.104138,0.002822,14552.504007,18.812674
1.230000,22.000000,0.359744,1.596357,0.263453,0.104167,0.002826,14548.272061,18.807203
1.240000,22.000000,0.375721,1.599095,0.263527,0.104195,0.002830,14544.036303,18.801728
1.250000,22.000000,0.391726,1.601835,0.263600,0.104223,0.002834,14539.796739,18.796247
1.260000,22.000000,0.407758,1.604578,0.263673,0.104251,0.002838,14535.553376,18.790761
1.270000,22.000000,0.423818,1.607323,0.263747,0.104280,0.002842,14531.306220,18.785271
1.280000,22.000000,0.439905,1.610071,0.263821,0.104308,0.002846,14527.055278,18.779775
1.290000,22.000000,0.456019,1.612821,0.263894,0.104337,0.002850,14522.800556,18.774275
1.300000,22.000000,0.472161,1.615574,0.263968,0.104365,0.002854,14518.542060,18.768770
1.310000,22.000000,0.488331,1.618329,0.264042,0.104394,0.002858,14514.279799,18.763260
1.320000,22.000000,0.504528,1.621086,0.264116,0.104422,0.002862,14510.013777,18.757745
1.330000,22.000000,0.520752,1.623846,0.264190,0.104451,0.002866,14505.744001,18.752225
1.340000,22.000000,0.537005,1.626608,0.264265,0.104480,0.002870,14501.470479,18.746701
1.350000,22.000000,0.553285,1.629373,0.264339,0.104509,0.002874,14497.193217,18.741171
1.360000,22.000000,0.569592,1.632140,0.264414,0.104537,0.002878,14492.912222,18.735637
1.370000,22.000000,0.585927,1.634909,0.264488,0.104566,0.002882,14488.627500,18.730098
1.380000,22.000000,0.602290,1.637681,0.264563,0.104595,0.002886,14484.339058,18.724554
1.390000,22.000000,0.618681,1.640456,0.264638,0.104624,0.002890,14480.046904,18.719006
1.400000,22.000000,0.635099,1.643232,0.264713,0.104653,0.002894,14475.751043,18.713452
1.410000,22.000000,0.651546,1.646011,0.264788,0.104682,0.002898,14471.451482,18.707894
1.420000,22.000000,0.668020,1.648793,0.264863,0.104711,0.002902,14467.148229,18.702331
1.430000,22.000000,0.684521,1.651577,0.264938,0.104740,0.002906,14462.841290,18.696763
1.440000,22.000000,0.701051,1.654363,0.265013,0.104769,0.002910,14458.530672,18.691191
1.450000,22.000000,0.717609,1.657151,0.265089,0.104798,0.002915,14454.216382,18.685613
1.460000,22.000000,0.734194,1.659942,0.265164,0.104827,0.002919,14449.898427,18.680031
1.470000,22.000000,0.750808,1.662736,0.265240,0.104856,0.002923,14445.576815,18.674445
1.480000,22.000000,0.767449,1.665531,0.265316,0.104886,0.002927,14441.251550,18.668853
1.490000,22.000000,0.784118,1.668330,0.265392,0.104915,0.002931,14436.922642,18.663257
1.500000,22.000000,0.800816,1.671130,0.265468,0.104944,0.002935,14432.590097,18.657656
1.510000,22.000000,0.817541,1.673933,0.265544,0.104974,0.002939,14428.253921,18.652051
1.520000,22.000000,0.834294,1.676738,0.265620,0.105003,0.002943,14423.914123,18.646440
1.530000,22.000000,0.851076,1.679545,0.265696,0.105032,0.002947,14419.570708,18.640825
1.540000,22.000000,0.867885,1.682355,0.265773,0.105062,0.002951,14415.223685,18.635206
1.550000,22.000000,0.884723,1.685167,0.265849,0.105091,0.002955,14410.873060,18.629582
1.560000,22.000000,0.901588,1.687981,0.265926,0.105121,0.002959,14406.518840,18.623953
1.570000,22.000000,0.918482,1.690798,0.266002,0.105151,0.002963,14402.161033,18.618319
1.580000,22.000000,0.935404,1.693617,0.266079,0.105180,0.002967,14397.799645,18.612681
1.590000,22.000000,0.952355,1.696439,0.266156,0.105210,0.002971,14393.434685,18.607038
1.600000,22.000000,0.969333,1.699262,0.266233,0.105240,0.002975,14389.066158,18.601391
1.610000,22.000000,0.986340,1.702088,0.266310,0.105269,0.002979,14384.694073,18.595739
1.620000,22.000000,1.003375,1.704916,0.266388,0.105299,0.002983,14380.318436,18.590082
1.630000,22.000000,1.020438,1.707747,0.266465,0.105329,0.002987,14375.939256,18.584421
1.640000,22.000000,1.037530,1.710580,0.266542,0.105359,0.002991,14371.556538,18.578755
1.650000,22.000000,1.054650,1.713415,0.266620,0.105389,0.002995,14367.170292,18.573085
1.660000,22.000000,1.071798,1.716252,0.266698,0.105419,0.002999,14362.780523,18.567410
1.670000,22.000000,1.088975,1.719092,0.266776,0.105449,0.003003,14358.387239,18.561731
1.680000,22.000000,1.106180,1.721934,0.266853,0.105479,0.003007,14353.990448,18.556047
1.690000,22.000000,1.123414,1.724778,0.266931,0.105509,0.003012,14349.590157,18.550358
1.700000,22.000000,1.140676,1.727625,0.267010,0.105539,0.003016,14345.186373,18.544665
1.710000,22.000000,1.157966,1.730473,0.267088,0.105569,0.003020,14340.779105,18.538968
1.720000,22.000000,1.175285,1.733324,0.267166,0.105600,0.003024,14336.368358,18.533266
1.730000,22.000000,1.192633,1.736177,0.267244,0.105630,0.003028,14331.954142,18.527559
1.740000,22.000000,1.210009,1.739033,0.267323,0.105660,0.003032,14327.536463,18.521849
1.750000,22.000000,1.227413,1.741891,0.267402,0.105691,0.003036,14323.115328,18.516133
1.760000,22.000000,1.244847,1.744750,0.267480,0.105721,0.003040,14318.690746,18.510413
1.770000,22.000000,1.262308,1.747613,0.267559,0.105751,0.003044,14314.262725,18.504689
1.780000,22.000000,1.279799,1.750477,0.267638,0.105782,0.003048,14309.831270,18.498960
1.790000,22.000000,1.297318,1.753343,0.267717,0.105812,0.003052,14305.396391,18.493227
1.800000,22.000000,1.314866,1.756212,0.267796,0.105843,0.003056,14300.958095,18.487490
1.810000,22.000000,1.332442,1.759083,0.267876,0.105873,0.003060,14296.516389,18.481748
1.820000,22.000000,1.350047,1.761956,0.267955,0.105904,0.003064,14292.071281,18.476001
1.830000,22.000000,1.367681,1.764832,0.268035,0.105935,0.003068,14287.622778,18.470250
1.840000,22.000000,1.385344,1.767709,0.268114,0.105965,0.003072,14283.170889,18.464495
1.850000,22.000000,1.403035,1.770589,0.268194,0.105996,0.003076,14278.715622,18.458736
1.860000,22.000000,1.420756,1.773471,0.268274,0.106027,0.003080,14274.256983,18.452972
1.870000,22.000000,1.438505,1.776355,0.268354,0.106058,0.003084,14269.794981,18.447204
1.880000,22.000000,1.456283,1.779241,0.268434,0.106089,0.003088,14265.329623,18.441431
1.890000,22.000000,1.474090,1.782130,0.268514,0.106119,0.003092,14260.860917,18.435654
1.900000,22.000000,1.491925,1.785020,0.268594,0.106150,0.003096,14256.388872,18.429873
1.910000,22.000000,1.509790,1.787913,0.268674,0.106181,0.003101,14251.913494,18.424087
1.920000,22.000000,1.527684,1.790808,0.268755,0.106212,0.003105,14247.434791,18.418298
1.930000,22.000000,1.545606,1.793705,0.268835,0.106244,0.003109,14242.952773,18.412503
1.940000,22.000000,1.563558,1.796604,0.268916,0.106275,0.003113,14238.467445,18.406705
1.950000,22.000000,1.581538,1.799505,0.268997,0.106306,0.003117,14233.978817,18.400902
1.960000,22.000000,1.599548,1.802409,0.269078,0.106337,0.003121,14229.486896,18.395095
1.970000,22.000000,1.617587,1.805314,0.269159,0.106368,0.003125,14224.991690,18.389284
1.980000,22.000000,1.635654,1.808222,0.269240,0.106399,0.003129,14220.493208,18.383469
1.990000,22.000000,1.653751,1.811132,0.269321,0.106431,0.003133,14215.991456,18.377649
2.000000,22.000000,1.671877,1.814044,0.269402,0.106462,0.003137,14211.486443,18.371826
2.010000,22.000000,1.690032,1.816958,0.269484,0.106493,0.003141,14206.978177,18.365997
2.020000,22.000000,1.708216,1.819874,0.269565,0.106525,0.003145,14202.466667,18.360165
2.030000,22.000000,1.726429,1.822792,0.269647,0.106556,0.003149,14197.951919,18.354329
2.040000,22.000000,1.744672,1.825712,0.269729,0.106588,0.003153,14193.433942,18.348488
2.050000,22.000000,1.762944,1.828634,0.269810,0.106619,0.003157,14188.912745,18.342643
2.060000,22.000000,1.781245,1.831559,0.269892,0.106651,0.003161,14184.388335,18.336795
2.070000,22.000000,1.799575,1.834485,0.269974,0.106683,0.003165,14179.860720,18.330942
2.080000,22.000000,1.817934,1.837414,0.270056,0.106714,0.003169,14175.329909,18.325084
2.090000,22.000000,1.836323,1.840345,0.270139,0.106746,0.003173,14170.795909,18.319223
2.100000,22.000000,1.854741,1.843277,0.270221,0.106778,0.003177,14166.258729,18.313358
2.110000,22.000000,1.873189,1.846212,0.270304,0.106810,0.003181,14161.718377,18.307488
2.120000,22.000000,1.891665,1.849149,0.270386,0.106841,0.003185,14157.174861,18.301614
2.130000,22.000000,1.910172,1.852088,0.270469,0.106873,0.003189,14152.628190,18.295737
2.140000,22.000000,1.928707,1.855028,0.270552,0.106905,0.003193,14148.078371,18.289855
2.150000,22.000000,1.947272,1.857971,0.270635,0.106937,0.003197,14143.525412,18.283969
2.160000,22.000000,1.965867,1.860916,0.270718,0.106969,0.003202,14138.969323,18.278079
2.170000,22.000000,1.984491,1.863863,0.270801,0.107001,0.003206,14134.410111,18.272185
2.180000,22.000000,2.003144,1.866812,0.270884,0.107033,0.003210,14129.847785,18.266288
2.190000,22.000000,2.021827,1.869763,0.270967,0.107065,0.003214,14125.282352,18.260386
2.200000,22.000000,2.040539,1.872716,0.271051,0.107098,0.003218,14120.713822,18.254480
2.210000,22.000000,2.059281,1.875671,0.271134,0.107130,0.003222,14116.142202,18.248570
2.220000,22.000000,2.078053,1.878628,0.271218,0.107162,0.003226,14111.567501,18.242656
2.230000,22.000000,2.096854,1.881587,0.271302,0.107194,0.003230,14106.989727,18.236738
2.240000,22.000000,2.115684,1.884548,0.271386,0.107227,0.003234,14102.408889,18.230816
2.250000,22.000000,2.134545,1.887510,0.271469,0.107259,0.003238,14097.824994,18.224890
2.260000,22.000000,2.153435,1.890475,0.271554,0.107291,0.003242,14093.238052,18.218961
2.270000,22.000000,2.172354,1.893442,0.271638,0.107324,0.003246,14088.648071,18.213027
2.280000,22.000000,2.191303,1.896411,0.271722,0.107356,0.003250,14084.055059,18.207089
2.290000,22.000000,2.210282,1.899382,0.271806,0.107389,0.003254,14079.459025,18.201148
2.300000,22.000000,2.229291,1.902354,0.271891,0.107421,0.003258,14074.859977,18.195202
2.310000,22.000000,2.248329,1.905329,0.271976,0.107454,0.003262,14070.257923,18.189253
2.320000,22.000000,2.267398,1.908305,0.272060,0.107487,0.003266,14065.652873,18.183300
2.330000,22.000000,2.286496,1.911284,0.272145,0.107519,0.003270,14061.044834,18.177343
2.340000,22.000000,2.305623,1.914264,0.272230,0.107552,0.003274,14056.433815,18.171382
2.350000,22.000000,2.324781,1.917247,0.272315,0.107585,0.003278,14051.819825,18.165417
2.360000,22.000000,2.343968,1.920231,0.272400,0.107618,0.003282,14047.202872,18.159449
2.370000,22.000000,2.363185,1.923217,0.272485,0.107650,0.003286,14042.582965,18.153476
2.380000,22.000000,2.382433,1.926205,0.272571,0.107683,0.003290,14037.960112,18.147500
2.390000,22.000000,2.401710,1.929195,0.272656,0.107716,0.003294,14033.334322,18.141520
2.400000,22.000000,2.421017,1.932187,0.272742,0.107749,0.003298,14028.705604,18.135537
2.410000,22.000000,2.440353,1.935181,0.272827,0.107782,0.003302,14024.073966,18.129549
2.420000,22.000000,2.459720,1.938176,0.272913,0.107815,0.003306,14019.439416,18.123558
2.430000,22.000000,2.479117,1.941174,0.272999,0.107848,0.003310,14014.801965,18.117563
2.440000,22.000000,2.498544,1.944173,0.273085,0.107881,0.003314,14010.161619,18.111564
2.450000,22.000000,2.518000,1.947174,0.273171,0.107915,0.003318,14005.518388,18.105561
2.460000,22.000000,2.537487,1.950177,0.273257,0.107948,0.003322,14000.872280,18.099555
2.470000,22.000000,2.557004,1.953182,0.273344,0.107981,0.003326,13996.223305,18.093545
2.480000,22.000000,2.576551,1.956189,0.273430,0.108014,0.003330,13991.571470,18.087532
2.490000,22.000000,2.596128,1.959198,0.273517,0.108048,0.003334,13986.916785,18.081514
2.500000,22.000000,2.615735,1.962208,0.273603,0.108081,0.003338,13982.259259,18.075493
2.510000,22.000000,2.635372,1.965221,0.273690,0.108114,0.003342,13977.598899,18.069469
2.520000,22.000000,2.655039,1.968235,0.273777,0.108148,0.003346,13972.935715,18.063440
2.530000,22.000000,2.674737,1.971251,0.273864,0.108181,0.003350,13968.269716,18.057408
2.540000,22.000000,2.694464,1.974268,0.273951,0.108215,0.003354,13963.600911,18.051373
2.550000,22.000000,2.714222,1.977288,0.274038,0.108248,0.003358,13958.929307,18.045334
2.560000,22.000000,2.734010,1.980309,0.274125,0.108282,0.003362,13954.254915,18.039291
2.570000,22.000000,2.753828,1.983332,0.274213,0.108316,0.003366,13949.577742,18.033244
2.580000,22.000000,2.773677,1.986357,0.274300,0.108349,0.003370,13944.897798,18.027194
2.590000,22.000000,2.793555,1.989384,0.274388,0.108383,0.003374,13940.215092,18.021141
2.600000,22.000000,2.813464,1.992413,0.274475,0.108417,0.003378,13935.529631,18.015084
2.610000,22.000000,2.833404,1.995443,0.274563,0.108451,0.003382,13930.841427,18.009023
2.620000,22.000000,2.853373,1.998475,0.274651,0.108484,0.003386,13926.150486,18.002959
2.630000,22.000000,2.873373,2.001509,0.274739,0.108518,0.003390,13921.456818,17.996891
2.640000,22.000000,2.893403,2.004544,0.274827,0.108552,0.003394,13916.760433,17.990820
2.650000,22.000000,2.913464,2.007582,0.274916,0.108586,0.003398,13912.061338,17.984745
2.660000,22.000000,2.933555,2.010621,0.275004,0.108620,0.003402,13907.359543,17.978667
2.670000,22.000000,2.953676,2.013662,0.275092,0.108654,0.003406,13902.655056,17.972585
2.680000,22.000000,2.973828,2.016704,0.275181,0.108688,0.003410,13897.947888,17.966500
2.690000,22.000000,2.994010,2.019749,0.275269,0.108723,0.003414,13893.238046,17.960412
2.700000,22.000000,3.014223,2.022795,0.275358,0.108757,0.003418,13888.525539,17.954319
2.710000,22.000000,3.034466,2.025842,0.275447,0.108791,0.003422,13883.810377,17.948224
2.720000,22.000000,3.054740,2.028892,0.275536,0.108825,0.003426,13879.092569,17.942125
2.730000,22.000000,3.075044,2.031943,0.275625,0.108859,0.003430,13874.372123,17.936023
2.740000,22.000000,3.095379,2.034996,0.275714,0.108894,0.003434,13869.649049,17.929917
2.750000,22.000000,3.115744,2.038050,0.275804,0.108928,0.003438,13864.923356,17.923808
2.760000,22.000000,3.136140,2.041106,0.275893,0.108962,0.003442,13860.195052,17.917695
2.770000,22.000000,3.156566,2.044164,0.275982,0.108997,0.003446,13855.464147,17.911580
2.780000,22.000000,3.177023,2.047224,0.276072,0.109031,0.003450,13850.730650,17.905460
2.790000,22.000000,3.197511,2.050285,0.276162,0.109066,0.003454,13845.994569,17.899338
2.800000,22.000000,3.218029,2.053348,0.276252,0.109101,0.003458,13841.255915,17.893212
2.810000,22.000000,3.238578,2.056413,0.276341,0.109135,0.003462,13836.514695,17.887083
2.820000,22.000000,3.259157,2.059479,0.276431,0.109170,0.003466,13831.770920,17.880950
2.830000,22.000000,3.279767,2.062547,0.276522,0.109204,0.003470,13827.024597,17.874814
2.840000,22.000000,3.300408,2.065616,0.276612,0.109239,0.003474,13822.275737,17.868675
2.850000,22.000000,3.321080,2.068687,0.276702,0.109274,0.003478,13817.524349,17.862533
2.860000,22.000000,3.341782,2.071760,0.276793,0.109309,0.003482,13812.770441,17.856387
2.870000,22.000000,3.362515,2.074835,0.276883,0.109344,0.003486,13808.014022,17.850239
2.880000,22.000000,3.383279,2.077911,0.276974,0.109378,0.003490,13803.255103,17.844087
2.890000,22.000000,3.404073,2.080988,0.277065,0.109413,0.003494,13798.493692,17.837931
2.900000,22.000000,3.424898,2.084067,0.277155,0.109448,0.003498,13793.729797,17.831773
2.910000,22.000000,3.445754,2.087148,0.277246,0.109483,0.003502,13788.963429,17.825611
2.920000,22.000000,3.466641,2.090231,0.277337,0.109518,0.003506,13784.194597,17.819446
2.930000,22.000000,3.487559,2.093315,0.277429,0.109553,0.003510,13779.423309,17.813278
2.940000,22.000000,3.508508,2.096400,0.277520,0.109589,0.003514,13774.649576,17.807107
2.950000,22.000000,3.529487,2.099487,0.277611,0.109624,0.003518,13769.873405,17.800933
2.960000,22.000000,3.550497,2.102576,0.277703,0.109659,0.003522,13765.094807,17.794755
2.970000,22.000000,3.571539,2.105666,0.277794,0.109694,0.003526,13760.313790,17.788574
2.980000,22.000000,3.592611,2.108758,0.277886,0.109729,0.003530,13755.530364,17.782391
2.990000,22.000000,3.613714,2.111852,0.277978,0.109765,0.003533,13750.744539,17.776204
3.000000,22.000000,3.634848,2.114947,0.278070,0.109800,0.003537,13745.956322,17.770014
3.010000,22.000000,3.656013,2.118043,0.278162,0.109835,0.003541,13741.165725,17.763821
3.020000,22.000000,3.677209,2.121141,0.278254,0.109871,0.003545,13736.372755,17.757625
3.030000,22.000000,3.698436,2.124241,0.278346,0.109906,0.003549,13731.577422,17.751426
3.040000,22.000000,3.719693,2.127342,0.278439,0.109942,0.003553,13726.779736,17.745223
3.050000,22.000000,3.740982,2.130444,0.278531,0.109977,0.003557,13721.979705,17.739018
3.060000,22.000000,3.762302,2.133548,0.278624,0.110013,0.003561,13717.177339,17.732810
3.070000,22.000000,3.783653,2.136654,0.278716,0.110049,0.003565,13712.372648,17.726599
3.080000,22.000000,3.805035,2.139761,0.278809,0.110084,0.003569,13707.565640,17.720384
3.090000,22.000000,3.826449,2.142870,0.278902,0.110120,0.003573,13702.756325,17.714167
3.100000,22.000000,3.847893,2.145980,0.278995,0.110156,0.003577,13697.944712,17.707947
3.110000,22.000000,3.869368,2.149091,0.279088,0.110192,0.003581,13693.130811,17.701724
3.120000,22.000000,3.890875,2.152204,0.279181,0.110227,0.003585,13688.314631,17.695498
3.130000,22.000000,3.912412,2.155319,0.279274,0.110263,0.003589,13683.496181,17.689269
3.140000,22.000000,3.933981,2.158435,0.279368,0.110299,0.003592,13678.675471,17.683037
3.150000,22.000000,3.955581,2.161552,0.279461,0.110335,0.003596,13673.852510,17.676802
3.160000,22.000000,3.977212,2.164671,0.279555,0.110371,0.003600,13669.027307,17.670564
3.170000,22.000000,3.998874,2.167791,0.279648,0.110407,0.003604,13664.199871,17.664324
3.180000,22.000000,4.020568,2.170913,0.279742,0.110443,0.003608,13659.370213,17.658080
3.190000,22.000000,4.042293,2.174036,0.279836,0.110479,0.003612,13654.538341,17.651834
3.200000,22.000000,4.064049,2.177161,0.279930,0.110515,0.003616,13649.704265,17.645585
3.210000,22.000000,4.085836,2.180287,0.280024,0.110552,0.003620,13644.867995,17.639332
3.220000,22.000000,4.107654,2.183414,0.280119,0.110588,0.003624,13640.029539,17.633078
3.230000,22.000000,4.129504,2.186543,0.280213,0.110624,0.003628,13635.188907,17.626820
3.240000,22.000000,4.151385,2.189673,0.280307,0.110660,0.003632,13630.346108,17.620559
3.250000,22.000000,4.173298,2.192805,0.280402,0.110697,0.003636,13625.501152,17.614296
3.260000,22.000000,4.195241,2.195938,0.280496,0.110733,0.003639,13620.654049,17.608030
3.270000,22.000000,4.217216,2.199072,0.280591,0.110770,0.003643,13615.804807,17.601761
3.280000,22.000000,4.239223,2.202208,0.280686,0.110806,0.003647,13610.953436,17.595490
3.290000,22.000000,4.261261,2.205345,0.280781,0.110842,0.003651,13606.099946,17.589215
3.300000,22.000000,4.283330,2.208484,0.280876,0.110879,0.003655,13601.244346,17.582938
3.310000,22.000000,4.305430,2.211624,0.280971,0.110916,0.003659,13596.386646,17.576658
3.320000,22.000000,4.327562,2.214765,0.281066,0.110952,0.003663,13591.526854,17.570376
3.330000,22.000000,4.349726,2.217907,0.281162,0.110989,0.003667,13586.664981,17.564091
3.340000,22.000000,4.371920,2.221051,0.281257,0.111025,0.003671,13581.801035,17.557803
3.350000,22.000000,4.394147,2.224197,0.281353,0.111062,0.003674,13576.935027,17.551512
3.360000,22.000000,4.416404,2.227343,0.281448,0.111099,0.003678,13572.066965,17.545219
3.370000,22.000000,4.438693,2.230491,0.281544,0.111136,0.003682,13567.196860,17.538923
3.380000,22.000000,4.461014,2.233640,0.281640,0.111173,0.003686,13562.324720,17.532625
3.390000,22.000000,4.483366,2.236791,0.281736,0.111209,0.003690,13557.450556,17.526324
3.400000,22.000000,4.505750,2.239943,0.281832,0.111246,0.003694,13552.574376,17.520020
3.410000,22.000000,4.528165,2.243096,0.281928,0.111283,0.003698,13547.696190,17.513714
3.420000,22.000000,4.550612,2.246250,0.282025,0.111320,0.003702,13542.816008,17.507405
3.430000,22.000000,4.573090,2.249406,0.282121,0.111357,0.003705,13537.933839,17.501094
3.440000,22.000000,4.595600,2.252563,0.282218,0.111394,0.003709,13533.049693,17.494780
3.450000,22.000000,4.618141,2.255721,0.282314,0.111432,0.003713,13528.163579,17.488463
3.460000,22.000000,4.640714,2.258880,0.282411,0.111469,0.003717,13523.275506,17.482144
3.470000,22.000000,4.663319,2.262041,0.282508,0.111506,0.003721,13518.385485,17.475823
3.480000,22.000000,4.685955,2.265203,0.282605,0.111543,0.003725,13513.493524,17.469499
3.490000,22.000000,4.708623,2.268366,0.282702,0.111580,0.003729,13508.599633,17.463172
3.500000,22.000000,4.731323,2.271531,0.282799,0.111618,0.003732,13503.703822,17.456843
3.510000,22.000000,4.754054,2.274697,0.282896,0.111655,0.003736,13498.806101,17.450512
3.520000,22.000000,4.776817,2.277864,0.282993,0.111692,0.003740,13493.906477,17.444178
3.530000,22.000000,4.799611,2.281032,0.283091,0.111730,0.003744,13489.004963,17.437841
3.540000,22.000000,4.822437,2.284201,0.283188,0.111767,0.003748,13484.101565,17.431502
3.550000,22.000000,4.845295,2.287372,0.283286,0.111805,0.003752,13479.196295,17.425161
3.560000,22.000000,4.868185,2.290544,0.283384,0.111842,0.003755,13474.289162,17.418818
3.570000,22.000000,4.891106,2.293717,0.283481,0.111880,0.003759,13469.380176,17.412471
3.580000,22.000000,4.914059,2.296891,0.283579,0.111918,0.003763,13464.469345,17.406123
3.590000,22.000000,4.937044,2.300066,0.283677,0.111955,0.003767,13459.556679,17.399772
3.600000,22.000000,4.960060,2.303243,0.283776,0.111993,0.003771,13454.642189,17.393419
3.610000,22.000000,4.983109,2.306421,0.283874,0.112031,0.003775,13449.725883,17.387063
3.620000,22.000000,5.006189,2.309599,0.283972,0.112068,0.003778,13444.807771,17.380706
3.630000,22.000000,5.029301,2.312780,0.284071,0.112106,0.003782,13439.887863,17.374345
3.640000,22.000000,5.052444,2.315961,0.284169,0.112144,0.003786,13434.966167,17.367983
3.650000,22.000000,5.075620,2.319143,0.284268,0.112182,0.003790,13430.042695,17.361618
3.660000,22.000000,5.098827,2.322327,0.284367,0.112220,0.003794,13425.117454,17.355251
3.670000,22.000000,5.122066,2.325511,0.284465,0.112258,0.003797,13420.190456,17.348882
3.680000,22.000000,5.145337,2.328697,0.284564,0.112296,0.003801,13415.261708,17.342510
3.690000,22.000000,5.168640,2.331884,0.284663,0.112334,0.003805,13410.331222,17.336136
3.700000,22.000000,5.191975,2.335072,0.284763,0.112372,0.003809,13405.399006,17.329760
3.710000,22.000000,5.215342,2.338261,0.284862,0.112410,0.003813,13400.465070,17.323382
3.720000,22.000000,5.238740,2.341451,0.284961,0.112448,0.003816,13395.529423,17.317001
3.730000,22.000000,5.262171,2.344643,0.285061,0.112486,0.003820,13390.592076,17.310619
3.740000,22.000000,5.285633,2.347835,0.285160,0.112525,0.003824,13385.653037,17.304234
3.750000,22.000000,5.309127,2.351029,0.285260,0.112563,0.003828,13380.712317,17.297847
3.760000,22.000000,5.332654,2.354223,0.285360,0.112601,0.003832,13375.769924,17.291457
3.770000,22.000000,5.356212,2.357419,0.285460,0.112639,0.003835,13370.825868,17.285066
3.780000,22.000000,5.379802,2.360616,0.285560,0.112678,0.003839,13365.880160,17.278672
3.790000,22.000000,5.403424,2.363814,0.285660,0.112716,0.003843,13360.932807,17.272277
3.800000,22.000000,5.427078,2.367013,0.285760,0.112755,0.003847,13355.983821,17.265879
3.810000,22.000000,5.450765,2.370212,0.285860,0.112793,0.003850,13351.033210,17.259479
3.820000,22.000000,5.474483,2.373413,0.285961,0.112832,0.003854,13346.080985,17.253077
3.830000,22.000000,5.498233,2.376615,0.286061,0.112870,0.003858,13341.127154,17.246673
3.840000,22.000000,5.522015,2.379818,0.286162,0.112909,0.003862,13336.171727,17.240267
3.850000,22.000000,5.545829,2.383023,0.286262,0.112947,0.003866,13331.214714,17.233859
3.860000,22.000000,5.569675,2.386228,0.286363,0.112986,0.003869,13326.256124,17.227449
3.870000,22.000000,5.593554,2.389434,0.286464,0.113025,0.003873,13321.295967,17.221036
3.880000,22.000000,5.617464,2.392641,0.286565,0.113064,0.003877,13316.334252,17.214622
3.890000,22.000000,5.641407,2.395849,0.286666,0.113102,0.003881,13311.370990,17.208206
3.900000,22.000000,5.665381,2.399058,0.286767,0.113141,0.003884,13306.406189,17.201788
3.910000,22.000000,5.689388,2.402268,0.286869,0.113180,0.003888,13301.439859,17.195367
3.920000,22.000000,5.713426,2.405479,0.286970,0.113219,0.003892,13296.472009,17.188945
3.930000,22.000000,5.737497,2.408691,0.287071,0.113258,0.003896,13291.502650,17.182521
3.940000,22.000000,5.761600,2.411904,0.287173,0.113297,0.003899,13286.531791,17.176095
3.950000,22.000000,5.785735,2.415118,0.287275,0.113336,0.003903,13281.559440,17.169667
3.960000,22.000000,5.809903,2.418333,0.287377,0.113375,0.003907,13276.585609,17.163237
3.970000,22.000000,5.834102,2.421549,0.287478,0.113414,0.003910,13271.610306,17.156805
3.980000,22.000000,5.858334,2.424766,0.287580,0.113453,0.003914,13266.633540,17.150372
3.990000,22.000000,5.882597,2.427984,0.287683,0.113492,0.003918,13261.655322,17.143936
4.000000,22.000000,5.906893,2.431202,0.287785,0.113531,0.003922,13256.675661,17.137499
4.010000,22.000000,5.931221,2.434422,0.287887,0.113571,0.003925,13251.694567,17.131060
4.020000,22.000000,5.955582,2.437642,0.287989,0.113610,0.003929,13246.712048,17.124618
4.030000,22.000000,5.979974,2.440864,0.288092,0.113649,0.003933,13241.728115,17.118175
4.040000,22.000000,6.004399,2.444086,0.288194,0.113689,0.003936,13236.742778,17.111731
4.050000,22.000000,6.028856,2.447310,0.288297,0.113728,0.003940,13231.756044,17.105284
4.060000,22.000000,6.053345,2.450534,0.288400,0.113767,0.003944,13226.767925,17.098836
4.070000,22.000000,6.077867,2.453759,0.288503,0.113807,0.003948,13221.778430,17.092386
4.080000,22.000000,6.102420,2.456985,0.288606,0.113846,0.003951,13216.787567,17.085934
4.090000,22.000000,6.127006,2.460212,0.288709,0.113886,0.003955,13211.795347,17.079480
4.100000,22.000000,6.151625,2.463439,0.288812,0.113926,0.003959,13206.801780,17.073025
4.110000,22.000000,6.176275,2.466668,0.288915,0.113965,0.003962,13201.806874,17.066567
4.120000,22.000000,6.200958,2.469897,0.289019,0.114005,0.003966,13196.810639,17.060109
4.130000,22.000000,6.225673,2.473128,0.289122,0.114044,0.003970,13191.813085,17.053648
4.140000,22.000000,6.250421,2.476359,0.289226,0.114084,0.003973,13186.814222,17.047186
4.150000,22.000000,6.275200,2.479591,0.289330,0.114124,0.003977,13181.814058,17.040722
4.160000,22.000000,6.300012,2.482823,0.289433,0.114164,0.003981,13176.812603,17.034256
4.170000,22.000000,6.324857,2.486057,0.289537,0.114204,0.003984,13171.809867,17.027789
4.180000,22.000000,6.349734,2.489291,0.289641,0.114243,0.003988,13166.805859,17.021320
4.190000,22.000000,6.374643,2.492527,0.289745,0.114283,0.003992,13161.800588,17.014850
4.200000,22.000000,6.399584,2.495763,0.289850,0.114323,0.003995,13156.794065,17.008377
4.210000,22.000000,6.424558,2.499000,0.289954,0.114363,0.003999,13151.786298,17.001904
4.220000,22.000000,6.449564,2.502237,0.290058,0.114403,0.004003,13146.777298,16.995428
4.230000,22.000000,6.474603,2.505476,0.290163,0.114443,0.004006,13141.767073,16.988951
4.240000,22.000000,6.499674,2.508715,0.290267,0.114483,0.004010,13136.755633,16.982473
4.250000,22.000000,6.524777,2.511955,0.290372,0.114523,0.004014,13131.742987,16.975993
4.260000,22.000000,6.549913,2.515196,0.290477,0.114564,0.004017,13126.729146,16.969511
4.270000,22.000000,6.575081,2.518437,0.290582,0.114604,0.004021,13121.714117,16.963028
4.280000,22.000000,6.600281,2.521680,0.290687,0.114644,0.004025,13116.697912,16.956543
4.290000,22.000000,6.625514,2.524923,0.290792,0.114684,0.004028,13111.680539,16.950057
4.300000,22.000000,6.650780,2.528167,0.290897,0.114725,0.004032,13106.662007,16.943569
4.310000,22.000000,6.676078,2.531411,0.291002,0.114765,0.004036,13101.642327,16.937080
4.320000,22.000000,6.701408,2.534656,0.291107,0.114805,0.004039,13096.621507,16.930590
4.330000,22.000000,6.726771,2.537903,0.291213,0.114846,0.004043,13091.599558,16.924098
4.340000,22.000000,6.752166,2.541149,0.291318,0.114886,0.004046,13086.576487,16.917604
4.350000,22.000000,6.777594,2.544397,0.291424,0.114927,0.004050,13081.552306,16.911109
4.360000,22.000000,6.803054,2.547645,0.291530,0.114967,0.004054,13076.527023,16.904613
4.370000,22.000000,6.828547,2.550894,0.291636,0.115008,0.004057,13071.500647,16.898115
4.380000,22.000000,6.854072,2.554143,0.291742,0.115048,0.004061,13066.473189,16.891616
4.390000,22.000000,6.879630,2.557394,0.291848,0.115089,0.004064,13061.444657,16.885115
4.400000,22.000000,6.905220,2.560645,0.291954,0.115130,0.004068,13056.415060,16.878613
4.410000,22.000000,6.930843,2.563896,0.292060,0.115170,0.004072,13051.384409,16.872110
4.420000,22.000000,6.956498,2.567149,0.292166,0.115211,0.004075,13046.352713,16.865605
4.430000,22.000000,6.982186,2.570402,0.292273,0.115252,0.004079,13041.319980,16.859099
4.440000,22.000000,7.007906,2.573655,0.292379,0.115293,0.004082,13036.286221,16.852592
4.450000,22.000000,7.033659,2.576910,0.292486,0.115333,0.004086,13031.251445,16.846083
4.460000,22.000000,7.059444,2.580165,0.292593,0.115374,0.004090,13026.215660,16.839573
4.470000,22.000000,7.085262,2.583420,0.292700,0.115415,0.004093,13021.178877,16.833062
4.480000,22.000000,7.111112,2.586677,0.292807,0.115456,0.004097,13016.141105,16.826549
4.490000,22.000000,7.136995,2.589934,0.292914,0.115497,0.004100,13011.102353,16.820035
4.500000,22.000000,7.162911,2.593191,0.293021,0.115538,0.004104,13006.062630,16.813520
4.510000,22.000000,7.188859,2.596449,0.293128,0.115579,0.004107,13001.021946,16.807004
4.520000,22.000000,7.214840,2.599708,0.293235,0.115620,0.004111,12995.980310,16.800486
4.530000,22.000000,7.240853,2.602967,0.293343,0.115661,0.004115,12990.937731,16.793967
4.540000,22.000000,7.266899,2.606227,0.293450,0.115703,0.004118,12985.894219,16.787448
4.550000,22.000000,7.292978,2.609488,0.293558,0.115744,0.004122,12980.849783,16.780926
4.560000,22.000000,7.319089,2.612749,0.293665,0.115785,0.004125,12975.804432,16.774404
4.570000,22.000000,7.345233,2.616011,0.293773,0.115826,0.004129,12970.758176,16.767880
4.580000,22.000000,7.371409,2.619273,0.293881,0.115868,0.004132,12965.711024,16.761356
4.590000,22.000000,7.397618,2.622536,0.293989,0.115909,0.004136,12960.662984,16.754830
4.600000,22.000000,7.423860,2.625800,0.294097,0.115950,0.004139,12955.614067,16.748303
4.610000,22.000000,7.450134,2.629064,0.294205,0.115992,0.004143,12950.564282,16.741775
4.620000,22.000000,7.476441,2.632328,0.294314,0.116033,0.004146,12945.513638,16.735246
4.630000,22.000000,7.502781,2.635593,0.294422,0.116075,0.004150,12940.462144,16.728715
4.640000,22.000000,7.529153,2.638859,0.294530,0.116116,0.004153,12935.409809,16.722184
4.650000,22.000000,7.555558,2.642125,0.294639,0.116158,0.004157,12930.356642,16.715652
4.660000,22.000000,7.581996,2.645392,0.294748,0.116199,0.004160,12925.302654,16.709118
4.670000,22.000000,7.608466,2.648659,0.294856,0.116241,0.004164,12920.247852,16.702584
4.680000,22.000000,7.634969,2.651927,0.294965,0.116283,0.004167,12915.192247,16.696048
4.690000,22.000000,7.661505,2.655195,0.295074,0.116324,0.004171,12910.135847,16.689511
4.700000,22.000000,7.688073,2.658464,0.295183,0.116366,0.004174,12905.078662,16.682974
4.710000,22.000000,7.714674,2.661733,0.295292,0.116408,0.004178,12900.020701,16.676435
4.720000,22.000000,7.741308,2.665003,0.295402,0.116450,0.004181,12894.961973,16.669895
4.730000,22.000000,7.767974,2.668274,0.295511,0.116491,0.004185,12889.902486,16.663355
4.740000,22.000000,7.794673,2.671544,0.295620,0.116533,0.004188,12884.842252,16.656813
4.750000,22.000000,7.821405,2.674816,0.295730,0.116575,0.004192,12879.781277,16.650271
4.760000,22.000000,7.848169,2.678087,0.295839,0.116617,0.004195,12874.719572,16.643727
4.770000,22.000000,7.874967,2.681360,0.295949,0.116659,0.004199,12869.657147,16.637183
4.780000,22.000000,7.901797,2.684632,0.296059,0.116701,0.004202,12864.594008,16.630637
4.790000,22.000000,7.928659,2.687905,0.296169,0.116743,0.004206,12859.530167,16.624091
4.800000,22.000000,7.955555,2.691179,0.296279,0.116785,0.004209,12854.465632,16.617544
4.810000,22.000000,7.982483,2.694453,0.296389,0.116827,0.004213,12849.400413,16.610996
4.820000,22.000000,8.009444,2.697727,0.296499,0.116869,0.004216,12844.334517,16.604447
4.830000,22.000000,8.036437,2.701002,0.296609,0.116912,0.004220,12839.267955,16.597897
4.840000,22.000000,8.063464,2.704278,0.296720,0.116954,0.004223,12834.200736,16.591347
4.850000,22.000000,8.090523,2.707553,0.296830,0.116996,0.004227,12829.132868,16.584795
4.860000,22.000000,8.117615,2.710829,0.296941,0.117038,0.004230,12824.064361,16.578243
4.870000,22.000000,8.144740,2.714106,0.297051,0.117081,0.004233,12818.995223,16.571690
4.880000,22.000000,8.171897,2.717383,0.297162,0.117123,0.004237,12813.925464,16.565136
4.890000,22.000000,8.199087,2.720660,0.297273,0.117165,0.004240,12808.855093,16.558581
4.900000,22.000000,8.226310,2.723938,0.297384,0.117208,0.004244,12803.784119,16.552026
4.910000,22.000000,8.253566,2.727216,0.297495,0.117250,0.004247,12798.712550,16.545469
4.920000,22.000000,8.280854,2.730495,0.297606,0.117293,0.004251,12793.640397,16.538912
4.930000,22.000000,8.308176,2.733774,0.297717,0.117335,0.004254,12788.567667,16.532355
4.940000,22.000000,8.335530,2.737053,0.297828,0.117378,0.004257,12783.494369,16.525796
4.950000,22.000000,8.362917,2.740332,0.297940,0.117421,0.004261,12778.420514,16.519237
4.960000,22.000000,8.390337,2.743612,0.298051,0.117463,0.004264,12773.346109,16.512677
4.970000,22.000000,8.417789,2.746893,0.298163,0.117506,0.004268,12768.271164,16.506116
4.980000,22.000000,8.445274,2.750173,0.298274,0.117548,0.004271,12763.195688,16.499555
4.990000,22.000000,8.472793,2.753454,0.298386,0.117591,0.004274,12758.119689,16.492993
5.000000,22.000000,8.500344,2.756736,0.298498,0.117634,0.004278,12753.043177,16.486431
5.010000,22.000000,8.527927,2.760017,0.298610,0.117677,0.004281,12747.966160,16.479867
5.020000,22.000000,8.555544,2.763299,0.298722,0.117720,0.004285,12742.888648,16.473303
5.030000,22.000000,8.583193,2.766581,0.298834,0.117762,0.004288,12737.810649,16.466739
5.040000,22.000000,8.610876,2.769864,0.298946,0.117805,0.004291,12732.732172,16.460174
5.050000,22.000000,8.638591,2.773147,0.299059,0.117848,0.004295,12727.653226,16.453608
5.060000,22.000000,8.666338,2.776430,0.299171,0.117891,0.004298,12722.573819,16.447041
5.070000,22.000000,8.694119,2.779714,0.299283,0.117934,0.004301,12717.493962,16.440474
5.080000,22.000000,8.721933,2.782997,0.299396,0.117977,0.004305,12712.413662,16.433907
5.090000,22.000000,8.749779,2.786281,0.299509,0.118020,0.004308,12707.332929,16.427339
5.100000,22.000000,8.777658,2.789566,0.299622,0.118063,0.004312,12702.251771,16.420770
5.110000,22.000000,8.805570,2.792850,0.299734,0.118107,0.004315,12697.170197,16.414201
5.120000,22.000000,8.833515,2.796135,0.299847,0.118150,0.004318,12692.088216,16.407631
5.130000,22.000000,8.861493,2.799420,0.299960,0.118193,0.004322,12687.005837,16.401061
5.140000,22.000000,8.889504,2.802706,0.300074,0.118236,0.004325,12681.923068,16.394490
5.150000,22.000000,8.917547,2.805991,0.300187,0.118279,0.004328,12676.839918,16.387919
5.160000,22.000000,8.945624,2.809277,0.300300,0.118323,0.004332,12671.756397,16.381347
5.170000,22.000000,8.973733,2.812563,0.300413,0.118366,0.004335,12666.672512,16.374775
5.180000,22.000000,9.001875,2.815849,0.300527,0.118409,0.004338,12661.588273,16.368203
5.190000,22.000000,9.030050,2.819136,0.300641,0.118453,0.004342,12656.503688,16.361630
5.200000,22.000000,9.058258,2.822423,0.300754,0.118496,0.004345,12651.418766,16.355056
5.210000,22.000000,9.086498,2.825710,0.300868,0.118540,0.004348,12646.333516,16.348482
5.220000,22.000000,9.114772,2.828997,0.300982,0.118583,0.004351,12641.247947,16.341908
5.230000,22.000000,9.143078,2.832284,0.301096,0.118627,0.004355,12636.162066,16.335333
5.240000,22.000000,9.171417,2.835572,0.301210,0.118670,0.004358,12631.075883,16.328758
5.250000,22.000000,9.199790,2.838859,0.301324,0.118714,0.004361,12625.989407,16.322182
5.260000,22.000000,9.228195,2.842147,0.301438,0.118758,0.004365,12620.902646,16.315607
5.270000,22.000000,9.256633,2.845436,0.301553,0.118801,0.004368,12615.815608,16.309030
5.280000,22.000000,9.285103,2.848724,0.301667,0.118845,0.004371,12610.728303,16.302454
5.290000,22.000000,9.313607,2.852012,0.301781,0.118889,0.004375,12605.640739,16.295877
5.300000,22.000000,9.342144,2.855301,0.301896,0.118932,0.004378,12600.552925,16.289300
5.310000,22.000000,9.370713,2.858590,0.302011,0.118976,0.004381,12595.464868,16.282722
5.320000,22.000000,9.399315,2.861879,0.302125,0.119020,0.004384,12590.376579,16.276144
5.330000,22.000000,9.427951,2.865168,0.302240,0.119064,0.004388,12585.288065,16.269566
5.340000,22.000000,9.456619,2.868457,0.302355,0.119108,0.004391,12580.199335,16.262988
5.350000,22.000000,9.485320,2.871746,0.302470,0.119152,0.004394,12575.110397,16.256409
5.360000,22.000000,9.514054,2.875036,0.302585,0.119196,0.004397,12570.021261,16.249830
5.370000,22.000000,9.542820,2.878325,0.302701,0.119240,0.004401,12564.931934,16.243251
5.380000,22.000000,9.571620,2.881615,0.302816,0.119284,0.004404,12559.842425,16.236671
5.390000,22.000000,9.600453,2.884905,0.302931,0.119328,0.004407,12554.752743,16.230092
5.400000,22.000000,9.629318,2.888195,0.303047,0.119372,0.004410,12549.662896,16.223512
5.410000,22.000000,9.658217,2.891485,0.303162,0.119416,0.004414,12544.572892,16.216932
5.420000,22.000000,9.687148,2.894775,0.303278,0.119460,0.004417,12539.482741,16.210351
5.430000,22.000000,9.716112,2.898065,0.303394,0.119504,0.004420,12534.392450,16.203771
5.440000,22.000000,9.745109,2.901355,0.303510,0.119548,0.004423,12529.302028,16.197190
5.450000,22.000000,9.774139,2.904646,0.303625,0.119593,0.004426,12524.211483,16.190610
5.460000,22.000000,9.803202,2.907936,0.303742,0.119637,0.004430,12519.120825,16.184029
5.470000,22.000000,9.832298,2.911227,0.303858,0.119681,0.004433,12514.030060,16.177448
5.480000,22.000000,9.861427,2.914517,0.303974,0.119726,0.004436,12508.939198,16.170866
5.490000,22.000000,9.890588,2.917808,0.304090,0.119770,0.004439,12503.848247,16.164285
5.500000,22.000000,9.919783,2.921099,0.304206,0.119814,0.004442,12498.757216,16.157704
5.510000,22.000000,9.949010,2.924390,0.304323,0.119859,0.004446,12493.666112,16.151122
5.520000,22.000000,9.978271,2.927680,0.304439,0.119903,0.004449,12488.574944,16.144541
5.530000,22.000000,10.007564,2.930971,0.304556,0.119948,0.004452,12483.483720,16.137959
5.540000,22.000000,10.036890,2.934262,0.304673,0.119992,0.004455,12478.392450,16.131377
5.550000,22.000000,10.066249,2.937553,0.304790,0.120037,0.004458,12473.301140,16.124795
5.560000,22.000000,10.095641,2.940844,0.304906,0.120082,0.004462,12468.209800,16.118214
5.570000,22.000000,10.125066,2.944135,0.305023,0.120126,0.004465,12463.118437,16.111632
5.580000,22.000000,10.154524,2.947426,0.305140,0.120171,0.004468,12458.027060,16.105050
5.590000,22.000000,10.184015,2.950717,0.305258,0.120216,0.004471,12452.935677,16.098468
5.600000,22.000000,10.213538,2.954008,0.305375,0.120260,0.004474,12447.844297,16.091886
5.610000,22.000000,10.243095,2.957298,0.305492,0.120305,0.004477,12442.752927,16.085304
5.620000,22.000000,10.272684,2.960589,0.305610,0.120350,0.004481,12437.661576,16.078723
5.630000,22.000000,10.302307,2.963880,0.305727,0.120395,0.004484,12432.570252,16.072141
5.640000,22.000000,10.331962,2.967171,0.305845,0.120440,0.004487,12427.478963,16.065559
5.650000,22.000000,10.361650,2.970462,0.305962,0.120484,0.004490,12422.387718,16.058977
5.660000,22.000000,10.391371,2.973753,0.306080,0.120529,0.004493,12417.296524,16.052396
5.670000,22.000000,10.421125,2.977044,0.306198,0.120574,0.004496,12412.205390,16.045814
5.680000,22.000000,10.450912,2.980334,0.306316,0.120619,0.004499,12407.114324,16.039233
5.690000,22.000000,10.480732,2.983625,0.306434,0.120664,0.004502,12402.023333,16.032651
5.700000,22.000000,10.510584,2.986916,0.306552,0.120709,0.004506,12396.932427,16.026070
5.710000,22.000000,10.540470,2.990206,0.306670,0.120754,0.004509,12391.841613,16.019489
5.720000,22.000000,10.570388,2.993497,0.306788,0.120799,0.004512,12386.750899,16.012908
5.730000,22.000000,10.600340,2.996787,0.306907,0.120845,0.004515,12381.660293,16.006327
5.740000,22.000000,10.630324,3.000077,0.307025,0.120890,0.004518,12376.569804,15.999747
5.750000,22.000000,10.660341,3.003368,0.307144,0.120935,0.004521,12371.479440,15.993166
5.760000,22.000000,10.690392,3.006658,0.307262,0.120980,0.004524,12366.389207,15.986586
5.770000,22.000000,10.720475,3.009948,0.307381,0.121025,0.004527,12361.299115,15.980005
5.780000,22.000000,10.750591,3.013238,0.307500,0.121071,0.004530,12356.209172,15.973425
5.790000,22.000000,10.780739,3.016528,0.307619,0.121116,0.004533,12351.119385,15.966846
5.800000,22.000000,10.810921,3.019818,0.307738,0.121161,0.004536,12346.029762,15.960266
5.810000,22.000000,10.841136,3.023107,0.307857,0.121207,0.004540,12340.940312,15.953687
5.820000,22.000000,10.871383,3.026397,0.307976,0.121252,0.004543,12335.851043,15.947108
5.830000,22.000000,10.901664,3.029686,0.308095,0.121298,0.004546,12330.761961,15.940529
5.840000,22.000000,10.931977,3.032976,0.308214,0.121343,0.004549,12325.673076,15.933950
5.850000,22.000000,10.962323,3.036265,0.308334,0.121389,0.004552,12320.584394,15.927372
5.860000,22.000000,10.992702,3.039554,0.308453,0.121434,0.004555,12315.495925,15.920794
5.870000,22.000000,11.023114,3.042843,0.308573,0.121480,0.004558,12310.407675,15.914216
5.880000,22.000000,11.053559,3.046132,0.308693,0.121525,0.004561,12305.319654,15.907638
5.890000,22.000000,11.084037,3.049420,0.308812,0.121571,0.004564,12300.231867,15.901061
5.900000,22.000000,11.114548,3.052709,0.308932,0.121617,0.004567,12295.144324,15.894484
5.910000,22.000000,11.145091,3.055997,0.309052,0.121662,0.004570,12290.057033,15.887908
5.920000,22.000000,11.175667,3.059285,0.309172,0.121708,0.004573,12284.970000,15.881331
5.930000,22.000000,11.206277,3.062573,0.309292,0.121754,0.004576,12279.883234,15.874755
5.940000,22.000000,11.236919,3.065861,0.309412,0.121799,0.004579,12274.796743,15.868180
5.950000,22.000000,11.267594,3.069148,0.309532,0.121845,0.004582,12269.710534,15.861605
5.960000,22.000000,11.298302,3.072436,0.309653,0.121891,0.004585,12264.624615,15.855030
5.970000,22.000000,11.329043,3.075723,0.309773,0.121937,0.004588,12259.538994,15.848456
5.980000,22.000000,11.359816,3.079010,0.309894,0.121983,0.004591,12254.453678,15.841882
5.990000,22.000000,11.390623,3.082297,0.310014,0.122029,0.004594,12249.368676,15.835308
6.000000,22.000000,11.421462,3.085583,0.310135,0.122075,0.004597,12244.283995,15.828735
6.010000,22.000000,11.452335,3.088870,0.310255,0.122121,0.004600,12239.199642,15.822162
6.020000,22.000000,11.483240,3.092156,0.310376,0.122167,0.004603,12234.115625,15.815590
6.030000,22.000000,11.514178,3.095442,0.310497,0.122213,0.004606,12229.031953,15.809018
6.040000,22.000000,11.545149,3.098728,0.310618,0.122259,0.004609,12223.948631,15.802446
6.050000,22.000000,11.576152,3.102013,0.310739,0.122305,0.004612,12218.865669,15.795875
6.060000,22.000000,11.607189,3.105298,0.310860,0.122351,0.004615,12213.783074,15.789305
6.070000,22.000000,11.638258,3.108583,0.310982,0.122397,0.004618,12208.700853,15.782735
6.080000,22.000000,11.669360,3.111868,0.311103,0.122443,0.004621,12203.619014,15.776165
6.090000,22.000000,11.700496,3.115153,0.311224,0.122490,0.004624,12198.537565,15.769596
6.100000,22.000000,11.731663,3.118437,0.311346,0.122536,0.004627,12193.456512,15.763028
6.110000,22.000000,11.762864,3.121721,0.311467,0.122582,0.004630,12188.375864,15.756460
6.120000,22.000000,11.794098,3.125005,0.311589,0.122629,0.004633,12183.295628,15.749892
6.130000,22.000000,11.825364,3.128288,0.311711,0.122675,0.004636,12178.215811,15.743325
6.140000,22.000000,11.856664,3.131571,0.311832,0.122721,0.004638,12173.136422,15.736759
6.150000,22.000000,11.887996,3.134854,0.311954,0.122768,0.004641,12168.057467,15.730193
6.160000,22.000000,11.919361,3.138137,0.312076,0.122814,0.004644,12162.978954,15.723628
6.170000,22.000000,11.950759,3.141419,0.312198,0.122861,0.004647,12157.900890,15.717063
6.180000,22.000000,11.982189,3.144701,0.312320,0.122907,0.004650,12152.823283,15.710499
6.190000,22.000000,12.013653,3.147983,0.312443,0.122954,0.004653,12147.746141,15.703936
6.200000,22.000000,12.045149,3.151264,0.312565,0.123000,0.004656,12142.669469,15.697373
6.210000,22.000000,12.076678,3.154545,0.312687,0.123047,0.004659,12137.593277,15.690811
6.220000,22.000000,12.108240,3.157826,0.312810,0.123093,0.004662,12132.517571,15.684249
6.230000,22.000000,12.139834,3.161107,0.312932,0.123140,0.004665,12127.442359,15.677688
6.240000,22.000000,12.171462,3.164387,0.313055,0.123187,0.004668,12122.367648,15.671128
6.250000,22.000000,12.203122,3.167667,0.313178,0.123233,0.004670,12117.293445,15.664568
6.260000,22.000000,12.234815,3.170946,0.313300,0.123280,0.004673,12112.219758,15.658009
6.270000,22.000000,12.266541,3.174225,0.313423,0.123327,0.004676,12107.146593,15.651451
6.280000,22.000000,12.298300,3.177504,0.313546,0.123374,0.004679,12102.073959,15.644893
6.290000,22.000000,12.330091,3.180783,0.313669,0.123420,0.004682,12097.001862,15.638337
6.300000,22.000000,12.361915,3.184061,0.313792,0.123467,0.004685,12091.930310,15.631780
6.310000,22.000000,12.393772,3.187338,0.313915,0.123514,0.004688,12086.859309,15.625225
6.320000,22.000000,12.425662,3.190616,0.314039,0.123561,0.004690,12081.788868,15.618670
6.330000,22.000000,12.457585,3.193893,0.314162,0.123608,0.004693,12076.718993,15.612116
6.340000,22.000000,12.489540,3.197170,0.314285,0.123655,0.004696,12071.649692,15.605563
6.350000,22.000000,12.521528,3.200446,0.314409,0.123702,0.004699,12066.580971,15.599010
6.360000,22.000000,12.553549,3.203722,0.314532,0.123749,0.004702,12061.512837,15.592458
6.370000,22.000000,12.585602,3.206997,0.314656,0.123796,0.004705,12056.445299,15.585907
6.380000,22.000000,12.617689,3.210272,0.314780,0.123843,0.004708,12051.378363,15.579357
6.390000,22.000000,12.649808,3.213547,0.314904,0.123890,0.004710,12046.312035,15.572808
6.400000,22.000000,12.681960,3.216821,0.315028,0.123937,0.004713,12041.246324,15.566259
6.410000,22.000000,12.714144,3.220095,0.315151,0.123984,0.004716,12036.181236,15.559711
6.420000,22.000000,12.746362,3.223369,0.315276,0.124031,0.004719,12031.116779,15.553164
6.430000,22.000000,12.778612,3.226642,0.315400,0.124079,0.004722,12026.052958,15.546618
6.440000,22.000000,12.810894,3.229915,0.315524,0.124126,0.004724,12020.989783,15.540072
6.450000,22.000000,12.843210,3.233187,0.315648,0.124173,0.004727,12015.927258,15.533528
6.460000,22.000000,12.875558,3.236459,0.315773,0.124220,0.004730,12010.865392,15.526984
6.470000,22.000000,12.907939,3.239730,0.315897,0.124268,0.004733,12005.804191,15.520441
6.480000,22.000000,12.940353,3.243001,0.316021,0.124315,0.004736,12000.743662,15.513899
6.490000,22.000000,12.972799,3.246272,0.316146,0.124362,0.004738,11995.683812,15.507358
6.500000,22.000000,13.005278,3.249542,0.316271,0.124410,0.004741,11990.624649,15.500818
6.510000,22.000000,13.037790,3.252812,0.316395,0.124457,0.004744,11985.566179,15.494279
6.520000,22.000000,13.070334,3.256081,0.316520,0.124505,0.004747,11980.508408,15.487740
6.530000,22.000000,13.102912,3.259350,0.316645,0.124552,0.004749,11975.451344,15.481203
6.540000,22.000000,13.135521,3.262618,0.316770,0.124600,0.004752,11970.394994,15.474666
6.550000,22.000000,13.168164,3.265886,0.316895,0.124647,0.004755,11965.339365,15.468130
6.560000,22.000000,13.200839,3.269153,0.317020,0.124695,0.004758,11960.284463,15.461596
6.570000,22.000000,13.233547,3.272420,0.317146,0.124742,0.004760,11955.230295,15.455062
6.580000,22.000000,13.266288,3.275686,0.317271,0.124790,0.004763,11950.176868,15.448529
6.590000,22.000000,13.299061,3.278952,0.317396,0.124838,0.004766,11945.124188,15.441997
6.600000,22.000000,13.331867,3.282218,0.317522,0.124885,0.004769,11940.072263,15.435467
6.610000,22.000000,13.364705,3.285483,0.317647,0.124933,0.004771,11935.021100,15.428937
6.620000,22.000000,13.397576,3.288747,0.317773,0.124981,0.004774,11929.970704,15.422408
6.630000,22.000000,13.430480,3.292011,0.317899,0.125028,0.004777,11924.921083,15.415880
6.640000,22.000000,13.463416,3.295274,0.318024,0.125076,0.004779,11919.872243,15.409353
6.650000,22.000000,13.496386,3.298537,0.318150,0.125124,0.004782,11914.824192,15.402827
6.660000,22.000000,13.529387,3.301800,0.318276,0.125172,0.004785,11909.776935,15.396302
6.670000,22.000000,13.562422,3.305062,0.318402,0.125220,0.004788,11904.730479,15.389779
6.680000,22.000000,13.595488,3.308323,0.318528,0.125268,0.004790,11899.684832,15.383256
6.690000,22.000000,13.628588,3.311584,0.318654,0.125316,0.004793,11894.639999,15.376734
6.700000,22.000000,13.661720,3.314844,0.318780,0.125363,0.004796,11889.595988,15.370214
6.710000,22.000000,13.694885,3.318104,0.318907,0.125411,0.004798,11884.552804,15.363694
6.720000,22.000000,13.728082,3.321363,0.319033,0.125459,0.004801,11879.510455,15.357176
6.730000,22.000000,13.761312,3.324622,0.319160,0.125507,0.004804,11874.468946,15.350658
6.740000,22.000000,13.794575,3.327880,0.319286,0.125556,0.004806,11869.428286,15.344142
6.750000,22.000000,13.827870,3.331138,0.319413,0.125604,0.004809,11864.388479,15.337627
6.760000,22.000000,13.861197,3.334395,0.319539,0.125652,0.004812,11859.349532,15.331113
6.770000,22.000000,13.894558,3.337651,0.319666,0.125700,0.004814,11854.311453,15.324600
6.780000,22.000000,13.927950,3.340907,0.319793,0.125748,0.004817,11849.274247,15.318088
6.790000,22.000000,13.961376,3.344163,0.319920,0.125796,0.004820,11844.237922,15.311577
6.800000,22.000000,13.994834,3.347417,0.320047,0.125844,0.004822,11839.202482,15.305068
6.810000,22.000000,14.028324,3.350672,0.320174,0.125893,0.004825,11834.167936,15.298559
6.820000,22.000000,14.061847,3.353925,0.320301,0.125941,0.004827,11829.134288,15.292052
6.830000,22.000000,14.095403,3.357178,0.320428,0.125989,0.004830,11824.101546,15.285546
6.840000,22.000000,14.128991,3.360431,0.320555,0.126037,0.004833,11819.069717,15.279041
6.850000,22.000000,14.162611,3.363682,0.320683,0.126086,0.004835,11814.038805,15.272537
6.860000,22.000000,14.196264,3.366934,0.320810,0.126134,0.004838,11809.008818,15.266035
6.870000,22.000000,14.229950,3.370184,0.320938,0.126183,0.004841,11803.979763,15.259534
6.880000,22.000000,14.263668,3.373434,0.321065,0.126231,0.004843,11798.951644,15.253034
6.890000,22.000000,14.297419,3.376684,0.321193,0.126279,0.004846,11793.924470,15.246535
6.900000,22.000000,14.331202,3.379933,0.321320,0.126328,0.004848,11788.898245,15.240037
6.910000,22.000000,14.365017,3.383181,0.321448,0.126376,0.004851,11783.872976,15.233541
6.920000,22.000000,14.398865,3.386428,0.321576,0.126425,0.004854,11778.848670,15.227046
6.930000,22.000000,14.432746,3.389675,0.321704,0.126473,0.004856,11773.825332,15.220552
6.940000,22.000000,14.466659,3.392922,0.321832,0.126522,0.004859,11768.802969,15.214059
6.950000,22.000000,14.500604,3.396167,0.321960,0.126571,0.004861,11763.781588,15.207568
6.960000,22.000000,14.534582,3.399413,0.322088,0.126619,0.004864,11758.761193,15.201078
6.970000,22.000000,14.568593,3.402657,0.322217,0.126668,0.004866,11753.741792,15.194589
6.980000,22.000000,14.602635,3.405901,0.322345,0.126717,0.004869,11748.723391,15.188101
6.990000,22.000000,14.636711,3.409144,0.322473,0.126765,0.004872,11743.705995,15.181615
7.000000,22.000000,14.670818,3.412386,0.322602,0.126814,0.004874,11738.689611,15.175130
7.010000,22.000000,14.704958,3.415628,0.322730,0.126863,0.004877,11733.674244,15.168647
7.020000,22.000000,14.739131,3.418869,0.322859,0.126912,0.004879,11728.659902,15.162164
7.030000,22.000000,14.773336,3.422110,0.322987,0.126960,0.004882,11723.646590,15.155683
7.040000,22.000000,14.807573,3.425349,0.323116,0.127009,0.004884,11718.634314,15.149204
7.050000,22.000000,14.841843,3.428589,0.323245,0.127058,0.004887,11713.623080,15.142726
7.060000,22.000000,14.876145,3.431827,0.323374,0.127107,0.004889,11708.612894,15.136249
7.070000,22.000000,14.910479,3.435065,0.323503,0.127156,0.004892,11703.603762,15.129773
7.080000,22.000000,14.944846,3.438302,0.323632,0.127205,0.004894,11698.595690,15.123299
7.090000,22.000000,14.979245,3.441538,0.323761,0.127254,0.004897,11693.588685,15.116826
7.100000,22.000000,15.013677,3.444774,0.323890,0.127303,0.004899,11688.582751,15.110355
7.110000,22.000000,15.048141,3.448009,0.324019,0.127352,0.004902,11683.577895,15.103885
7.120000,22.000000,15.082637,3.451243,0.324149,0.127401,0.004904,11678.574123,15.097416
7.130000,22.000000,15.117166,3.454477,0.324278,0.127450,0.004907,11673.571441,15.090949
7.140000,22.000000,15.151726,3.457710,0.324407,0.127499,0.004909,11668.569855,15.084483
7.150000,22.000000,15.186320,3.460942,0.324537,0.127548,0.004912,11663.569370,15.078019
7.160000,22.000000,15.220945,3.464174,0.324667,0.127597,0.004914,11658.569993,15.071556
7.170000,22.000000,15.255603,3.467404,0.324796,0.127646,0.004917,11653.571728,15.065095
7.180000,22.000000,15.290293,3.470634,0.324926,0.127695,0.004919,11648.574583,15.058634
7.190000,22.000000,15.325016,3.473864,0.325056,0.127745,0.004922,11643.578562,15.052176
7.200000,22.000000,15.359771,3.477092,0.325186,0.127794,0.004924,11638.583673,15.045719
7.210000,22.000000,15.394558,3.480320,0.325316,0.127843,0.004927,11633.589919,15.039263
7.220000,22.000000,15.429377,3.483547,0.325446,0.127892,0.004929,11628.597308,15.032809
7.230000,22.000000,15.464229,3.486773,0.325576,0.127942,0.004931,11623.605844,15.026356
7.240000,22.000000,15.499113,3.489999,0.325706,0.127991,0.004934,11618.615534,15.019905
7.250000,22.000000,15.534029,3.493224,0.325836,0.128040,0.004936,11613.626383,15.013455
7.260000,22.000000,15.568977,3.496448,0.325966,0.128090,0.004939,11608.638398,15.007007
7.270000,22.000000,15.603958,3.499671,0.326097,0.128139,0.004941,11603.651582,15.000560
7.280000,22.000000,15.638970,3.502894,0.326227,0.128189,0.004944,11598.665944,14.994115
7.290000,22.000000,15.674015,3.506116,0.326358,0.128238,0.004946,11593.681487,14.987672
7.300000,22.000000,15.709093,3.509337,0.326488,0.128287,0.004948,11588.698217,14.981230
7.310000,22.000000,15.744202,3.512557,0.326619,0.128337,0.004951,11583.716141,14.974789
7.320000,22.000000,15.779344,3.515777,0.326750,0.128387,0.004953,11578.735263,14.968350
7.330000,22.000000,15.814518,3.518995,0.326880,0.128436,0.004956,11573.755590,14.961913
7.340000,22.000000,15.849724,3.522213,0.327011,0.128486,0.004958,11568.777127,14.955477
7.350000,22.000000,15.884962,3.525431,0.327142,0.128535,0.004960,11563.799879,14.949042
7.360000,22.000000,15.920232,3.528647,0.327273,0.128585,0.004963,11558.823852,14.942610
7.370000,22.000000,15.955535,3.531863,0.327404,0.128634,0.004965,11553.849051,14.936179
7.380000,22.000000,15.990870,3.535077,0.327535,0.128684,0.004968,11548.875482,14.929749
7.390000,22.000000,16.026236,3.538291,0.327667,0.128734,0.004970,11543.903151,14.923321
7.400000,22.000000,16.061635,3.541504,0.327798,0.128784,0.004972,11538.932062,14.916895
7.410000,22.000000,16.097067,3.544717,0.327929,0.128833,0.004975,11533.962222,14.910470
7.420000,22.000000,16.132530,3.547928,0.328061,0.128883,0.004977,11528.993635,14.904047
7.430000,22.000000,16.168025,3.551139,0.328192,0.128933,0.004979,11524.026307,14.897625
7.440000,22.000000,16.203553,3.554349,0.328324,0.128983,0.004982,11519.060244,14.891205
7.450000,22.000000,16.239112,3.557558,0.328455,0.129032,0.004984,11514.095451,14.884787
7.460000,22.000000,16.274704,3.560767,0.328587,0.129082,0.004987,11509.131933,14.878371
7.470000,22.000000,16.310327,3.563974,0.328719,0.129132,0.004989,11504.169695,14.871956
7.480000,22.000000,16.345983,3.567181,0.328850,0.129182,0.004991,11499.208743,14.865543
7.490000,22.000000,16.381671,3.570386,0.328982,0.129232,0.004994,11494.249083,14.859131
7.500000,22.000000,16.417391,3.573591,0.329114,0.129282,0.004996,11489.290719,14.852721
7.510000,22.000000,16.453143,3.576796,0.329246,0.129332,0.004998,11484.333656,14.846313
7.520000,22.000000,16.488927,3.579999,0.329378,0.129382,0.005001,11479.377901,14.839906
7.530000,22.000000,16.524743,3.583201,0.329510,0.129432,0.005003,11474.423457,14.833502
7.540000,22.000000,16.560591,3.586403,0.329643,0.129482,0.005005,11469.470332,14.827098
7.550000,22.000000,16.596471,3.589604,0.329775,0.129532,0.005007,11464.518529,14.820697
7.560000,22.000000,16.632383,3.592803,0.329907,0.129582,0.005010,11459.568053,14.814297
7.570000,22.000000,16.668327,3.596002,0.330040,0.129632,0.005012,11454.618911,14.807899
7.580000,22.000000,16.704303,3.599201,0.330172,0.129682,0.005014,11449.671107,14.801503
7.590000,22.000000,16.740311,3.602398,0.330305,0.129733,0.005017,11444.724646,14.795109
7.600000,22.000000,16.776351,3.605594,0.330437,0.129783,0.005019,11439.779534,14.788716
7.610000,22.000000,16.812423,3.608790,0.330570,0.129833,0.005021,11434.835775,14.782325
7.620000,22.000000,16.848527,3.611984,0.330703,0.129883,0.005023,11429.893375,14.775935
7.630000,22.000000,16.884663,3.615178,0.330836,0.129933,0.005026,11424.952339,14.769548
7.640000,22.000000,16.920830,3.618371,0.330968,0.129984,0.005028,11420.012671,14.763162
7.650000,22.000000,16.957030,3.621563,0.331101,0.130034,0.005030,11415.074377,14.756778
7.660000,22.000000,16.993262,3.624754,0.331234,0.130084,0.005032,11410.137462,14.750396
7.670000,22.000000,17.029525,3.627944,0.331368,0.130135,0.005035,11405.201931,14.744016
7.680000,22.000000,17.065820,3.631134,0.331501,0.130185,0.005037,11400.267789,14.737637
7.690000,22.000000,17.102148,3.634322,0.331634,0.130235,0.005039,11395.335041,14.731260
7.700000,22.000000,17.138507,3.637510,0.331767,0.130286,0.005041,11390.403691,14.724885
7.710000,22.000000,17.174898,3.640696,0.331900,0.130336,0.005044,11385.473746,14.718512
7.720000,22.000000,17.211321,3.643882,0.332034,0.130387,0.005046,11380.545208,14.712141
7.730000,22.000000,17.247776,3.647067,0.332167,0.130437,0.005048,11375.618085,14.705771
7.740000,22.000000,17.284262,3.650250,0.332301,0.130488,0.005050,11370.692380,14.699404
7.750000,22.000000,17.320781,3.653433,0.332434,0.130538,0.005053,11365.768098,14.693038
7.760000,22.000000,17.357331,3.656615,0.332568,0.130589,0.005055,11360.845245,14.686674
7.770000,22.000000,17.393913,3.659796,0.332702,0.130639,0.005057,11355.923824,14.680312
7.780000,22.000000,17.430527,3.662977,0.332836,0.130690,0.005059,11351.003842,14.673951
7.790000,22.000000,17.467172,3.666156,0.332970,0.130740,0.005061,11346.085302,14.667593
7.800000,22.000000,17.503850,3.669334,0.333103,0.130791,0.005064,11341.168210,14.661236
7.810000,22.000000,17.540559,3.672511,0.333237,0.130842,0.005066,11336.252570,14.654882
7.820000,22.000000,17.577300,3.675688,0.333371,0.130892,0.005068,11331.338387,14.648529
7.830000,22.000000,17.614073,3.678863,0.333506,0.130943,0.005070,11326.425666,14.642178
7.840000,22.000000,17.650877,3.682038,0.333640,0.130994,0.005072,11321.514412,14.635829
7.850000,22.000000,17.687714,3.685211,0.333774,0.131044,0.005074,11316.604629,14.629482
7.860000,22.000000,17.724582,3.688384,0.333908,0.131095,0.005077,11311.696321,14.623137
7.870000,22.000000,17.761481,3.691556,0.334043,0.131146,0.005079,11306.789495,14.616794
7.880000,22.000000,17.798413,3.694726,0.334177,0.131197,0.005081,11301.884154,14.610452
7.890000,22.000000,17.835376,3.697896,0.334312,0.131248,0.005083,11296.980303,14.604113
7.900000,22.000000,17.872371,3.701065,0.334446,0.131298,0.005085,11292.077946,14.597775
7.910000,22.000000,17.909397,3.704233,0.334581,0.131349,0.005087,11287.177089,14.591440
7.920000,22.000000,17.946455,3.707399,0.334715,0.131400,0.005090,11282.277735,14.585106
7.930000,22.000000,17.983545,3.710565,0.334850,0.131451,0.005092,11277.379890,14.578774
7.940000,22.000000,18.020666,3.713730,0.334985,0.131502,0.005094,11272.483559,14.572445
7.950000,22.000000,18.057820,3.716894,0.335120,0.131553,0.005096,11267.588744,14.566117
7.960000,22.000000,18.095004,3.720057,0.335255,0.131604,0.005098,11262.695452,14.559791
7.970000,22.000000,18.132221,3.723219,0.335390,0.131655,0.005100,11257.803686,14.553467
7.980000,22.000000,18.169469,3.726380,0.335525,0.131706,0.005102,11252.913452,14.547146
7.990000,22.000000,18.206748,3.729540,0.335660,0.131757,0.005104,11248.024753,14.540826
8.000000,22.000000,18.244060,3.732699,0.335795,0.131808,0.005106,11243.137595,14.534508
8.010000,22.000000,18.281402,3.735857,0.335930,0.131859,0.005109,11238.251981,14.528192
8.020000,22.000000,18.318777,3.739014,0.336066,0.131910,0.005111,11233.367916,14.521878
8.030000,22.000000,18.356183,3.742169,0.336201,0.131961,0.005113,11228.485404,14.515566
8.040000,22.000000,18.393620,3.745324,0.336337,0.132012,0.005115,11223.604451,14.509257
8.050000,22.000000,18.431089,3.748478,0.336472,0.132064,0.005117,11218.725059,14.502949
8.060000,22.000000,18.468590,3.751631,0.336608,0.132115,0.005119,11213.847235,14.496643
8.070000,22.000000,18.506122,3.754783,0.336743,0.132166,0.005121,11208.970981,14.490339
8.080000,22.000000,18.543685,3.757934,0.336879,0.132217,0.005123,11204.096303,14.484037
8.090000,22.000000,18.581280,3.761084,0.337015,0.132268,0.005125,11199.223205,14.477738
8.100000,22.000000,18.618907,3.764233,0.337150,0.132320,0.005127,11194.351690,14.471440
8.110000,22.000000,18.656565,3.767380,0.337286,0.132371,0.005129,11189.481764,14.465145
8.120000,22.000000,18.694255,3.770527,0.337422,0.132422,0.005131,11184.613431,14.458851
8.130000,22.000000,18.731976,3.773673,0.337558,0.132474,0.005133,11179.746694,14.452560
8.140000,22.000000,18.769728,3.776818,0.337694,0.132525,0.005135,11174.881559,14.446270
8.150000,22.000000,18.807512,3.779961,0.337830,0.132576,0.005138,11170.018029,14.439983
8.160000,22.000000,18.845327,3.783104,0.337966,0.132628,0.005140,11165.156108,14.433698
8.170000,22.000000,18.883174,3.786246,0.338103,0.132679,0.005142,11160.295802,14.427415
8.180000,22.000000,18.921052,3.789386,0.338239,0.132731,0.005144,11155.437113,14.421134
8.190000,22.000000,18.958962,3.792526,0.338375,0.132782,0.005146,11150.580047,14.414855
8.200000,22.000000,18.996903,3.795664,0.338512,0.132833,0.005148,11145.724607,14.408578
8.210000,22.000000,19.034875,3.798801,0.338648,0.132885,0.005150,11140.870798,14.402303
8.220000,22.000000,19.072879,3.801938,0.338785,0.132936,0.005152,11136.018623,14.396030
8.230000,22.000000,19.110914,3.805073,0.338921,0.132988,0.005154,11131.168087,14.389760
8.240000,22.000000,19.148980,3.808207,0.339058,0.133040,0.005156,11126.319194,14.383492
8.250000,22.000000,19.187078,3.811340,0.339195,0.133091,0.005158,11121.471948,14.377225
8.260000,22.000000,19.225207,3.814472,0.339331,0.133143,0.005160,11116.626352,14.370961
8.270000,22.000000,19.263367,3.817603,0.339468,0.133194,0.005162,11111.782412,14.364699
8.280000,22.000000,19.301559,3.820733,0.339605,0.133246,0.005164,11106.940131,14.358439
8.290000,22.000000,19.339782,3.823862,0.339742,0.133298,0.005166,11102.099514,14.352182
8.300000,22.000000,19.378036,3.826990,0.339879,0.133349,0.005168,11097.260563,14.345926
8.310000,22.000000,19.416322,3.830117,0.340016,0.133401,0.005170,11092.423283,14.339673
8.320000,22.000000,19.454639,3.833242,0.340153,0.133453,0.005171,11087.587679,14.333422
8.330000,22.000000,19.492987,3.836367,0.340290,0.133504,0.005173,11082.753753,14.327173
8.340000,22.000000,19.531366,3.839490,0.340428,0.133556,0.005175,11077.921511,14.320926
8.350000,22.000000,19.569776,3.842613,0.340565,0.133608,0.005177,11073.090955,14.314681
8.360000,22.000000,19.608218,3.845734,0.340702,0.133660,0.005179,11068.262091,14.308438
8.370000,22.000000,19.646691,3.848854,0.340840,0.133711,0.005181,11063.434921,14.302198
8.380000,22.000000,19.685195,3.851973,0.340977,0.133763,0.005183,11058.609449,14.295960
8.390000,22.000000,19.723731,3.855091,0.341115,0.133815,0.005185,11053.785681,14.289724
8.400000,22.000000,19.762297,3.858208,0.341252,0.133867,0.005187,11048.963618,14.283490
8.410000,22.000000,19.800895,3.861324,0.341390,0.133919,0.005189,11044.143266,14.277259
8.420000,22.000000,19.839523,3.864438,0.341528,0.133971,0.005191,11039.324628,14.271030
8.430000,22.000000,19.878183,3.867552,0.341665,0.134023,0.005193,11034.507707,14.264803
8.440000,22.000000,19.916875,3.870664,0.341803,0.134075,0.005195,11029.692508,14.258578
8.450000,22.000000,19.955597,3.873776,0.341941,0.134127,0.005197,11024.879035,14.252355
8.460000,22.000000,19.994350,3.876886,0.342079,0.134179,0.005199,11020.067291,14.246135
8.470000,22.000000,20.033134,3.879995,0.342217,0.134231,0.005200,11015.257279,14.239917
8.480000,22.000000,20.071950,3.883103,0.342355,0.134283,0.005202,11010.449004,14.233701
8.490000,22.000000,20.110796,3.886210,0.342493,0.134335,0.005204,11005.642470,14.227487
8.500000,22.000000,20.149674,3.889315,0.342631,0.134387,0.005206,11000.837680,14.221276
8.510000,22.000000,20.188583,3.892420,0.342769,0.134439,0.005208,10996.034637,14.215067
8.520000,22.000000,20.227523,3.895523,0.342908,0.134491,0.005210,10991.233346,14.208860
8.530000,22.000000,20.266493,3.898626,0.343046,0.134543,0.005212,10986.433809,14.202655
8.540000,22.000000,20.305495,3.901727,0.343184,0.134595,0.005214,10981.636032,14.196453
8.550000,22.000000,20.344528,3.904827,0.343323,0.134647,0.005215,10976.840017,14.190253
8.560000,22.000000,20.383592,3.907926,0.343461,0.134699,0.005217,10972.045767,14.184055
8.570000,22.000000,20.422686,3.911024,0.343600,0.134751,0.005219,10967.253287,14.177860
8.580000,22.000000,20.461812,3.914120,0.343739,0.134804,0.005221,10962.462581,14.171667
8.590000,22.000000,20.500969,3.917216,0.343877,0.134856,0.005223,10957.673651,14.165476
8.600000,22.000000,20.540156,3.920310,0.344016,0.134908,0.005225,10952.886501,14.159287
8.610000,22.000000,20.579375,3.923403,0.344155,0.134960,0.005227,10948.101135,14.153101
8.620000,22.000000,20.618624,3.926495,0.344293,0.135013,0.005228,10943.317556,14.146917
8.630000,22.000000,20.657905,3.929586,0.344432,0.135065,0.005230,10938.535768,14.140735
8.640000,22.000000,20.697216,3.932676,0.344571,0.135117,0.005232,10933.755774,14.134556
8.650000,22.000000,20.736558,3.935764,0.344710,0.135170,0.005234,10928.977578,14.128379
8.660000,22.000000,20.775931,3.938851,0.344849,0.135222,0.005236,10924.201184,14.122205
8.670000,22.000000,20.815335,3.941938,0.344988,0.135274,0.005237,10919.426593,14.116032
8.680000,22.000000,20.854770,3.945023,0.345128,0.135327,0.005239,10914.653811,14.109862
8.690000,22.000000,20.894236,3.948106,0.345267,0.135379,0.005241,10909.882841,14.103695
8.700000,22.000000,20.933732,3.951189,0.345406,0.135432,0.005243,10905.113685,14.097529
8.710000,22.000000,20.973260,3.954271,0.345545,0.135484,0.005245,10900.346348,14.091366
8.720000,22.000000,21.012818,3.957351,0.345685,0.135536,0.005246,10895.580832,14.085206
8.730000,22.000000,21.052407,3.960430,0.345824,0.135589,0.005248,10890.817142,14.079047
8.740000,22.000000,21.092026,3.963508,0.345964,0.135641,0.005250,10886.055279,14.072892
8.750000,22.000000,21.131677,3.966585,0.346103,0.135694,0.005252,10881.295249,14.066738
8.760000,22.000000,21.171358,3.969660,0.346243,0.135746,0.005254,10876.537053,14.060587
8.770000,22.000000,21.211070,3.972735,0.346383,0.135799,0.005255,10871.780696,14.054438
8.780000,22.000000,21.250813,3.975808,0.346522,0.135852,0.005257,10867.026180,14.048292
8.790000,22.000000,21.290586,3.978880,0.346662,0.135904,0.005259,10862.273510,14.042148
8.800000,22.000000,21.330390,3.981951,0.346802,0.135957,0.005261,10857.522687,14.036006
8.810000,22.000000,21.370225,3.985020,0.346942,0.136009,0.005262,10852.773716,14.029867
8.820000,22.000000,21.410091,3.988089,0.347082,0.136062,0.005264,10848.026599,14.023730
8.830000,22.000000,21.449987,3.991156,0.347222,0.136115,0.005266,10843.281340,14.017596
8.840000,22.000000,21.489914,3.994222,0.347362,0.136167,0.005268,10838.537943,14.011464
8.850000,22.000000,21.529871,3.997287,0.347502,0.136220,0.005269,10833.796409,14.005334
8.860000,22.000000,21.569859,4.000351,0.347642,0.136273,0.005271,10829.056743,13.999207
8.870000,22.000000,21.609878,4.003413,0.347782,0.136325,0.005273,10824.318947,13.993082
8.880000,22.000000,21.649928,4.006474,0.347922,0.136378,0.005275,10819.583025,13.986960
8.890000,22.000000,21.690008,4.009534,0.348063,0.136431,0.005276,10814.848980,13.980840
8.900000,22.000000,21.730118,4.012593,0.348203,0.136484,0.005278,10810.116814,13.974723
8.910000,22.000000,21.770260,4.015650,0.348343,0.136536,0.005280,10805.386532,13.968607
8.920000,22.000000,21.810431,4.018707,0.348484,0.136589,0.005281,10800.658136,13.962495
8.930000,22.000000,21.850634,4.021762,0.348624,0.136642,0.005283,10795.931629,13.956385
8.940000,22.000000,21.890867,4.024816,0.348765,0.136695,0.005285,10791.207014,13.950277
8.950000,22.000000,21.931130,4.027868,0.348905,0.136748,0.005286,10786.484294,13.944172
8.960000,22.000000,21.971424,4.030920,0.349046,0.136801,0.005288,10781.763473,13.938069
8.970000,22.000000,22.011748,4.033970,0.349187,0.136854,0.005290,10777.044553,13.931969
8.980000,22.000000,22.052103,4.037019,0.349328,0.136906,0.005292,10772.327537,13.925871
8.990000,22.000000,22.092489,4.040067,0.349468,0.136959,0.005293,10767.612429,13.919775
9.000000,22.000000,22.132905,4.043113,0.349609,0.137012,0.005295,10762.899231,13.913682
9.010000,22.000000,22.173351,4.046158,0.349750,0.137065,0.005297,10758.187946,13.907592
9.020000,22.000000,22.213828,4.049202,0.349891,0.137118,0.005298,10753.478577,13.901504
9.030000,22.000000,22.254335,4.052245,0.350032,0.137171,0.005300,10748.771128,13.895418
9.040000,22.000000,22.294873,4.055287,0.350173,0.137224,0.005302,10744.065600,13.889335
9.050000,22.000000,22.335441,4.058327,0.350314,0.137277,0.005303,10739.361997,13.883255
9.060000,22.000000,22.376039,4.061366,0.350456,0.137330,0.005305,10734.660323,13.877177
9.070000,22.000000,22.416668,4.064404,0.350597,0.137383,0.005306,10729.960578,13.871101
9.080000,22.000000,22.457327,4.067441,0.350738,0.137436,0.005308,10725.262768,13.865028
9.090000,22.000000,22.498017,4.070476,0.350879,0.137490,0.005310,10720.566894,13.858957
9.100000,22.000000,22.538737,4.073510,0.351021,0.137543,0.005311,10715.872959,13.852889
9.110000,22.000000,22.579487,4.076543,0.351162,0.137596,0.005313,10711.180966,13.846824
9.120000,22.000000,22.620268,4.079574,0.351304,0.137649,0.005315,10706.490917,13.840761
9.130000,22.000000,22.661079,4.082604,0.351445,0.137702,0.005316,10701.802817,13.834700
9.140000,22.000000,22.701920,4.085633,0.351587,0.137755,0.005318,10697.116667,13.828642
9.150000,22.000000,22.742791,4.088661,0.351728,0.137808,0.005319,10692.432470,13.822587
9.160000,22.000000,22.783693,4.091688,0.351870,0.137862,0.005321,10687.750229,13.816534
9.170000,22.000000,22.824625,4.094713,0.352012,0.137915,0.005323,10683.069947,13.810483
9.180000,22.000000,22.865587,4.097737,0.352154,0.137968,0.005324,10678.391626,13.804435
9.190000,22.000000,22.906580,4.100760,0.352296,0.138021,0.005326,10673.715269,13.798390
9.200000,22.000000,22.947603,4.103781,0.352437,0.138075,0.005327,10669.040879,13.792347
9.210000,22.000000,22.988655,4.106801,0.352579,0.138128,0.005329,10664.368459,13.786307
9.220000,22.000000,23.029739,4.109820,0.352721,0.138181,0.005331,10659.698011,13.780269
9.230000,22.000000,23.070852,4.112838,0.352863,0.138234,0.005332,10655.029537,13.774234
9.240000,22.000000,23.111995,4.115854,0.353005,0.138288,0.005334,10650.363041,13.768202
9.250000,22.000000,23.153169,4.118869,0.353148,0.138341,0.005335,10645.698525,13.762172
9.260000,22.000000,23.194373,4.121883,0.353290,0.138394,0.005337,10641.035992,13.756144
9.270000,22.000000,23.235607,4.124895,0.353432,0.138448,0.005338,10636.375444,13.750119
9.280000,22.000000,23.276871,4.127906,0.353574,0.138501,0.005340,10631.716884,13.744097
9.290000,22.000000,23.318165,4.130916,0.353717,0.138555,0.005342,10627.060315,13.738077
9.300000,22.000000,23.359489,4.133925,0.353859,0.138608,0.005343,10622.405738,13.732060
9.310000,22.000000,23.400843,4.136932,0.354001,0.138662,0.005345,10617.753157,13.726045
9.320000,22.000000,23.442228,4.139938,0.354144,0.138715,0.005346,10613.102575,13.720033
9.330000,22.000000,23.483642,4.142943,0.354286,0.138768,0.005348,10608.453993,13.714024
9.340000,22.000000,23.525086,4.145946,0.354429,0.138822,0.005349,10603.807414,13.708017
9.350000,22.000000,23.566561,4.148949,0.354572,0.138875,0.005351,10599.162841,13.702013
9.360000,22.000000,23.608065,4.151949,0.354714,0.138929,0.005352,10594.520276,13.696011
9.370000,22.000000,23.649600,4.154949,0.354857,0.138982,0.005354,10589.879721,13.690012
9.380000,22.000000,23.691164,4.157947,0.355000,0.139036,0.005355,10585.241180,13.684016
9.390000,22.000000,23.732759,4.160944,0.355143,0.139090,0.005357,10580.604654,13.678022
9.400000,22.000000,23.774383,4.163940,0.355285,0.139143,0.005358,10575.970146,13.672031
9.410000,22.000000,23.816038,4.166934,0.355428,0.139197,0.005360,10571.337658,13.666042
9.420000,22.000000,23.857722,4.169927,0.355571,0.139250,0.005361,10566.707194,13.660056
9.430000,22.000000,23.899436,4.172919,0.355714,0.139304,0.005363,10562.078754,13.654073
9.440000,22.000000,23.941180,4.175909,0.355857,0.139358,0.005364,10557.452342,13.648092
9.450000,22.000000,23.982954,4.178898,0.356000,0.139411,0.005366,10552.827960,13.642114
9.460000,22.000000,24.024758,4.181886,0.356144,0.139465,0.005367,10548.205610,13.636138
9.470000,22.000000,24.066592,4.184873,0.356287,0.139519,0.005369,10543.585295,13.630165
9.480000,22.000000,24.108456,4.187858,0.356430,0.139572,0.005370,10538.967017,13.624195
9.490000,22.000000,24.150349,4.190842,0.356573,0.139626,0.005372,10534.350778,13.618227
9.500000,22.000000,24.192272,4.193824,0.356717,0.139680,0.005373,10529.736581,13.612262
9.510000,22.000000,24.234226,4.196805,0.356860,0.139734,0.005375,10525.124427,13.606300
9.520000,22.000000,24.276209,4.199785,0.357003,0.139787,0.005376,10520.514320,13.600340
9.530000,22.000000,24.318221,4.202764,0.357147,0.139841,0.005378,10515.906261,13.594383
9.540000,22.000000,24.360264,4.205741,0.357290,0.139895,0.005379,10511.300252,13.588429
9.550000,22.000000,24.402336,4.208717,0.357434,0.139949,0.005381,10506.696297,13.582477
9.560000,22.000000,24.444438,4.211691,0.357578,0.140002,0.005382,10502.094397,13.576528
9.570000,22.000000,24.486570,4.214665,0.357721,0.140056,0.005383,10497.494554,13.570582
9.580000,22.000000,24.528731,4.217636,0.357865,0.140110,0.005385,10492.896770,13.564638
9.590000,22.000000,24.570923,4.220607,0.358009,0.140164,0.005386,10488.301049,13.558697
9.600000,22.000000,24.613144,4.223576,0.358153,0.140218,0.005388,10483.707391,13.552758
9.610000,22.000000,24.655394,4.226544,0.358296,0.140272,0.005389,10479.115799,13.546823
9.620000,22.000000,24.697674,4.229511,0.358440,0.140326,0.005391,10474.526276,13.540890
9.630000,22.000000,24.739984,4.232476,0.358584,0.140380,0.005392,10469.938823,13.534959
9.640000,22.000000,24.782324,4.235440,0.358728,0.140433,0.005393,10465.353442,13.529031
9.650000,22.000000,24.824693,4.238402,0.358872,0.140487,0.005395,10460.770136,13.523106
9.660000,22.000000,24.867092,4.241364,0.359016,0.140541,0.005396,10456.188907,13.517184
9.670000,22.000000,24.909520,4.244323,0.359160,0.140595,0.005398,10451.609756,13.511264
9.680000,22.000000,24.951978,4.247282,0.359305,0.140649,0.005399,10447.032687,13.505347
9.690000,22.000000,24.994466,4.250239,0.359449,0.140703,0.005400,10442.457700,13.499433
9.700000,22.000000,25.036983,4.253195,0.359593,0.140757,0.005402,10437.884798,13.493522
9.710000,22.000000,25.079530,4.256149,0.359737,0.140811,0.005403,10433.313984,13.487613
9.720000,22.000000,25.122106,4.259103,0.359882,0.140865,0.005405,10428.745258,13.481706
9.730000,22.000000,25.164712,4.262054,0.360026,0.140919,0.005406,10424.178624,13.475803
9.740000,22.000000,25.207347,4.265005,0.360170,0.140973,0.005407,10419.614083,13.469902
9.750000,22.000000,25.250012,4.267954,0.360315,0.141028,0.005409,10415.051637,13.464004
9.760000,22.000000,25.292706,4.270901,0.360459,0.141082,0.005410,10410.491288,13.458109
9.770000,22.000000,25.335430,4.273848,0.360604,0.141136,0.005411,10405.933038,13.452216
9.780000,22.000000,25.378183,4.276793,0.360749,0.141190,0.005413,10401.376889,13.446326
9.790000,22.000000,25.420966,4.279736,0.360893,0.141244,0.005414,10396.822842,13.440439
9.800000,22.000000,25.463778,4.282679,0.361038,0.141298,0.005415,10392.270901,13.434554
9.810000,22.000000,25.506620,4.285620,0.361183,0.141352,0.005417,10387.721067,13.428673
9.820000,22.000000,25.549490,4.288559,0.361327,0.141407,0.005418,10383.173341,13.422794
9.830000,22.000000,25.592391,4.291497,0.361472,0.141461,0.005420,10378.627726,13.416917
9.840000,22.000000,25.635320,4.294434,0.361617,0.141515,0.005421,10374.084224,13.411044
9.850000,22.000000,25.678279,4.297370,0.361762,0.141569,0.005422,10369.542835,13.405173
9.860000,22.000000,25.721268,4.300304,0.361907,0.141623,0.005424,10365.003563,13.399305
9.870000,22.000000,25.764285,4.303236,0.362052,0.141678,0.005425,10360.466410,13.393439
9.880000,22.000000,25.807332,4.306168,0.362197,0.141732,0.005426,10355.931376,13.387577
9.890000,22.000000,25.850409,4.309098,0.362342,0.141786,0.005427,10351.398464,13.381717
9.900000,22.000000,25.893514,4.312026,0.362487,0.141840,0.005429,10346.867675,13.375860
9.910000,22.000000,25.936649,4.314954,0.362632,0.141895,0.005430,10342.339012,13.370005
9.920000,22.000000,25.979814,4.317879,0.362778,0.141949,0.005431,10337.812476,13.364154
9.930000,22.000000,26.023007,4.320804,0.362923,0.142003,0.005433,10333.288069,13.358305
9.940000,22.000000,26.066230,4.323727,0.363068,0.142058,0.005434,10328.765792,13.352458
9.950000,22.000000,26.109481,4.326649,0.363214,0.142112,0.005435,10324.245648,13.346615
9.960000,22.000000,26.152763,4.329569,0.363359,0.142166,0.005437,10319.727639,13.340774
9.970000,22.000000,26.196073,4.332488,0.363504,0.142221,0.005438,10315.211765,13.334937
9.980000,22.000000,26.239412,4.335406,0.363650,0.142275,0.005439,10310.698029,13.329101
9.990000,22.000000,26.282781,4.338322,0.363795,0.142330,0.005440,10306.186432,13.323269
10.000000,22.000000,26.326179,4.341237,0.363941,0.142384,0.005442,10301.676977,13.317440
10.010000,22.000000,26.369606,4.344150,0.364087,0.142438,0.005443,10297.169664,13.311613
10.020000,22.000000,26.413062,4.347062,0.364232,0.142493,0.005444,10292.664496,13.305789
10.030000,22.000000,26.456547,4.349973,0.364378,0.142547,0.005445,10288.161474,13.299967
10.040000,22.000000,26.500061,4.352882,0.364524,0.142602,0.005447,10283.660599,13.294149
10.050000,22.000000,26.543605,4.355790,0.364669,0.142656,0.005448,10279.161874,13.288333
10.060000,22.000000,26.587177,4.358696,0.364815,0.142711,0.005449,10274.665300,13.282520
10.070000,22.000000,26.630778,4.361601,0.364961,0.142765,0.005450,10270.170879,13.276710
10.080000,22.000000,26.674409,4.364505,0.365107,0.142820,0.005452,10265.678612,13.270903
10.090000,22.000000,26.718069,4.367407,0.365253,0.142874,0.005453,10261.188501,13.265098
10.100000,22.000000,26.761757,4.370308,0.365399,0.142929,0.005454,10256.700548,13.259297
10.110000,22.000000,26.805475,4.373208,0.365545,0.142983,0.005455,10252.214753,13.253498
10.120000,22.000000,26.849221,4.376106,0.365691,0.143038,0.005457,10247.731119,13.247701
10.130000,22.000000,26.892997,4.379003,0.365837,0.143092,0.005458,10243.249648,13.241908
10.140000,22.000000,26.936801,4.381898,0.365983,0.143147,0.005459,10238.770340,13.236117
10.150000,22.000000,26.980635,4.384792,0.366129,0.143202,0.005460,10234.293197,13.230330
10.160000,22.000000,27.024497,4.387684,0.366276,0.143256,0.005462,10229.818221,13.224545
10.170000,22.000000,27.068388,4.390575,0.366422,0.143311,0.005463,10225.345413,13.218762
10.180000,22.000000,27.112309,4.393465,0.366568,0.143365,0.005464,10220.874775,13.212983
10.190000,22.000000,27.156258,4.396354,0.366714,0.143420,0.005465,10216.406309,13.207206
10.200000,22.000000,27.200236,4.399240,0.366861,0.143475,0.005466,10211.940015,13.201433
10.210000,22.000000,27.244243,4.402126,0.367007,0.143529,0.005468,10207.475895,13.195662
10.220000,22.000000,27.288278,4.405010,0.367154,0.143584,0.005469,10203.013951,13.189893
10.230000,22.000000,27.332343,4.407893,0.367300,0.143639,0.005470,10198.554184,13.184128
10.240000,22.000000,27.376436,4.410774,0.367447,0.143694,0.005471,10194.096596,13.178366
10.250000,22.000000,27.420558,4.413654,0.367593,0.143748,0.005472,10189.641188,13.172606
10.260000,22.000000,27.464709,4.416532,0.367740,0.143803,0.005473,10185.187961,13.166849
10.270000,22.000000,27.508889,4.419409,0.367887,0.143858,0.005475,10180.736917,13.161095
10.280000,22.000000,27.553097,4.422285,0.368033,0.143912,0.005476,10176.288057,13.155344
10.290000,22.000000,27.597335,4.425159,0.368180,0.143967,0.005477,10171.841383,13.149595
10.300000,22.000000,27.641601,4.428032,0.368327,0.144022,0.005478,10167.396895,13.143850
10.310000,22.000000,27.685895,4.430903,0.368474,0.144077,0.005479,10162.954596,13.138107
10.320000,22.000000,27.730219,4.433773,0.368620,0.144132,0.005480,10158.514487,13.132367
10.330000,22.000000,27.774571,4.436642,0.368767,0.144186,0.005482,10154.076568,13.126630
10.340000,22.000000,27.818951,4.439509,0.368914,0.144241,0.005483,10149.640842,13.120896
10.350000,22.000000,27.863361,4.442375,0.369061,0.144296,0.005484,10145.207309,13.115164
10.360000,22.000000,27.907799,4.445239,0.369208,0.144351,0.005485,10140.775972,13.109436
10.370000,22.000000,27.952266,4.448102,0.369355,0.144406,0.005486,10136.346831,13.103710
10.380000,22.000000,27.996761,4.450964,0.369502,0.144461,0.005487,10131.919887,13.097987
10.390000,22.000000,28.041285,4.453824,0.369650,0.144515,0.005488,10127.495142,13.092267
10.400000,22.000000,28.085837,4.456682,0.369797,0.144570,0.005490,10123.072597,13.086550
10.410000,22.000000,28.130419,4.459540,0.369944,0.144625,0.005491,10118.652253,13.080835
10.420000,22.000000,28.175028,4.462395,0.370091,0.144680,0.005492,10114.234112,13.075124
10.430000,22.000000,28.219666,4.465250,0.370238,0.144735,0.005493,10109.818175,13.069415
10.440000,22.000000,28.264333,4.468103,0.370386,0.144790,0.005494,10105.404443,13.063709
10.450000,22.000000,28.309028,4.470954,0.370533,0.144845,0.005495,10100.992917,13.058006
10.460000,22.000000,28.353752,4.473804,0.370681,0.144900,0.005496,10096.583599,13.052306
10.470000,22.000000,28.398505,4.476653,0.370828,0.144955,0.005497,10092.176489,13.046609
10.480000,22.000000,28.443285,4.479500,0.370975,0.145010,0.005498,10087.771589,13.040914
10.490000,22.000000,28.488095,4.482346,0.371123,0.145065,0.005500,10083.368900,13.035223
10.500000,22.000000,28.532932,4.485190,0.371271,0.145120,0.005501,10078.968424,13.029534
10.510000,22.000000,28.577798,4.488033,0.371418,0.145175,0.005502,10074.570160,13.023848
10.520000,22.000000,28.622693,4.490875,0.371566,0.145230,0.005503,10070.174112,13.018165
10.530000,22.000000,28.667616,4.493715,0.371713,0.145285,0.005504,10065.780278,13.012485
10.540000,22.000000,28.712567,4.496553,0.371861,0.145340,0.005505,10061.388662,13.006808
10.550000,22.000000,28.757547,4.499391,0.372009,0.145395,0.005506,10056.999263,13.001134
10.560000,22.000000,28.802555,4.502226,0.372157,0.145450,0.005507,10052.612083,12.995462
10.570000,22.000000,28.847591,4.505061,0.372304,0.145505,0.005508,10048.227124,12.989794
10.580000,22.000000,28.892656,4.507894,0.372452,0.145560,0.005509,10043.844385,12.984128
10.590000,22.000000,28.937749,4.510725,0.372600,0.145615,0.005510,10039.463869,12.978465
10.600000,22.000000,28.982871,4.513555,0.372748,0.145670,0.005511,10035.085576,12.972805
10.610000,22.000000,29.028020,4.516384,0.372896,0.145726,0.005512,10030.709508,12.967148
10.620000,22.000000,29.073198,4.519211,0.373044,0.145781,0.005513,10026.335664,12.961494
10.630000,22.000000,29.118405,4.522037,0.373192,0.145836,0.005514,10021.964048,12.955842
10.640000,22.000000,29.163639,4.524861,0.373340,0.145891,0.005515,10017.594658,12.950194
10.650000,22.000000,29.208902,4.527684,0.373488,0.145946,0.005516,10013.227497,12.944548
10.660000,22.000000,29.254193,4.530505,0.373636,0.146001,0.005518,10008.862566,12.938905
10.670000,22.000000,29.299512,4.533325,0.373785,0.146057,0.005519,10004.499865,12.933265
10.680000,22.000000,29.344859,4.536144,0.373933,0.146112,0.005520,10000.139396,12.927628
10.690000,22.000000,29.390235,4.538961,0.374081,0.146167,0.005521,9995.781159,12.921994
10.700000,22.000000,29.435638,4.541776,0.374229,0.146222,0.005522,9991.425155,12.916363
10.710000,22.000000,29.481070,4.544590,0.374378,0.146277,0.005523,9987.071386,12.910735
10.720000,22.000000,29.526530,4.547403,0.374526,0.146333,0.005524,9982.719852,12.905109
10.730000,22.000000,29.572018,4.550214,0.374674,0.146388,0.005525,9978.370554,12.899487
10.740000,22.000000,29.617535,4.553024,0.374823,0.146443,0.005526,9974.023494,12.893867
10.750000,22.000000,29.663079,4.555833,0.374971,0.146498,0.005527,9969.678672,12.888250
10.760000,22.000000,29.708651,4.558640,0.375120,0.146554,0.005528,9965.336088,12.882637
10.770000,22.000000,29.754252,4.561445,0.375268,0.146609,0.005529,9960.995745,12.877026
10.780000,22.000000,29.799880,4.564249,0.375417,0.146664,0.005530,9956.657643,12.871418
10.790000,22.000000,29.845537,4.567052,0.375566,0.146719,0.005531,9952.321782,12.865812
10.800000,22.000000,29.891221,4.569853,0.375714,0.146775,0.005532,9947.988164,12.860210
10.810000,22.000000,29.936934,4.572653,0.375863,0.146830,0.005533,9943.656789,12.854611
10.820000,22.000000,29.982674,4.575451,0.376012,0.146885,0.005534,9939.327659,12.849014
10.830000,22.000000,30.028443,4.578248,0.376160,0.146941,0.005535,9935.000774,12.843421
10.840000,22.000000,30.074239,4.581043,0.376309,0.146996,0.005535,9930.676134,12.837830
10.850000,22.000000,30.120063,4.583837,0.376458,0.147051,0.005536,9926.353742,12.832242
10.860000,22.000000,30.165916,4.586629,0.376607,0.147107,0.005537,9922.033597,12.826658
10.870000,22.000000,30.211796,4.589420,0.376756,0.147162,0.005538,9917.715701,12.821076
10.880000,22.000000,30.257704,4.592210,0.376905,0.147218,0.005539,9913.400054,12.815497
10.890000,22.000000,30.303640,4.594998,0.377053,0.147273,0.005540,9909.086657,12.809920
10.900000,22.000000,30.349604,4.597785,0.377202,0.147328,0.005541,9904.775511,12.804347
10.910000,22.000000,30.395596,4.600570,0.377352,0.147384,0.005542,9900.466617,12.798777
10.920000,22.000000,30.441616,4.603353,0.377501,0.147439,0.005543,9896.159975,12.793210
10.930000,22.000000,30.487663,4.606136,0.377650,0.147495,0.005544,9891.855586,12.787645
10.940000,22.000000,30.533738,4.608917,0.377799,0.147550,0.005545,9887.553452,12.782084
10.950000,22.000000,30.579841,4.611696,0.377948,0.147606,0.005546,9883.253571,12.776525
10.960000,22.000000,30.625972,4.614474,0.378097,0.147661,0.005547,9878.955946,12.770969
10.970000,22.000000,30.672131,4.617250,0.378246,0.147717,0.005548,9874.660578,12.765416
10.980000,22.000000,30.718317,4.620025,0.378396,0.147772,0.005549,9870.367466,12.759866
10.990000,22.000000,30.764531,4.622799,0.378545,0.147828,0.005550,9866.076611,12.754319
11.000000,22.000000,30.810773,4.625571,0.378694,0.147883,0.005551,9861.788015,12.748775
11.010000,22.000000,30.857043,4.628341,0.378844,0.147939,0.005551,9857.501678,12.743234
11.020000,22.000000,30.903340,4.631110,0.378993,0.147994,0.005552,9853.217600,12.737696
11.030000,22.000000,30.949665,4.633878,0.379142,0.148050,0.005553,9848.935783,12.732161
11.040000,22.000000,30.996018,4.636644,0.379292,0.148105,0.005554,9844.656226,12.726628
11.050000,22.000000,31.042398,4.639409,0.379441,0.148161,0.005555,9840.378932,12.721099
11.060000,22.000000,31.088806,4.642172,0.379591,0.148216,0.005556,9836.103899,12.715572
11.070000,22.000000,31.135241,4.644934,0.379740,0.148272,0.005557,9831.831129,12.710049
11.080000,22.000000,31.181704,4.647695,0.379890,0.148327,0.005558,9827.560623,12.704528
11.090000,22.000000,31.228195,4.650453,0.380040,0.148383,0.005559,9823.292380,12.699010
11.100000,22.000000,31.274713,4.653211,0.380189,0.148439,0.005559,9819.026403,12.693496
11.110000,22.000000,31.321259,4.655967,0.380339,0.148494,0.005560,9814.762691,12.687984
11.120000,22.000000,31.367833,4.658721,0.380489,0.148550,0.005561,9810.501244,12.682475
11.130000,22.000000,31.414434,4.661474,0.380639,0.148605,0.005562,9806.242065,12.676969
11.140000,22.000000,31.461062,4.664226,0.380788,0.148661,0.005563,9801.985152,12.671466
11.150000,22.000000,31.507718,4.666976,0.380938,0.148717,0.005564,9797.730507,12.665965
11.160000,22.000000,31.554402,4.669725,0.381088,0.148772,0.005565,9793.478130,12.660468
11.170000,22.000000,31.601113,4.672472,0.381238,0.148828,0.005566,9789.228022,12.654974
11.180000,22.000000,31.647851,4.675218,0.381388,0.148884,0.005566,9784.980183,12.649482
11.190000,22.000000,31.694617,4.677962,0.381538,0.148939,0.005567,9780.734614,12.643994
11.200000,22.000000,31.741410,4.680705,0.381688,0.148995,0.005568,9776.491316,12.638509
11.210000,22.000000,31.788231,4.683446,0.381838,0.149051,0.005569,9772.250288,12.633026
11.220000,22.000000,31.835079,4.686186,0.381988,0.149106,0.005570,9768.011532,12.627546
11.230000,22.000000,31.881955,4.688924,0.382138,0.149162,0.005571,9763.775047,12.622070
11.240000,22.000000,31.928858,4.691661,0.382288,0.149218,0.005571,9759.540835,12.616596
11.250000,22.000000,31.975788,4.694396,0.382438,0.149273,0.005572,9755.308896,12.611125
11.260000,22.000000,32.022746,4.697130,0.382588,0.149329,0.005573,9751.079230,12.605657
11.270000,22.000000,32.069731,4.699863,0.382738,0.149385,0.005574,9746.851838,12.600192
11.280000,22.000000,32.116743,4.702594,0.382889,0.149441,0.005575,9742.626721,12.594730
11.290000,22.000000,32.163783,4.705323,0.383039,0.149496,0.005576,9738.403878,12.589271
11.300000,22.000000,32.210849,4.708052,0.383189,0.149552,0.005576,9734.183310,12.583815
11.310000,22.000000,32.257944,4.710778,0.383340,0.149608,0.005577,9729.965018,12.578362
11.320000,22.000000,32.305065,4.713503,0.383490,0.149664,0.005578,9725.749002,12.572912
11.330000,22.000000,32.352214,4.716227,0.383640,0.149719,0.005579,9721.535263,12.567464
11.340000,22.000000,32.399390,4.718949,0.383791,0.149775,0.005580,9717.323800,12.562020
11.350000,22.000000,32.446593,4.721670,0.383941,0.149831,0.005580,9713.114615,12.556579
11.360000,22.000000,32.493823,4.724389,0.384092,0.149887,0.005581,9708.907707,12.551140
11.370000,22.000000,32.541080,4.727107,0.384242,0.149943,0.005582,9704.703078,12.545705
11.380000,22.000000,32.588365,4.729823,0.384393,0.149998,0.005583,9700.500727,12.540272
11.390000,22.000000,32.635677,4.732538,0.384543,0.150054,0.005584,9696.300655,12.534842
11.400000,22.000000,32.683016,4.735251,0.384694,0.150110,0.005584,9692.102862,12.529416
11.410000,22.000000,32.730382,4.737963,0.384845,0.150166,0.005585,9687.907349,12.523992
11.420000,22.000000,32.777775,4.740674,0.384995,0.150222,0.005586,9683.714116,12.518571
11.430000,22.000000,32.825195,4.743383,0.385146,0.150278,0.005587,9679.523163,12.513153
11.440000,22.000000,32.872643,4.746090,0.385297,0.150334,0.005587,9675.334491,12.507739
11.450000,22.000000,32.920117,4.748796,0.385447,0.150389,0.005588,9671.148099,12.502327
11.460000,22.000000,32.967619,4.751501,0.385598,0.150445,0.005589,9666.963989,12.496918
11.470000,22.000000,33.015147,4.754204,0.385749,0.150501,0.005590,9662.782161,12.491512
11.480000,22.000000,33.062703,4.756905,0.385900,0.150557,0.005591,9658.602614,12.486109
11.490000,22.000000,33.110285,4.759605,0.386051,0.150613,0.005591,9654.425350,12.480708
11.500000,22.000000,33.157895,4.762304,0.386202,0.150669,0.005592,9650.250368,12.475311
11.510000,22.000000,33.205531,4.765001,0.386352,0.150725,0.005593,9646.077669,12.469917
11.520000,22.000000,33.253195,4.767697,0.386503,0.150781,0.005594,9641.907253,12.464526
11.530000,22.000000,33.300885,4.770391,0.386654,0.150837,0.005594,9637.739121,12.459137
11.540000,22.000000,33.348603,4.773084,0.386805,0.150893,0.005595,9633.573272,12.453752
11.550000,22.000000,33.396347,4.775775,0.386957,0.150949,0.005596,9629.409707,12.448370
11.560000,22.000000,33.444118,4.778465,0.387108,0.151005,0.005596,9625.248426,12.442990
11.570000,22.000000,33.491916,4.781153,0.387259,0.151061,0.005597,9621.089429,12.437614
11.580000,22.000000,33.539741,4.783840,0.387410,0.151117,0.005598,9616.932717,12.432240
11.590000,22.000000,33.587593,4.786525,0.387561,0.151173,0.005599,9612.778290,12.426869
11.600000,22.000000,33.635472,4.789209,0.387712,0.151229,0.005599,9608.626148,12.421502
11.610000,22.000000,33.683377,4.791891,0.387863,0.151285,0.005600,9604.476291,12.416137
11.620000,22.000000,33.731309,4.794572,0.388015,0.151341,0.005601,9600.328719,12.410775
11.630000,22.000000,33.779269,4.797252,0.388166,0.151397,0.005601,9596.183433,12.405416
11.640000,22.000000,33.827255,4.799930,0.388317,0.151453,0.005602,9592.040433,12.400061
11.650000,22.000000,33.875267,4.802606,0.388469,0.151509,0.005603,9587.899719,12.394708
11.660000,22.000000,33.923307,4.805281,0.388620,0.151565,0.005604,9583.761292,12.389358
11.670000,22.000000,33.971373,4.807955,0.388771,0.151621,0.005604,9579.625150,12.384011
11.680000,22.000000,34.019466,4.810627,0.388923,0.151677,0.005605,9575.491296,12.378667
11.690000,22.000000,34.067585,4.813297,0.389074,0.151733,0.005606,9571.359727,12.373326
11.700000,22.000000,34.115732,4.815966,0.389226,0.151789,0.005606,9567.230446,12.367988
11.710000,22.000000,34.163905,4.818634,0.389377,0.151845,0.005607,9563.103452,12.362652
11.720000,22.000000,34.212104,4.821300,0.389529,0.151901,0.005608,9558.978745,12.357320
11.730000,22.000000,34.260331,4.823965,0.389680,0.151957,0.005608,9554.856325,12.351991
11.740000,22.000000,34.308584,4.826628,0.389832,0.152013,0.005609,9550.736192,12.346665
11.750000,22.000000,34.356863,4.829289,0.389983,0.152069,0.005610,9546.618347,12.341341
11.760000,22.000000,34.405169,4.831950,0.390135,0.152125,0.005610,9542.502790,12.336021
11.770000,22.000000,34.453502,4.834608,0.390287,0.152181,0.005611,9538.389520,12.330704
11.780000,22.000000,34.501862,4.837266,0.390438,0.152238,0.005612,9534.278538,12.325389
11.790000,22.000000,34.550247,4.839921,0.390590,0.152294,0.005612,9530.169844,12.320078
11.800000,22.000000,34.598660,4.842576,0.390742,0.152350,0.005613,9526.063438,12.314769
11.810000,22.000000,34.647099,4.845228,0.390894,0.152406,0.005614,9521.959320,12.309464
11.820000,22.000000,34.695565,4.847880,0.391046,0.152462,0.005614,9517.857490,12.304161
11.830000,22.000000,34.744057,4.850530,0.391197,0.152518,0.005615,9513.757948,12.298861
11.840000,22.000000,34.792575,4.853178,0.391349,0.152574,0.005616,9509.660694,12.293565
11.850000,22.000000,34.841120,4.855825,0.391501,0.152631,0.005616,9505.565729,12.288271
11.860000,22.000000,34.889692,4.858470,0.391653,0.152687,0.005617,9501.473052,12.282980
11.870000,22.000000,34.938290,4.861114,0.391805,0.152743,0.005618,9497.382663,12.277692
11.880000,22.000000,34.986914,4.863757,0.391957,0.152799,0.005618,9493.294563,12.272407
11.890000,22.000000,35.035565,4.866398,0.392109,0.152855,0.005619,9489.208750,12.267125
11.900000,22.000000,35.084242,4.869037,0.392261,0.152911,0.005620,9485.125227,12.261847
11.910000,22.000000,35.132945,4.871675,0.392413,0.152968,0.005620,9481.043992,12.256571
11.920000,22.000000,35.181675,4.874312,0.392565,0.153024,0.005621,9476.965045,12.251297
11.930000,22.000000,35.230432,4.876947,0.392717,0.153080,0.005621,9472.888386,12.246027
11.940000,22.000000,35.279214,4.879580,0.392869,0.153136,0.005622,9468.814016,12.240760
11.950000,22.000000,35.328023,4.882212,0.393021,0.153193,0.005623,9464.741935,12.235496
11.960000,22.000000,35.376859,4.884843,0.393174,0.153249,0.005623,9460.672141,12.230235
11.970000,22.000000,35.425720,4.887472,0.393326,0.153305,0.005624,9456.604636,12.224977
11.980000,22.000000,35.474608,4.890100,0.393478,0.153361,0.005624,9452.539420,12.219721
11.990000,22.000000,35.523522,4.892726,0.393630,0.153417,0.005625,9448.476491,12.214469
12.000000,22.000000,35.572462,4.895351,0.393783,0.153474,0.005626,9444.415851,12.209220
12.010000,22.000000,35.621429,4.897974,0.393935,0.153530,0.005626,9440.357499,12.203973
12.020000,22.000000,35.670422,4.900596,0.394087,0.153586,0.005627,9436.301434,12.198730
12.030000,22.000000,35.719441,4.903216,0.394240,0.153643,0.005627,9432.247658,12.193489
12.040000,22.000000,35.768486,4.905835,0.394392,0.153699,0.005628,9428.196170,12.188252
12.050000,22.000000,35.817558,4.908452,0.394544,0.153755,0.005629,9424.146970,12.183017
12.060000,22.000000,35.866655,4.911068,0.394697,0.153811,0.005629,9420.100057,12.177786
12.070000,22.000000,35.915779,4.913682,0.394849,0.153868,0.005630,9416.055432,12.172557
12.080000,22.000000,35.964929,4.916295,0.395002,0.153924,0.005630,9412.013095,12.167331
12.090000,22.000000,36.014105,4.918907,0.395154,0.153980,0.005631,9407.973045,12.162108
12.100000,22.000000,36.063307,4.921517,0.395307,0.154037,0.005631,9403.935282,12.156889
12.110000,22.000000,36.112535,4.924125,0.395459,0.154093,0.005632,9399.899807,12.151672
12.120000,22.000000,36.161790,4.926732,0.395612,0.154149,0.005633,9395.866618,12.146458
12.130000,22.000000,36.211070,4.929337,0.395765,0.154206,0.005633,9391.835717,12.141247
12.140000,22.000000,36.260376,4.931941,0.395917,0.154262,0.005634,9387.807103,12.136039
12.150000,22.000000,36.309709,4.934544,0.396070,0.154318,0.005634,9383.780775,12.130834
12.160000,22.000000,36.359067,4.937145,0.396223,0.154375,0.005635,9379.756734,12.125632
12.170000,22.000000,36.408452,4.939745,0.396375,0.154431,0.005635,9375.734979,12.120433
12.180000,22.000000,36.457862,4.942343,0.396528,0.154487,0.005636,9371.715510,12.115237
12.190000,22.000000,36.507298,4.944939,0.396681,0.154544,0.005636,9367.698328,12.110044
12.200000,22.000000,36.556761,4.947534,0.396834,0.154600,0.005637,9363.683431,12.104853
12.210000,22.000000,36.606249,4.950128,0.396986,0.154656,0.005638,9359.670820,12.099666
12.220000,22.000000,36.655763,4.952720,0.397139,0.154713,0.005638,9355.660495,12.094482
12.230000,22.000000,36.705304,4.955311,0.397292,0.154769,0.005639,9351.652455,12.089300
12.240000,22.000000,36.754870,4.957900,0.397445,0.154826,0.005639,9347.646700,12.084122
12.250000,22.000000,36.804462,4.960488,0.397598,0.154882,0.005640,9343.643230,12.078946
12.260000,22.000000,36.854079,4.963074,0.397751,0.154938,0.005640,9339.642045,12.073774
12.270000,22.000000,36.903723,4.965659,0.397904,0.154995,0.005641,9335.643144,12.068604
12.280000,22.000000,36.953393,4.968242,0.398057,0.155051,0.005641,9331.646528,12.063438
12.290000,22.000000,37.003088,4.970824,0.398210,0.155108,0.005642,9327.652196,12.058274
12.300000,22.000000,37.052809,4.973405,0.398363,0.155164,0.005642,9323.660147,12.053113
12.310000,22.000000,37.102556,4.975984,0.398516,0.155220,0.005643,9319.670382,12.047956
12.320000,22.000000,37.152329,4.978561,0.398669,0.155277,0.005643,9315.682901,12.042801
12.330000,22.000000,37.202127,4.981137,0.398822,0.155333,0.005644,9311.697703,12.037649
12.340000,22.000000,37.251951,4.983711,0.398975,0.155390,0.005644,9307.714788,12.032500
12.350000,22.000000,37.301801,4.986284,0.399128,0.155446,0.005645,9303.734155,12.027354
12.360000,22.000000,37.351677,4.988856,0.399282,0.155503,0.005645,9299.755805,12.022211
12.370000,22.000000,37.401578,4.991426,0.399435,0.155559,0.005646,9295.779737,12.017071
12.380000,22.000000,37.451506,4.993994,0.399588,0.155616,0.005646,9291.805950,12.011934
12.390000,22.000000,37.501458,4.996562,0.399741,0.155672,0.005647,9287.834445,12.006800
12.400000,22.000000,37.551437,4.999127,0.399894,0.155728,0.005647,9283.865222,12.001669
12.410000,22.000000,37.601441,5.001691,0.400048,0.155785,0.005648,9279.898279,11.996540
12.420000,22.000000,37.651471,5.004254,0.400201,0.155841,0.005648,9275.933618,11.991415
12.430000,22.000000,37.701526,5.006815,0.400354,0.155898,0.005649,9271.971236,11.986293
12.440000,22.000000,37.751607,5.009375,0.400508,0.155954,0.005649,9268.011135,11.981173
12.450000,22.000000,37.801713,5.011933,0.400661,0.156011,0.005650,9264.053313,11.976057
12.460000,22.000000,37.851846,5.014490,0.400814,0.156067,0.005650,9260.097771,11.970943
12.470000,22.000000,37.902003,5.017045,0.400968,0.156124,0.005651,9256.144508,11.965833
12.480000,22.000000,37.952186,5.019599,0.401121,0.156180,0.005651,9252.193524,11.960725
12.490000,22.000000,38.002395,5.022151,0.401275,0.156237,0.005651,9248.244819,11.955621
12.500000,22.000000,38.052630,5.024702,0.401428,0.156293,0.005652,9244.298391,11.950519
12.510000,22.000000,38.102889,5.027252,0.401582,0.156350,0.005652,9240.354241,11.945420
12.520000,22.000000,38.153175,5.029800,0.401735,0.156406,0.005653,9236.412369,11.940324
12.530000,22.000000,38.203485,5.032346,0.401889,0.156463,0.005653,9232.472774,11.935231
12.540000,22.000000,38.253821,5.034891,0.402042,0.156520,0.005654,9228.535455,11.930141
12.550000,22.000000,38.304183,5.037435,0.402196,0.156576,0.005654,9224.600413,11.925054
12.560000,22.000000,38.354570,5.039977,0.402350,0.156633,0.005655,9220.667647,11.919970
12.570000,22.000000,38.404983,5.042517,0.402503,0.156689,0.005655,9216.737157,11.914889
12.580000,22.000000,38.455420,5.045056,0.402657,0.156746,0.005655,9212.808942,11.909811
12.590000,22.000000,38.505884,5.047594,0.402811,0.156802,0.005656,9208.883001,11.904736
12.600000,22.000000,38.556372,5.050130,0.402964,0.156859,0.005656,9204.959336,11.899664
12.610000,22.000000,38.606886,5.052665,0.403118,0.156915,0.005657,9201.037944,11.894594
12.620000,22.000000,38.657426,5.055198,0.403272,0.156972,0.005657,9197.118826,11.889528
12.630000,22.000000,38.707990,5.057730,0.403426,0.157029,0.005658,9193.201981,11.884464
12.640000,22.000000,38.758580,5.060260,0.403579,0.157085,0.005658,9189.287409,11.879404
12.650000,22.000000,38.809195,5.062789,0.403733,0.157142,0.005658,9185.375110,11.874346
12.660000,22.000000,38.859836,5.065316,0.403887,0.157198,0.005659,9181.465083,11.869291
12.670000,22.000000,38.910502,5.067842,0.404041,0.157255,0.005659,9177.557327,11.864240
12.680000,22.000000,38.961193,5.070367,0.404195,0.157311,0.005660,9173.651843,11.859191
12.690000,22.000000,39.011909,5.072890,0.404349,0.157368,0.005660,9169.748629,11.854145
12.700000,22.000000,39.062651,5.075411,0.404503,0.157425,0.005661,9165.847685,11.849102
12.710000,22.000000,39.113417,5.077931,0.404657,0.157481,0.005661,9161.949012,11.844062
12.720000,22.000000,39.164209,5.080450,0.404811,0.157538,0.005661,9158.052608,11.839025
12.730000,22.000000,39.215026,5.082967,0.404965,0.157594,0.005662,9154.158473,11.833991
12.740000,22.000000,39.265869,5.085482,0.405119,0.157651,0.005662,9150.266606,11.828960
12.750000,22.000000,39.316736,5.087997,0.405273,0.157708,0.005663,9146.377008,11.823932
12.760000,22.000000,39.367629,5.090509,0.405427,0.157764,0.005663,9142.489677,11.818906
12.770000,22.000000,39.418546,5.093020,0.405581,0.157821,0.005663,9138.604613,11.813884
12.780000,22.000000,39.469489,5.095530,0.405735,0.157878,0.005664,9134.721816,11.808864
12.790000,22.000000,39.520457,5.098038,0.405889,0.157934,0.005664,9130.841285,11.803848
12.800000,22.000000,39.571450,5.100545,0.406043,0.157991,0.005664,9126.963020,11.798834
12.810000,22.000000,39.622468,5.103051,0.406197,0.158048,0.005665,9123.087020,11.793823
12.820000,22.000000,39.673511,5.105555,0.406351,0.158104,0.005665,9119.213284,11.788816
12.830000,22.000000,39.724579,5.108057,0.406506,0.158161,0.005666,9115.341813,11.783811
12.840000,22.000000,39.775672,5.110558,0.406660,0.158218,0.005666,9111.472606,11.778809
12.850000,22.000000,39.826790,5.113057,0.406814,0.158274,0.005666,9107.605662,11.773810
12.860000,22.000000,39.877933,5.115556,0.406968,0.158331,0.005667,9103.740980,11.768814
12.870000,22.000000,39.929101,5.118052,0.407123,0.158388,0.005667,9099.878561,11.763821
12.880000,22.000000,39.980294,5.120547,0.407277,0.158444,0.005667,9096.018403,11.758831
12.890000,22.000000,40.031512,5.123041,0.407431,0.158501,0.005668,9092.160506,11.753843
12.900000,22.000000,40.082755,5.125533,0.407586,0.158558,0.005668,9088.304870,11.748859
12.910000,22.000000,40.134023,5.128024,0.407740,0.158614,0.005668,9084.451494,11.743878
12.920000,22.000000,40.185315,5.130513,0.407894,0.158671,0.005669,9080.600378,11.738899
12.930000,22.000000,40.236633,5.133001,0.408049,0.158728,0.005669,9076.751520,11.733924
12.940000,22.000000,40.287975,5.135487,0.408203,0.158784,0.005669,9072.904921,11.728951
12.950000,22.000000,40.339343,5.137972,0.408358,0.158841,0.005670,9069.060580,11.723981
12.960000,22.000000,40.390735,5.140456,0.408512,0.158898,0.005670,9065.218496,11.719014
12.970000,22.000000,40.442152,5.142938,0.408666,0.158954,0.005670,9061.378669,11.714050
12.980000,22.000000,40.493593,5.145418,0.408821,0.159011,0.005671,9057.541098,11.709089
12.990000,22.000000,40.545060,5.147897,0.408975,0.159068,0.005671,9053.705782,11.704131
13.000000,22.000000,40.596551,5.150375,0.409130,0.159125,0.005671,9049.872722,11.699176
13.010000,22.000000,40.648068,5.152851,0.409285,0.159181,0.005672,9046.041916,11.694224
13.020000,22.000000,40.699608,5.155326,0.409439,0.159238,0.005672,9042.213364,11.689274
13.030000,22.000000,40.751174,5.157799,0.409594,0.159295,0.005672,9038.387065,11.684328
13.040000,22.000000,40.802764,5.160271,0.409748,0.159351,0.005673,9034.563019,11.679385
13.050000,22.000000,40.854379,5.162741,0.409903,0.159408,0.005673,9030.741225,11.674444
13.060000,22.000000,40.906019,5.165210,0.410058,0.159465,0.005673,9026.921683,11.669506
13.070000,22.000000,40.957684,5.167677,0.410212,0.159522,0.005674,9023.104391,11.664571
13.080000,22.000000,41.009373,5.170143,0.410367,0.159578,0.005674,9019.289350,11.659640
13.090000,22.000000,41.061087,5.172608,0.410522,0.159635,0.005674,9015.476559,11.654711
13.100000,22.000000,41.112825,5.175071,0.410676,0.159692,0.005675,9011.666016,11.649785
13.110000,22.000000,41.164588,5.177532,0.410831,0.159749,0.005675,9007.857722,11.644861
13.120000,22.000000,41.216376,5.179993,0.410986,0.159805,0.005675,9004.051676,11.639941
13.130000,22.000000,41.268188,5.182451,0.411141,0.159862,0.005675,9000.247877,11.635024
13.140000,22.000000,41.320025,5.184908,0.411295,0.159919,0.005676,8996.446324,11.630109
13.150000,22.000000,41.371886,5.187364,0.411450,0.159976,0.005676,8992.647017,11.625198
13.160000,22.000000,41.423772,5.189819,0.411605,0.160032,0.005676,8988.849956,11.620289
13.170000,22.000000,41.475682,5.192271,0.411760,0.160089,0.005677,8985.055139,11.615384
13.180000,22.000000,41.527617,5.194723,0.411915,0.160146,0.005677,8981.262567,11.610481
13.190000,22.000000,41.579577,5.197173,0.412070,0.160203,0.005677,8977.472237,11.605581
13.200000,22.000000,41.631561,5.199621,0.412225,0.160259,0.005677,8973.684151,11.600684
13.210000,22.000000,41.683569,5.202069,0.412380,0.160316,0.005678,8969.898306,11.595790
13.220000,22.000000,41.735602,5.204514,0.412534,0.160373,0.005678,8966.114703,11.590898
13.230000,22.000000,41.787659,5.206958,0.412689,0.160430,0.005678,8962.333340,11.586010
13.240000,22.000000,41.839741,5.209401,0.412844,0.160487,0.005679,8958.554217,11.581125
13.250000,22.000000,41.891847,5.211842,0.412999,0.160543,0.005679,8954.777334,11.576242
13.260000,22.000000,41.943978,5.214282,0.413154,0.160600,0.005679,8951.002690,11.571362
13.270000,22.000000,41.996133,5.216721,0.413309,0.160657,0.005679,8947.230283,11.566486
13.280000,22.000000,42.048312,5.219158,0.413464,0.160714,0.005680,8943.460114,11.561612
13.290000,22.000000,42.100516,5.221593,0.413620,0.160771,0.005680,8939.692181,11.556741
13.300000,22.000000,42.152744,5.224027,0.413775,0.160827,0.005680,8935.926484,11.551873
13.310000,22.000000,42.204997,5.226460,0.413930,0.160884,0.005680,8932.163022,11.547007
13.320000,22.000000,42.257274,5.228891,0.414085,0.160941,0.005681,8928.401795,11.542145
13.330000,22.000000,42.309575,5.231321,0.414240,0.160998,0.005681,8924.642802,11.537286
13.340000,22.000000,42.361900,5.233749,0.414395,0.161055,0.005681,8920.886041,11.532429
13.350000,22.000000,42.414250,5.236176,0.414550,0.161111,0.005681,8917.131513,11.527576
13.360000,22.000000,42.466623,5.238601,0.414705,0.161168,0.005682,8913.379217,11.522725
13.370000,22.000000,42.519022,5.241025,0.414861,0.161225,0.005682,8909.629152,11.517877
13.380000,22.000000,42.571444,5.243448,0.415016,0.161282,0.005682,8905.881317,11.513032
13.390000,22.000000,42.623891,5.245869,0.415171,0.161339,0.005682,8902.135711,11.508190
13.400000,22.000000,42.676361,5.248288,0.415326,0.161395,0.005683,8898.392334,11.503351
13.410000,22.000000,42.728856,5.250707,0.415482,0.161452,0.005683,8894.651185,11.498514
13.420000,22.000000,42.781375,5.253123,0.415637,0.161509,0.005683,8890.912264,11.493681
13.430000,22.000000,42.833919,5.255539,0.415792,0.161566,0.005683,8887.175569,11.488850
13.440000,22.000000,42.886486,5.257953,0.415948,0.161623,0.005683,8883.441099,11.484022
13.450000,22.000000,42.939078,5.260365,0.416103,0.161680,0.005684,8879.708855,11.479198
13.460000,22.000000,42.991694,5.262776,0.416258,0.161736,0.005684,8875.978835,11.474376
13.470000,22.000000,43.044333,5.265186,0.416414,0.161793,0.005684,8872.251039,11.469557
13.480000,22.000000,43.096997,5.267594,0.416569,0.161850,0.005684,8868.525465,11.464740
13.490000,22.000000,43.149685,5.270000,0.416724,0.161907,0.005684,8864.802113,11.459927
13.500000,22.000000,43.202397,5.272406,0.416880,0.161964,0.005685,8861.080983,11.455117
13.510000,22.000000,43.255133,5.274809,0.417035,0.162021,0.005685,8857.362073,11.450309
13.520000,22.000000,43.307893,5.277212,0.417191,0.162078,0.005685,8853.645383,11.445504
13.530000,22.000000,43.360678,5.279613,0.417346,0.162134,0.005685,8849.930911,11.440702
13.540000,22.000000,43.413486,5.282012,0.417502,0.162191,0.005686,8846.218658,11.435903
13.550000,22.000000,43.466318,5.284410,0.417657,0.162248,0.005686,8842.508622,11.431107
13.560000,22.000000,43.519174,5.286807,0.417813,0.162305,0.005686,8838.800803,11.426314
13.570000,22.000000,43.572054,5.289202,0.417968,0.162362,0.005686,8835.095199,11.421524
13.580000,22.000000,43.624958,5.291596,0.418124,0.162419,0.005686,8831.391811,11.416736
13.590000,22.000000,43.677886,5.293988,0.418279,0.162476,0.005686,8827.690637,11.411951
13.600000,22.000000,43.730838,5.296379,0.418435,0.162532,0.005687,8823.991676,11.407170
13.610000,22.000000,43.783813,5.298769,0.418591,0.162589,0.005687,8820.294927,11.402391
13.620000,22.000000,43.836813,5.301157,0.418746,0.162646,0.005687,8816.600391,11.397614
13.630000,22.000000,43.889837,5.303544,0.418902,0.162703,0.005687,8812.908065,11.392841
13.640000,22.000000,43.942884,5.305929,0.419057,0.162760,0.005687,8809.217950,11.388071
13.650000,22.000000,43.995955,5.308313,0.419213,0.162817,0.005688,8805.530043,11.383303
13.660000,22.000000,44.049050,5.310695,0.419369,0.162874,0.005688,8801.844346,11.378539
13.670000,22.000000,44.102169,5.313076,0.419524,0.162930,0.005688,8798.160856,11.373777
13.680000,22.000000,44.155312,5.315455,0.419680,0.162987,0.005688,8794.479573,11.369018
13.690000,22.000000,44.208478,5.317833,0.419836,0.163044,0.005688,8790.800496,11.364262
13.700000,22.000000,44.261668,5.320210,0.419992,0.163101,0.005688,8787.123624,11.359509
13.710000,22.000000,44.314882,5.322585,0.420147,0.163158,0.005689,8783.448957,11.354758
13.720000,22.000000,44.368120,5.324959,0.420303,0.163215,0.005689,8779.776493,11.350011
13.730000,22.000000,44.421381,5.327331,0.420459,0.163272,0.005689,8776.106231,11.345266
13.740000,22.000000,44.474667,5.329702,0.420615,0.163329,0.005689,8772.438172,11.340524
13.750000,22.000000,44.527976,5.332072,0.420771,0.163386,0.005689,8768.772314,11.335785
13.760000,22.000000,44.581308,5.334440,0.420926,0.163442,0.005689,8765.108655,11.331049
13.770000,22.000000,44.634664,5.336807,0.421082,0.163499,0.005689,8761.447196,11.326315
13.780000,22.000000,44.688044,5.339172,0.421238,0.163556,0.005690,8757.787936,11.321585
13.790000,22.000000,44.741448,5.341536,0.421394,0.163613,0.005690,8754.130873,11.316857
13.800000,22.000000,44.794875,5.343898,0.421550,0.163670,0.005690,8750.476007,11.312133
13.810000,22.000000,44.848326,5.346259,0.421706,0.163727,0.005690,8746.823336,11.307411
13.820000,22.000000,44.901800,5.348619,0.421862,0.163784,0.005690,8743.172861,11.302691
13.830000,22.000000,44.955298,5.350977,0.422018,0.163841,0.005690,8739.524580,11.297975
13.840000,22.000000,45.008820,5.353334,0.422174,0.163898,0.005690,8735.878492,11.293262
13.850000,22.000000,45.062365,5.355689,0.422329,0.163955,0.005691,8732.234596,11.288551
13.860000,22.000000,45.115933,5.358043,0.422485,0.164011,0.005691,8728.592892,11.283843
13.870000,22.000000,45.169526,5.360396,0.422641,0.164068,0.005691,8724.953378,11.279138
13.880000,22.000000,45.223141,5.362747,0.422797,0.164125,0.005691,8721.316054,11.274436
13.890000,22.000000,45.276781,5.365096,0.422953,0.164182,0.005691,8717.680919,11.269737
13.900000,22.000000,45.330443,5.367445,0.423110,0.164239,0.005691,8714.047972,11.265040
13.910000,22.000000,45.384129,5.369791,0.423266,0.164296,0.005691,8710.417212,11.260347
13.920000,22.000000,45.437839,5.372137,0.423422,0.164353,0.005691,8706.788638,11.255656
13.930000,22.000000,45.491572,5.374481,0.423578,0.164410,0.005691,8703.162249,11.250968
13.940000,22.000000,45.545329,5.376823,0.423734,0.164467,0.005692,8699.538044,11.246283
13.950000,22.000000,45.599109,5.379165,0.423890,0.164524,0.005692,8695.916023,11.241600
13.960000,22.000000,45.652912,5.381504,0.424046,0.164581,0.005692,8692.296185,11.236921
13.970000,22.000000,45.706739,5.383843,0.424202,0.164638,0.005692,8688.678528,11.232244
13.980000,22.000000,45.760589,5.386180,0.424358,0.164694,0.005692,8685.063052,11.227570
13.990000,22.000000,45.814462,5.388515,0.424514,0.164751,0.005692,8681.449755,11.222899
14.000000,22.000000,45.868359,5.390850,0.424671,0.164808,0.005692,8677.838637,11.218231
14.010000,22.000000,45.922279,5.393182,0.424827,0.164865,0.005692,8674.229698,11.213566
14.020000,22.000000,45.976223,5.395514,0.424983,0.164922,0.005692,8670.622935,11.208903
14.030000,22.000000,46.030190,5.397844,0.425139,0.164979,0.005692,8667.018348,11.204243
14.040000,22.000000,46.084180,5.400172,0.425295,0.165036,0.005693,8663.415937,11.199586
14.050000,22.000000,46.138193,5.402499,0.425452,0.165093,0.005693,8659.815700,11.194932
14.060000,22.000000,46.192230,5.404825,0.425608,0.165150,0.005693,8656.217636,11.190281
14.070000,22.000000,46.246289,5.407149,0.425764,0.165207,0.005693,8652.621744,11.185632
14.080000,22.000000,46.300373,5.409472,0.425920,0.165264,0.005693,8649.028024,11.180986
14.090000,22.000000,46.354479,5.411794,0.426077,0.165321,0.005693,8645.436474,11.176343
14.100000,22.000000,46.408608,5.414114,0.426233,0.165378,0.005693,8641.847094,11.171703
14.110000,22.000000,46.462761,5.416432,0.426389,0.165434,0.005693,8638.259882,11.167066
14.120000,22.000000,46.516937,5.418750,0.426546,0.165491,0.005693,8634.674838,11.162431
14.130000,22.000000,46.571136,5.421066,0.426702,0.165548,0.005693,8631.091960,11.157799
14.140000,22.000000,46.625358,5.423380,0.426858,0.165605,0.005693,8627.511248,11.153170
14.150000,22.000000,46.679604,5.425693,0.427015,0.165662,0.005693,8623.932701,11.148544
14.160000,22.000000,46.733872,5.428005,0.427171,0.165719,0.005693,8620.356318,11.143921
14.170000,22.000000,46.788164,5.430315,0.427328,0.165776,0.005694,8616.782098,11.139300
14.180000,22.000000,46.842479,5.432624,0.427484,0.165833,0.005694,8613.210039,11.134683
14.190000,22.000000,46.896816,5.434932,0.427640,0.165890,0.005694,8609.640141,11.130068
14.200000,22.000000,46.951177,5.437238,0.427797,0.165947,0.005694,8606.072403,11.125456
14.210000,22.000000,47.005561,5.439542,0.427953,0.166004,0.005694,8602.506824,11.120846
14.220000,22.000000,47.059968,5.441846,0.428110,0.166061,0.005694,8598.943403,11.116240
14.230000,22.000000,47.114398,5.444148,0.428266,0.166118,0.005694,8595.382139,11.111636
14.240000,22.000000,47.168851,5.446448,0.428423,0.166175,0.005694,8591.823032,11.107035
14.250000,22.000000,47.223327,5.448747,0.428579,0.166232,0.005694,8588.266079,11.102436
14.260000,22.000000,47.277826,5.451045,0.428736,0.166289,0.005694,8584.711280,11.097841
14.270000,22.000000,47.332348,5.453341,0.428892,0.166345,0.005694,8581.158634,11.093248
14.280000,22.000000,47.386893,5.455636,0.429049,0.166402,0.005694,8577.608140,11.088659
14.290000,22.000000,47.441461,5.457930,0.429205,0.166459,0.005694,8574.059797,11.084071
14.300000,22.000000,47.496051,5.460222,0.429362,0.166516,0.005694,8570.513604,11.079487
14.310000,22.000000,47.550665,5.462513,0.429518,0.166573,0.005694,8566.969561,11.074906
14.320000,22.000000,47.605302,5.464802,0.429675,0.166630,0.005694,8563.427665,11.070327
14.330000,22.000000,47.659961,5.467090,0.429832,0.166687,0.005694,8559.887917,11.065751
14.340000,22.000000,47.714643,5.469377,0.429988,0.166744,0.005694,8556.350314,11.061178
14.350000,22.000000,47.769349,5.471662,0.430145,0.166801,0.005694,8552.814857,11.056607
14.360000,22.000000,47.824077,5.473946,0.430301,0.166858,0.005694,8549.281544,11.052039
14.370000,22.000000,47.878827,5.476229,0.430458,0.166915,0.005694,8545.750373,11.047475
14.380000,22.000000,47.933601,5.478510,0.430615,0.166972,0.005694,8542.221345,11.042912
14.390000,22.000000,47.988398,5.480789,0.430771,0.167029,0.005694,8538.694458,11.038353
14.400000,22.000000,48.043217,5.483068,0.430928,0.167086,0.005694,8535.169711,11.033796
14.410000,22.000000,48.098059,5.485345,0.431085,0.167143,0.005694,8531.647102,11.029243
14.420000,22.000000,48.152924,5.487620,0.431241,0.167200,0.005694,8528.126632,11.024692
14.430000,22.000000,48.207811,5.489894,0.431398,0.167257,0.005694,8524.608298,11.020143
14.440000,22.000000,48.262722,5.492167,0.431555,0.167313,0.005694,8521.092101,11.015598
14.450000,22.000000,48.317655,5.494438,0.431712,0.167370,0.005694,8517.578038,11.011055
14.460000,22.000000,48.372610,5.496709,0.431868,0.167427,0.005694,8514.066110,11.006515
14.470000,22.000000,48.427589,5.498977,0.432025,0.167484,0.005694,8510.556314,11.001978
14.480000,22.000000,48.482590,5.501244,0.432182,0.167541,0.005694,8507.048649,10.997443
14.490000,22.000000,48.537614,5.503510,0.432339,0.167598,0.005694,8503.543116,10.992911
14.500000,22.000000,48.592660,5.505775,0.432496,0.167655,0.005694,8500.039712,10.988382
14.510000,22.000000,48.647729,5.508038,0.432652,0.167712,0.005694,8496.538437,10.983856
14.520000,22.000000,48.702821,5.510300,0.432809,0.167769,0.005694,8493.039290,10.979333
14.530000,22.000000,48.757935,5.512560,0.432966,0.167826,0.005694,8489.542269,10.974812
14.540000,22.000000,48.813072,5.514819,0.433123,0.167883,0.005694,8486.047373,10.970294
14.550000,22.000000,48.868232,5.517077,0.433280,0.167940,0.005694,8482.554602,10.965779
14.560000,22.000000,48.923414,5.519333,0.433437,0.167997,0.005694,8479.063955,10.961266
14.570000,22.000000,48.978618,5.521588,0.433593,0.168054,0.005694,8475.575430,10.956756
14.580000,22.000000,49.033845,5.523842,0.433750,0.168111,0.005694,8472.089026,10.952249
14.590000,22.000000,49.089095,5.526094,0.433907,0.168168,0.005694,8468.604742,10.947745
14.600000,22.000000,49.144367,5.528345,0.434064,0.168225,0.005694,8465.122578,10.943243
14.610000,22.000000,49.199662,5.530594,0.434221,0.168282,0.005694,8461.642532,10.938745
14.620000,22.000000,49.254979,5.532842,0.434378,0.168338,0.005694,8458.164603,10.934248
14.630000,22.000000,49.310319,5.535089,0.434535,0.168395,0.005694,8454.688790,10.929755
14.640000,22.000000,49.365681,5.537334,0.434692,0.168452,0.005694,8451.215092,10.925265
14.650000,22.000000,49.421066,5.539578,0.434849,0.168509,0.005694,8447.743508,10.920777
14.660000,22.000000,49.476473,5.541821,0.435006,0.168566,0.005694,8444.274036,10.916292
14.670000,22.000000,49.531902,5.544062,0.435163,0.168623,0.005694,8440.806676,10.911809
14.680000,22.000000,49.587354,5.546302,0.435320,0.168680,0.005694,8437.341427,10.907329
14.690000,22.000000,49.642828,5.548540,0.435477,0.168737,0.005694,8433.878288,10.902852
14.700000,22.000000,49.698325,5.550777,0.435634,0.168794,0.005694,8430.417257,10.898378
14.710000,22.000000,49.753843,5.553013,0.435791,0.168851,0.005694,8426.958334,10.893907
14.720000,22.000000,49.809385,5.555248,0.435948,0.168908,0.005694,8423.501517,10.889438
14.730000,22.000000,49.864948,5.557481,0.436105,0.168965,0.005694,8420.046805,10.884972
14.740000,22.000000,49.920534,5.559712,0.436262,0.169022,0.005694,8416.594197,10.880509
14.750000,22.000000,49.976143,5.561943,0.436419,0.169079,0.005694,8413.143693,10.876048
14.760000,22.000000,50.031773,5.564172,0.436576,0.169136,0.005694,8409.695290,10.871590
14.770000,22.000000,50.087426,5.566399,0.436733,0.169193,0.005694,8406.248988,10.867135
14.780000,22.000000,50.143101,5.568625,0.436890,0.169249,0.005694,8402.804787,10.862682
14.790000,22.000000,50.198799,5.570850,0.437047,0.169306,0.005694,8399.362684,10.858233
14.800000,22.000000,50.254518,5.573074,0.437204,0.169363,0.005693,8395.922678,10.853786
14.810000,22.000000,50.310260,5.575296,0.437361,0.169420,0.005693,8392.484769,10.849341
14.820000,22.000000,50.366024,5.577517,0.437519,0.169477,0.005693,8389.048956,10.844900
14.830000,22.000000,50.421810,5.579736,0.437676,0.169534,0.005693,8385.615237,10.840461
14.840000,22.000000,50.477619,5.581955,0.437833,0.169591,0.005693,8382.183611,10.836024
14.850000,22.000000,50.533449,5.584171,0.437990,0.169648,0.005693,8378.754077,10.831591
14.860000,22.000000,50.589302,5.586387,0.438147,0.169705,0.005693,8375.326635,10.827160
14.870000,22.000000,50.645177,5.588601,0.438304,0.169762,0.005693,8371.901282,10.822732
14.880000,22.000000,50.701074,5.590814,0.438462,0.169819,0.005693,8368.478018,10.818307
14.890000,22.000000,50.756993,5.593025,0.438619,0.169876,0.005693,8365.056842,10.813884
14.900000,22.000000,50.812935,5.595235,0.438776,0.169933,0.005693,8361.637752,10.809464
14.910000,22.000000,50.868898,5.597444,0.438933,0.169990,0.005693,8358.220748,10.805047
14.920000,22.000000,50.924884,5.599651,0.439090,0.170047,0.005693,8354.805828,10.800632
14.930000,22.000000,50.980891,5.601857,0.439248,0.170103,0.005693,8351.392992,10.796220
14.940000,22.000000,51.036921,5.604062,0.439405,0.170160,0.005692,8347.982237,10.791811
14.950000,22.000000,51.092972,5.606265,0.439562,0.170217,0.005692,8344.573564,10.787404
14.960000,22.000000,51.149046,5.608467,0.439719,0.170274,0.005692,8341.166970,10.783000
14.970000,22.000000,51.205142,5.610667,0.439877,0.170331,0.005692,8337.762456,10.778599
14.980000,22.000000,51.261259,5.612867,0.440034,0.170388,0.005692,8334.360018,10.774201
14.990000,22.000000,51.317399,5.615065,0.440191,0.170445,0.005692,8330.959658,10.769805
15.000000,22.000000,51.373561,5.617261,0.440349,0.170502,0.005692,8327.561373,10.765412
15.010000,22.000000,51.429744,5.619456,0.440506,0.170559,0.005692,8324.165162,10.761021
15.020000,22.000000,51.485950,5.621650,0.440663,0.170616,0.005692,8320.771024,10.756634
15.030000,22.000000,51.542177,5.623843,0.440820,0.170673,0.005692,8317.378958,10.752249
15.040000,22.000000,51.598427,5.626034,0.440978,0.170730,0.005691,8313.988963,10.747866
15.050000,22.000000,51.654698,5.628224,0.441135,0.170786,0.005691,8310.601038,10.743486
15.060000,22.000000,51.710991,5.630412,0.441293,0.170843,0.005691,8307.215181,10.739109
15.070000,22.000000,51.767306,5.632600,0.441450,0.170900,0.005691,8303.831392,10.734735
15.080000,22.000000,51.823643,5.634786,0.441607,0.170957,0.005691,8300.449669,10.730363
15.090000,22.000000,51.880002,5.636970,0.441765,0.171014,0.005691,8297.070011,10.725994
15.100000,22.000000,51.936383,5.639153,0.441922,0.171071,0.005691,8293.692417,10.721628
15.110000,22.000000,51.992785,5.641335,0.442079,0.171128,0.005691,8290.316887,10.717264
15.120000,22.000000,52.049209,5.643516,0.442237,0.171185,0.005691,8286.943417,10.712903
15.130000,22.000000,52.105655,5.645695,0.442394,0.171242,0.005690,8283.572009,10.708545
15.140000,22.000000,52.162123,5.647873,0.442552,0.171299,0.005690,8280.202660,10.704189
15.150000,22.000000,52.218613,5.650049,0.442709,0.171356,0.005690,8276.835369,10.699836
15.160000,22.000000,52.275124,5.652225,0.442866,0.171412,0.005690,8273.470135,10.695486
15.170000,22.000000,52.331657,5.654398,0.443024,0.171469,0.005690,8270.106958,10.691138
15.180000,22.000000,52.388212,5.656571,0.443181,0.171526,0.005690,8266.745835,10.686793
15.190000,22.000000,52.444789,5.658742,0.443339,0.171583,0.005690,8263.386766,10.682450
15.200000,22.000000,52.501387,5.660912,0.443496,0.171640,0.005690,8260.029749,10.678111
15.210000,22.000000,52.558007,5.663081,0.443654,0.171697,0.005689,8256.674784,10.673774
15.220000,22.000000,52.614649,5.665248,0.443811,0.171754,0.005689,8253.321869,10.669439
15.230000,22.000000,52.671312,5.667414,0.443969,0.171811,0.005689,8249.971002,10.665107
15.240000,22.000000,52.727997,5.669578,0.444126,0.171868,0.005689,8246.622184,10.660778
15.250000,22.000000,52.784703,5.671742,0.444284,0.171925,0.005689,8243.275413,10.656452
15.260000,22.000000,52.841432,5.673904,0.444441,0.171981,0.005689,8239.930687,10.652128
15.270000,22.000000,52.898181,5.676064,0.444599,0.172038,0.005689,8236.588005,10.647806
15.280000,22.000000,52.954953,5.678224,0.444756,0.172095,0.005688,8233.247367,10.643488
15.290000,22.000000,53.011746,5.680382,0.444914,0.172152,0.005688,8229.908771,10.639172
15.300000,22.000000,53.068561,5.682538,0.445071,0.172209,0.005688,8226.572216,10.634859
15.310000,22.000000,53.125397,5.684694,0.445229,0.172266,0.005688,8223.237700,10.630548
15.320000,22.000000,53.182254,5.686848,0.445387,0.172323,0.005688,8219.905223,10.626240
15.330000,22.000000,53.239134,5.689000,0.445544,0.172380,0.005688,8216.574783,10.621935
15.340000,22.000000,53.296034,5.691152,0.445702,0.172436,0.005688,8213.246380,10.617632
15.350000,22.000000,53.352957,5.693302,0.445859,0.172493,0.005687,8209.920011,10.613332
15.360000,22.000000,53.409900,5.695451,0.446017,0.172550,0.005687,8206.595676,10.609034
15.370000,22.000000,53.466866,5.697598,0.446175,0.172607,0.005687,8203.273374,10.604739
15.380000,22.000000,53.523852,5.699744,0.446332,0.172664,0.005687,8199.953104,10.600447
15.390000,22.000000,53.580861,5.701889,0.446490,0.172721,0.005687,8196.634864,10.596157
15.400000,22.000000,53.637890,5.704033,0.446647,0.172778,0.005687,8193.318653,10.591870
15.410000,22.000000,53.694941,5.706175,0.446805,0.172835,0.005686,8190.004469,10.587586
15.420000,22.000000,53.752014,5.708316,0.446963,0.172891,0.005686,8186.692313,10.583304
15.430000,22.000000,53.809108,5.710455,0.447120,0.172948,0.005686,8183.382182,10.579025
15.440000,22.000000,53.866223,5.712594,0.447278,0.173005,0.005686,8180.074076,10.574748
15.450000,22.000000,53.923359,5.714731,0.447436,0.173062,0.005686,8176.767993,10.570474
15.460000,22.000000,53.980517,5.716866,0.447593,0.173119,0.005686,8173.463931,10.566203
15.470000,22.000000,54.037697,5.719001,0.447751,0.173176,0.005685,8170.161891,10.561934
15.480000,22.000000,54.094897,5.721134,0.447909,0.173233,0.005685,8166.861870,10.557668
15.490000,22.000000,54.152119,5.723266,0.448066,0.173289,0.005685,8163.563868,10.553405
15.500000,22.000000,54.209363,5.725396,0.448224,0.173346,0.005685,8160.267883,10.549144
15.510000,22.000000,54.266627,5.727525,0.448382,0.173403,0.005685,8156.973914,10.544886
15.520000,22.000000,54.323913,5.729653,0.448539,0.173460,0.005685,8153.681960,10.540630
15.530000,22.000000,54.381220,5.731780,0.448697,0.173517,0.005684,8150.392020,10.536377
15.540000,22.000000,54.438549,5.733905,0.448855,0.173574,0.005684,8147.104092,10.532127
15.550000,22.000000,54.495898,5.736029,0.449013,0.173630,0.005684,8143.818175,10.527879
15.560000,22.000000,54.553269,5.738151,0.449170,0.173687,0.005684,8140.534268,10.523634
15.570000,22.000000,54.610661,5.740273,0.449328,0.173744,0.005684,8137.252371,10.519391
15.580000,22.000000,54.668075,5.742393,0.449486,0.173801,0.005683,8133.972480,10.515151
15.590000,22.000000,54.725509,5.744512,0.449644,0.173858,0.005683,8130.694597,10.510913
15.600000,22.000000,54.782965,5.746629,0.449801,0.173915,0.005683,8127.418719,10.506678
15.610000,22.000000,54.840442,5.748745,0.449959,0.173971,0.005683,8124.144844,10.502446
15.620000,22.000000,54.897940,5.750860,0.450117,0.174028,0.005683,8120.872973,10.498216
15.630000,22.000000,54.955459,5.752974,0.450275,0.174085,0.005682,8117.603103,10.493989
15.640000,22.000000,55.012999,5.755086,0.450433,0.174142,0.005682,8114.335234,10.489765
15.650000,22.000000,55.070561,5.757197,0.450590,0.174199,0.005682,8111.069364,10.485543
15.660000,22.000000,55.128143,5.759307,0.450748,0.174256,0.005682,8107.805492,10.481324
15.670000,22.000000,55.185747,5.761415,0.450906,0.174312,0.005682,8104.543617,10.477107
15.680000,22.000000,55.243372,5.763522,0.451064,0.174369,0.005681,8101.283737,10.472893
15.690000,22.000000,55.301017,5.765628,0.451222,0.174426,0.005681,8098.025852,10.468681
15.700000,22.000000,55.358684,5.767732,0.451379,0.174483,0.005681,8094.769960,10.464472
15.710000,22.000000,55.416372,5.769836,0.451537,0.174540,0.005681,8091.516060,10.460265
15.720000,22.000000,55.474081,5.771938,0.451695,0.174596,0.005681,8088.264151,10.456062
15.730000,22.000000,55.531811,5.774038,0.451853,0.174653,0.005680,8085.014232,10.451860
15.740000,22.000000,55.589562,5.776138,0.452011,0.174710,0.005680,8081.766300,10.447662
15.750000,22.000000,55.647334,5.778236,0.452169,0.174767,0.005680,8078.520356,10.443465
15.760000,22.000000,55.705126,5.780333,0.452326,0.174824,0.005680,8075.276398,10.439272
15.770000,22.000000,55.762940,5.782428,0.452484,0.174880,0.005679,8072.034424,10.435081
15.780000,22.000000,55.820775,5.784522,0.452642,0.174937,0.005679,8068.794434,10.430892
15.790000,22.000000,55.878631,5.786615,0.452800,0.174994,0.005679,8065.556426,10.426706
15.800000,22.000000,55.936507,5.788707,0.452958,0.175051,0.005679,8062.320400,10.422523
15.810000,22.000000,55.994405,5.790798,0.453116,0.175108,0.005679,8059.086353,10.418342
15.820000,22.000000,56.052323,5.792887,0.453274,0.175164,0.005678,8055.854284,10.414164
15.830000,22.000000,56.110262,5.794975,0.453432,0.175221,0.005678,8052.624193,10.409988
15.840000,22.000000,56.168223,5.797061,0.453590,0.175278,0.005678,8049.396078,10.405815
15.850000,22.000000,56.226204,5.799146,0.453748,0.175335,0.005678,8046.169938,10.401645
15.860000,22.000000,56.284206,5.801231,0.453905,0.175392,0.005677,8042.945772,10.397476
15.870000,22.000000,56.342228,5.803313,0.454063,0.175448,0.005677,8039.723578,10.393311
15.880000,22.000000,56.400272,5.805395,0.454221,0.175505,0.005677,8036.503355,10.389148
15.890000,22.000000,56.458336,5.807475,0.454379,0.175562,0.005677,8033.285103,10.384988
15.900000,22.000000,56.516421,5.809554,0.454537,0.175619,0.005676,8030.068819,10.380830
15.910000,22.000000,56.574527,5.811632,0.454695,0.175675,0.005676,8026.854503,10.376675
15.920000,22.000000,56.632654,5.813708,0.454853,0.175732,0.005676,8023.642153,10.372522
15.930000,22.000000,56.690801,5.815783,0.455011,0.175789,0.005676,8020.431768,10.368372
15.940000,22.000000,56.748970,5.817857,0.455169,0.175846,0.005675,8017.223347,10.364224
15.950000,22.000000,56.807159,5.819930,0.455327,0.175902,0.005675,8014.016889,10.360079
15.960000,22.000000,56.865368,5.822001,0.455485,0.175959,0.005675,8010.812392,10.355936
15.970000,22.000000,56.923599,5.824071,0.455643,0.176016,0.005675,8007.609855,10.351796
15.980000,22.000000,56.981850,5.826140,0.455801,0.176073,0.005674,8004.409277,10.347659
15.990000,22.000000,57.040121,5.828207,0.455959,0.176129,0.005674,8001.210657,10.343524
16.000000,22.000000,57.098414,5.830273,0.456117,0.176186,0.005674,7998.013993,10.339391
16.010000,22.000000,57.156727,5.832338,0.456275,0.176243,0.005674,7994.819285,10.335261
16.020000,22.000000,57.215061,5.834402,0.456433,0.176300,0.005673,7991.626530,10.331134
16.030000,22.000000,57.273415,5.836465,0.456591,0.176356,0.005673,7988.435728,10.327009
16.040000,22.000000,57.331790,5.838526,0.456749,0.176413,0.005673,7985.246878,10.322887
16.050000,22.000000,57.390185,5.840586,0.456907,0.176470,0.005673,7982.059978,10.318767
16.060000,22.000000,57.448601,5.842644,0.457065,0.176527,0.005672,7978.875027,10.314649
16.070000,22.000000,57.507038,5.844702,0.457223,0.176583,0.005672,7975.692024,10.310535
16.080000,22.000000,57.565496,5.846758,0.457381,0.176640,0.005672,7972.510967,10.306422
16.090000,22.000000,57.623973,5.848813,0.457539,0.176697,0.005672,7969.331856,10.302312
16.100000,22.000000,57.682472,5.850867,0.457697,0.176753,0.005671,7966.154689,10.298205
16.110000,22.000000,57.740991,5.852919,0.457855,0.176810,0.005671,7962.979464,10.294100
16.120000,22.000000,57.799530,5.854970,0.458013,0.176867,0.005671,7959.806182,10.289998
16.130000,22.000000,57.858090,5.857020,0.458171,0.176924,0.005670,7956.634839,10.285898
16.140000,22.000000,57.916671,5.859069,0.458329,0.176980,0.005670,7953.465436,10.281801
16.150000,22.000000,57.975271,5.861116,0.458488,0.177037,0.005670,7950.297970,10.277707
16.160000,22.000000,58.033893,5.863162,0.458646,0.177094,0.005670,7947.132441,10.273614
16.170000,22.000000,58.092535,5.865207,0.458804,0.177150,0.005669,7943.968848,10.269525
16.180000,22.000000,58.151197,5.867251,0.458962,0.177207,0.005669,7940.807188,10.265437
16.190000,22.000000,58.209880,5.869293,0.459120,0.177264,0.005669,7937.647462,10.261353
16.200000,22.000000,58.268583,5.871334,0.459278,0.177320,0.005669,7934.489667,10.257270
16.210000,22.000000,58.327306,5.873374,0.459436,0.177377,0.005668,7931.333802,10.253191
16.220000,22.000000,58.386050,5.875413,0.459594,0.177434,0.005668,7928.179866,10.249113
16.230000,22.000000,58.444815,5.877450,0.459752,0.177490,0.005668,7925.027859,10.245039
16.240000,22.000000,58.503599,5.879486,0.459910,0.177547,0.005667,7921.877778,10.240966
16.250000,22.000000,58.562404,5.881521,0.460068,0.177604,0.005667,7918.729622,10.236897
16.260000,22.000000,58.621230,5.883555,0.460227,0.177660,0.005667,7915.583391,10.232829
16.270000,22.000000,58.680075,5.885587,0.460385,0.177717,0.005666,7912.439082,10.228765
16.280000,22.000000,58.738941,5.887618,0.460543,0.177774,0.005666,7909.296695,10.224702
16.290000,22.000000,58.797828,5.889648,0.460701,0.177830,0.005666,7906.156228,10.220643
16.300000,22.000000,58.856734,5.891677,0.460859,0.177887,0.005666,7903.017681,10.216585
16.310000,22.000000,58.915661,5.893704,0.461017,0.177944,0.005665,7899.881051,10.212530
16.320000,22.000000,58.974609,5.895731,0.461175,0.178000,0.005665,7896.746338,10.208478
16.330000,22.000000,59.033576,5.897756,0.461334,0.178057,0.005665,7893.613540,10.204428
16.340000,22.000000,59.092564,5.899779,0.461492,0.178114,0.005664,7890.482657,10.200381
16.350000,22.000000,59.151572,5.901802,0.461650,0.178170,0.005664,7887.353686,10.196336
16.360000,22.000000,59.210600,5.903823,0.461808,0.178227,0.005664,7884.226627,10.192293
16.370000,22.000000,59.269648,5.905843,0.461966,0.178284,0.005663,7881.101478,10.188253
16.380000,22.000000,59.328717,5.907862,0.462124,0.178340,0.005663,7877.978238,10.184216
16.390000,22.000000,59.387805,5.909880,0.462282,0.178397,0.005663,7874.856906,10.180180
16.400000,22.000000,59.446914,5.911896,0.462441,0.178453,0.005663,7871.737480,10.176148
16.410000,22.000000,59.506043,5.913911,0.462599,0.178510,0.005662,7868.619960,10.172118
16.420000,22.000000,59.565192,5.915925,0.462757,0.178567,0.005662,7865.504344,10.168090
16.430000,22.000000,59.624362,5.917937,0.462915,0.178623,0.005662,7862.390631,10.164065
16.440000,22.000000,59.683551,5.919949,0.463073,0.178680,0.005661,7859.278819,10.160042
16.450000,22.000000,59.742761,5.921959,0.463232,0.178737,0.005661,7856.168908,10.156022
16.460000,22.000000,59.801990,5.923968,0.463390,0.178793,0.005661,7853.060895,10.152004
16.470000,22.000000,59.861240,5.925976,0.463548,0.178850,0.005660,7849.954781,10.147988
16.480000,22.000000,59.920510,5.927982,0.463706,0.178906,0.005660,7846.850562,10.143975
16.490000,22.000000,59.979800,5.929987,0.463864,0.178963,0.005660,7843.748239,10.139965
16.500000,22.000000,60.039110,5.931992,0.464023,0.179020,0.005659,7840.647810,10.135957
16.510000,22.000000,60.098439,5.933994,0.464181,0.179076,0.005659,7837.549274,10.131951
16.520000,22.000000,60.157789,5.935996,0.464339,0.179133,0.005659,7834.452629,10.127948
16.530000,22.000000,60.217159,5.937996,0.464497,0.179189,0.005658,7831.357874,10.123947
16.540000,22.000000,60.276549,5.939995,0.464655,0.179246,0.005658,7828.265008,10.119949
16.550000,22.000000,60.335959,5.941993,0.464814,0.179303,0.005658,7825.174030,10.115953
16.560000,22.000000,60.395389,5.943990,0.464972,0.179359,0.005657,7822.084939,10.111960
16.570000,22.000000,60.454839,5.945986,0.465130,0.179416,0.005657,7818.997732,10.107969
16.580000,22.000000,60.514309,5.947980,0.465288,0.179472,0.005657,7815.912409,10.103980
16.590000,22.000000,60.573799,5.949973,0.465447,0.179529,0.005656,7812.828969,10.099994
16.600000,22.000000,60.633308,5.951965,0.465605,0.179585,0.005656,7809.747410,10.096011
16.610000,22.000000,60.692838,5.953956,0.465763,0.179642,0.005656,7806.667732,10.092029
16.620000,22.000000,60.752387,5.955945,0.465921,0.179698,0.005655,7803.589932,10.088050
16.630000,22.000000,60.811957,5.957933,0.466080,0.179755,0.005655,7800.514009,10.084074
16.640000,22.000000,60.871546,5.959920,0.466238,0.179812,0.005655,7797.439963,10.080100
16.650000,22.000000,60.931155,5.961906,0.466396,0.179868,0.005654,7794.367792,10.076129
16.660000,22.000000,60.990784,5.963890,0.466554,0.179925,0.005654,7791.297495,10.072159
16.670000,22.000000,61.050433,5.965874,0.466713,0.179981,0.005654,7788.229070,10.068193
16.680000,22.000000,61.110102,5.967856,0.466871,0.180038,0.005653,7785.162516,10.064229
16.690000,22.000000,61.169790,5.969837,0.467029,0.180094,0.005653,7782.097833,10.060267
16.700000,22.000000,61.229498,5.971817,0.467188,0.180151,0.005653,7779.035018,10.056307
16.710000,22.000000,61.289226,5.973795,0.467346,0.180207,0.005652,7775.974070,10.052350
16.720000,22.000000,61.348974,5.975773,0.467504,0.180264,0.005652,7772.914989,10.048396
16.730000,22.000000,61.408742,5.977749,0.467662,0.180320,0.005651,7769.857772,10.044443
16.740000,22.000000,61.468529,5.979724,0.467821,0.180377,0.005651,7766.802419,10.040494
16.750000,22.000000,61.528336,5.981697,0.467979,0.180433,0.005651,7763.748928,10.036546
16.760000,22.000000,61.588163,5.983670,0.468137,0.180490,0.005650,7760.697299,10.032601
16.770000,22.000000,61.648010,5.985641,0.468296,0.180546,0.005650,7757.647529,10.028659
16.780000,22.000000,61.707876,5.987611,0.468454,0.180603,0.005650,7754.599618,10.024718
16.790000,22.000000,61.767762,5.989580,0.468612,0.180659,0.005649,7751.553564,10.020781
16.800000,22.000000,61.827668,5.991548,0.468770,0.180716,0.005649,7748.509366,10.016845
16.810000,22.000000,61.887593,5.993514,0.468929,0.180772,0.005649,7745.467023,10.012912
16.820000,22.000000,61.947538,5.995480,0.469087,0.180829,0.005648,7742.426533,10.008982
16.830000,22.000000,62.007503,5.997444,0.469245,0.180885,0.005648,7739.387896,10.005054
16.840000,22.000000,62.067487,5.999407,0.469404,0.180942,0.005648,7736.351109,10.001128
16.850000,22.000000,62.127491,6.001368,0.469562,0.180998,0.005647,7733.316172,9.997204
16.860000,22.000000,62.187514,6.003329,0.469720,0.181055,0.005647,7730.283084,9.993283
16.870000,22.000000,62.247557,6.005288,0.469879,0.181111,0.005646,7727.251842,9.989365
16.880000,22.000000,62.307620,6.007246,0.470037,0.181168,0.005646,7724.222446,9.985449
16.890000,22.000000,62.367702,6.009203,0.470195,0.181224,0.005646,7721.194895,9.981535
16.900000,22.000000,62.427804,6.011159,0.470354,0.181281,0.005645,7718.169188,9.977623
16.910000,22.000000,62.487925,6.013114,0.470512,0.181337,0.005645,7715.145322,9.973714
16.920000,22.000000,62.548066,6.015067,0.470670,0.181393,0.005645,7712.123297,9.969807
16.930000,22.000000,62.608227,6.017019,0.470829,0.181450,0.005644,7709.103111,9.965903
16.940000,22.000000,62.668407,6.018970,0.470987,0.181506,0.005644,7706.084764,9.962001
16.950000,22.000000,62.728606,6.020920,0.471145,0.181563,0.005643,7703.068254,9.958102
16.960000,22.000000,62.788825,6.022869,0.471304,0.181619,0.005643,7700.053579,9.954204
16.970000,22.000000,62.849063,6.024816,0.471462,0.181676,0.005643,7697.040739,9.950310
16.980000,22.000000,62.909321,6.026762,0.471620,0.181732,0.005642,7694.029732,9.946417
16.990000,22.000000,62.969599,6.028707,0.471779,0.181789,0.005642,7691.020556,9.942527
17.000000,22.000000,63.029895,6.030651,0.471937,0.181845,0.005641,7688.013212,9.938639
17.010000,22.000000,63.090212,6.032594,0.472095,0.181901,0.005641,7685.007696,9.934754
17.020000,22.000000,63.150547,6.034535,0.472254,0.181958,0.005641,7682.004009,9.930871
17.030000,22.000000,63.210902,6.036476,0.472412,0.182014,0.005640,7679.002148,9.926990
17.040000,22.000000,63.271277,6.038415,0.472570,0.182071,0.005640,7676.002113,9.923112
17.050000,22.000000,63.331671,6.040353,0.472729,0.182127,0.005639,7673.003902,9.919236
17.060000,22.000000,63.392084,6.042290,0.472887,0.182183,0.005639,7670.007514,9.915362
17.070000,22.000000,63.452516,6.044225,0.473045,0.182240,0.005639,7667.012948,9.911491
17.080000,22.000000,63.512968,6.046160,0.473204,0.182296,0.005638,7664.020202,9.907622
17.090000,22.000000,63.573440,6.048093,0.473362,0.182352,0.005638,7661.029276,9.903756
17.100000,22.000000,63.633930,6.050025,0.473520,0.182409,0.005638,7658.040167,9.899892
17.110000,22.000000,63.694440,6.051956,0.473679,0.182465,0.005637,7655.052875,9.896030
17.120000,22.000000,63.754969,6.053886,0.473837,0.182522,0.005637,7652.067398,9.892171
17.130000,22.000000,63.815518,6.055814,0.473996,0.182578,0.005636,7649.083735,9.888313
17.140000,22.000000,63.876086,6.057742,0.474154,0.182634,0.005636,7646.101885,9.884459
17.150000,22.000000,63.936673,6.059668,0.474312,0.182691,0.005635,7643.121846,9.880606
17.160000,22.000000,63.997279,6.061593,0.474471,0.182747,0.005635,7640.143618,9.876756
17.170000,22.000000,64.057905,6.063517,0.474629,0.182803,0.005635,7637.167198,9.872908
17.180000,22.000000,64.118549,6.065440,0.474787,0.182860,0.005634,7634.192586,9.869063
17.190000,22.000000,64.179213,6.067361,0.474946,0.182916,0.005634,7631.219781,9.865220
17.200000,22.000000,64.239897,6.069282,0.475104,0.182972,0.005633,7628.248781,9.861379
17.210000,22.000000,64.300599,6.071201,0.475262,0.183029,0.005633,7625.279585,9.857541
17.220000,22.000000,64.361321,6.073119,0.475421,0.183085,0.005633,7622.312191,9.853705
17.230000,22.000000,64.422061,6.075036,0.475579,0.183141,0.005632,7619.346598,9.849871
17.240000,22.000000,64.482821,6.076952,0.475738,0.183198,0.005632,7616.382806,9.846039
17.250000,22.000000,64.543600,6.078866,0.475896,0.183254,0.005631,7613.420812,9.842210
17.260000,22.000000,64.604399,6.080780,0.476054,0.183310,0.005631,7610.460616,9.838384
17.270000,22.000000,64.665216,6.082692,0.476213,0.183367,0.005631,7607.502216,9.834559
17.280000,22.000000,64.726052,6.084603,0.476371,0.183423,0.005630,7604.545611,9.830737
17.290000,22.000000,64.786908,6.086513,0.476530,0.183479,0.005630,7601.590800,9.826917
17.300000,22.000000,64.847783,6.088422,0.476688,0.183536,0.005629,7598.637781,9.823100
17.310000,22.000000,64.908676,6.090329,0.476846,0.183592,0.005629,7595.686553,9.819284
17.320000,22.000000,64.969589,6.092236,0.477005,0.183648,0.005628,7592.737115,9.815472
17.330000,22.000000,65.030521,6.094141,0.477163,0.183704,0.005628,7589.789466,9.811661
17.340000,22.000000,65.091472,6.096045,0.477322,0.183761,0.005628,7586.843604,9.807853
17.350000,22.000000,65.152442,6.097948,0.477480,0.183817,0.005627,7583.899528,9.804047
17.360000,22.000000,65.213431,6.099850,0.477638,0.183873,0.005627,7580.957237,9.800243
17.370000,22.000000,65.274439,6.101751,0.477797,0.183929,0.005626,7578.016729,9.796442
17.380000,22.000000,65.335466,6.103650,0.477955,0.183986,0.005626,7575.078004,9.792643
17.390000,22.000000,65.396512,6.105548,0.478114,0.184042,0.005625,7572.141059,9.788846
17.400000,22.000000,65.457577,6.107446,0.478272,0.184098,0.005625,7569.205895,9.785052
17.410000,22.000000,65.518661,6.109342,0.478430,0.184155,0.005625,7566.272508,9.781260
17.420000,22.000000,65.579764,6.111237,0.478589,0.184211,0.005624,7563.340899,9.777470
17.430000,22.000000,65.640886,6.113130,0.478747,0.184267,0.005624,7560.411065,9.773682
17.440000,22.000000,65.702026,6.115023,0.478905,0.184323,0.005623,7557.483007,9.769897
17.450000,22.000000,65.763186,6.116915,0.479064,0.184379,0.005623,7554.556721,9.766114
17.460000,22.000000,65.824365,6.118805,0.479222,0.184436,0.005622,7551.632208,9.762333
17.470000,22.000000,65.885562,6.120694,0.479381,0.184492,0.005622,7548.709465,9.758555
17.480000,22.000000,65.946779,6.122582,0.479539,0.184548,0.005621,7545.788492,9.754779
17.490000,22.000000,66.008014,6.124469,0.479698,0.184604,0.005621,7542.869287,9.751005
17.500000,22.000000,66.069268,6.126355,0.479856,0.184661,0.005621,7539.951849,9.747234
17.510000,22.000000,66.130541,6.128239,0.480014,0.184717,0.005620,7537.036177,9.743464
17.520000,22.000000,66.191833,6.130123,0.480173,0.184773,0.005620,7534.122269,9.739698
17.530000,22.000000,66.253143,6.132005,0.480331,0.184829,0.005619,7531.210125,9.735933
17.540000,22.000000,66.314473,6.133887,0.480490,0.184885,0.005619,7528.299742,9.732171
17.550000,22.000000,66.375821,6.135767,0.480648,0.184942,0.005618,7525.391120,9.728410
17.560000,22.000000,66.437188,6.137646,0.480806,0.184998,0.005618,7522.484257,9.724653
17.570000,22.000000,66.498574,6.139523,0.480965,0.185054,0.005617,7519.579152,9.720897
17.580000,22.000000,66.559979,6.141400,0.481123,0.185110,0.005617,7516.675804,9.717144
17.590000,22.000000,66.621402,6.143276,0.481282,0.185166,0.005617,7513.774212,9.713393
17.600000,22.000000,66.682844,6.145150,0.481440,0.185222,0.005616,7510.874374,9.709644
17.610000,22.000000,66.744305,6.147023,0.481598,0.185279,0.005616,7507.976289,9.705897
17.620000,22.000000,66.805785,6.148895,0.481757,0.185335,0.005615,7505.079956,9.702153
17.630000,22.000000,66.867283,6.150766,0.481915,0.185391,0.005615,7502.185373,9.698411
17.640000,22.000000,66.928800,6.152636,0.482074,0.185447,0.005614,7499.292539,9.694672
17.650000,22.000000,66.990336,6.154505,0.482232,0.185503,0.005614,7496.401453,9.690934
17.660000,22.000000,67.051890,6.156373,0.482390,0.185559,0.005613,7493.512114,9.687199
17.670000,22.000000,67.113463,6.158239,0.482549,0.185615,0.005613,7490.624520,9.683466
17.680000,22.000000,67.175055,6.160104,0.482707,0.185672,0.005612,7487.738671,9.679735
17.690000,22.000000,67.236665,6.161969,0.482866,0.185728,0.005612,7484.854564,9.676007
17.700000,22.000000,67.298294,6.163832,0.483024,0.185784,0.005612,7481.972199,9.672281
17.710000,22.000000,67.359942,6.165694,0.483183,0.185840,0.005611,7479.091574,9.668557
17.720000,22.000000,67.421608,6.167554,0.483341,0.185896,0.005611,7476.212688,9.664835
17.730000,22.000000,67.483293,6.169414,0.483499,0.185952,0.005610,7473.335540,9.661116
17.740000,22.000000,67.544996,6.171273,0.483658,0.186008,0.005610,7470.460129,9.657399
17.750000,22.000000,67.606718,6.173130,0.483816,0.186064,0.005609,7467.586452,9.653684
17.760000,22.000000,67.668459,6.174987,0.483975,0.186120,0.005609,7464.714510,9.649971
17.770000,22.000000,67.730218,6.176842,0.484133,0.186176,0.005608,7461.844301,9.646261
17.780000,22.000000,67.791996,6.178696,0.484291,0.186233,0.005608,7458.975822,9.642552
17.790000,22.000000,67.853792,6.180549,0.484450,0.186289,0.005607,7456.109074,9.638846
17.800000,22.000000,67.915607,6.182401,0.484608,0.186345,0.005607,7453.244055,9.635143
17.810000,22.000000,67.977440,6.184252,0.484767,0.186401,0.005606,7450.380764,9.631441
17.820000,22.000000,68.039292,6.186101,0.484925,0.186457,0.005606,7447.519199,9.627742
17.830000,22.000000,68.101162,6.187950,0.485083,0.186513,0.005605,7444.659359,9.624045
17.840000,22.000000,68.163051,6.189797,0.485242,0.186569,0.005605,7441.801243,9.620350
17.850000,22.000000,68.224958,6.191644,0.485400,0.186625,0.005604,7438.944850,9.616657
17.860000,22.000000,68.286884,6.193489,0.485559,0.186681,0.005604,7436.090178,9.612967
17.870000,22.000000,68.348828,6.195333,0.485717,0.186737,0.005603,7433.237226,9.609279
17.880000,22.000000,68.410790,6.197176,0.485875,0.186793,0.005603,7430.385993,9.605593
17.890000,22.000000,68.472771,6.199018,0.486034,0.186849,0.005602,7427.536477,9.601909
17.900000,22.000000,68.534771,6.200858,0.486192,0.186905,0.005602,7424.688678,9.598228
17.910000,22.000000,68.596788,6.202698,0.486351,0.186961,0.005602,7421.842593,9.594549
17.920000,22.000000,68.658825,6.204537,0.486509,0.187017,0.005601,7418.998223,9.590872
17.930000,22.000000,68.720879,6.206374,0.486667,0.187073,0.005601,7416.155564,9.587197
17.940000,22.000000,68.782952,6.208210,0.486826,0.187129,0.005600,7413.314618,9.583524
17.950000,22.000000,68.845043,6.210046,0.486984,0.187185,0.005600,7410.475381,9.579854
17.960000,22.000000,68.907153,6.211880,0.487143,0.187241,0.005599,7407.637852,9.576185
17.970000,22.000000,68.969281,6.213713,0.487301,0.187297,0.005599,7404.802032,9.572519
17.980000,22.000000,69.031427,6.215545,0.487460,0.187353,0.005598,7401.967917,9.568856
17.990000,22.000000,69.093592,6.217375,0.487618,0.187409,0.005598,7399.135507,9.565194
18.000000,22.000000,69.155775,6.219205,0.487776,0.187465,0.005597,7396.304801,9.561535
18.010000,22.000000,69.217976,6.221034,0.487935,0.187521,0.005597,7393.475798,9.557878
18.020000,22.000000,69.280195,6.222861,0.488093,0.187577,0.005596,7390.648495,9.554223
18.030000,22.000000,69.342433,6.224688,0.488252,0.187633,0.005596,7387.822893,9.550570
18.040000,22.000000,69.404689,6.226513,0.488410,0.187689,0.005595,7384.998989,9.546919
18.050000,22.000000,69.466963,6.228337,0.488568,0.187745,0.005595,7382.176782,9.543271
18.060000,22.000000,69.529256,6.230160,0.488727,0.187801,0.005594,7379.356272,9.539625
18.070000,22.000000,69.591567,6.231982,0.488885,0.187857,0.005594,7376.537456,9.535981
18.080000,22.000000,69.653896,6.233803,0.489043,0.187913,0.005593,7373.720334,9.532339
18.090000,22.000000,69.716243,6.235623,0.489202,0.187969,0.005593,7370.904904,9.528699
18.100000,22.000000,69.778608,6.237442,0.489360,0.188025,0.005592,7368.091166,9.525062
18.110000,22.000000,69.840992,6.239260,0.489519,0.188080,0.005592,7365.279117,9.521426
18.120000,22.000000,69.903393,6.241076,0.489677,0.188136,0.005591,7362.468757,9.517793
18.130000,22.000000,69.965813,6.242892,0.489835,0.188192,0.005591,7359.660084,9.514162
18.140000,22.000000,70.028251,6.244706,0.489994,0.188248,0.005590,7356.853097,9.510534
18.150000,22.000000,70.090707,6.246519,0.490152,0.188304,0.005590,7354.047795,9.506907
18.160000,22.000000,70.153181,6.248331,0.490311,0.188360,0.005589,7351.244176,9.503283
18.170000,22.000000,70.215674,6.250143,0.490469,0.188416,0.005589,7348.442240,9.499661
18.180000,22.000000,70.278184,6.251953,0.490627,0.188472,0.005588,7345.641985,9.496041
18.190000,22.000000,70.340713,6.253761,0.490786,0.188528,0.005588,7342.843409,9.492423
18.200000,22.000000,70.403259,6.255569,0.490944,0.188583,0.005587,7340.046512,9.488807
18.210000,22.000000,70.465824,6.257376,0.491103,0.188639,0.005586,7337.251293,9.485194
18.220000,22.000000,70.528407,6.259182,0.491261,0.188695,0.005586,7334.457749,9.481582
18.230000,22.000000,70.591008,6.260986,0.491419,0.188751,0.005585,7331.665880,9.477973
18.240000,22.000000,70.653627,6.262790,0.491578,0.188807,0.005585,7328.875685,9.474366
18.250000,22.000000,70.716264,6.264592,0.491736,0.188863,0.005584,7326.087162,9.470761
18.260000,22.000000,70.778919,6.266394,0.491894,0.188919,0.005584,7323.300310,9.467159
18.270000,22.000000,70.841591,6.268194,0.492053,0.188974,0.005583,7320.515127,9.463558
18.280000,22.000000,70.904282,6.269993,0.492211,0.189030,0.005583,7317.731614,9.459960
18.290000,22.000000,70.966991,6.271791,0.492370,0.189086,0.005582,7314.949767,9.456363
18.300000,22.000000,71.029718,6.273588,0.492528,0.189142,0.005582,7312.169586,9.452769
18.310000,22.000000,71.092463,6.275384,0.492686,0.189198,0.005581,7309.391071,9.449177
18.320000,22.000000,71.155226,6.277179,0.492845,0.189254,0.005581,7306.614218,9.445588
18.330000,22.000000,71.218007,6.278973,0.493003,0.189309,0.005580,7303.839028,9.442000
18.340000,22.000000,71.280805,6.280766,0.493161,0.189365,0.005580,7301.065499,9.438415
18.350000,22.000000,71.343622,6.282557,0.493320,0.189421,0.005579,7298.293630,9.434831
18.360000,22.000000,71.406457,6.284348,0.493478,0.189477,0.005579,7295.523420,9.431250
18.370000,22.000000,71.469309,6.286138,0.493636,0.189533,0.005578,7292.754866,9.427671
18.380000,22.000000,71.532179,6.287926,0.493795,0.189588,0.005578,7289.987969,9.424094
18.390000,22.000000,71.595067,6.289713,0.493953,0.189644,0.005577,7287.222726,9.420519
18.400000,22.000000,71.657974,6.291500,0.494112,0.189700,0.005577,7284.459137,9.416947
18.410000,22.000000,71.720897,6.293285,0.494270,0.189756,0.005576,7281.697200,9.413376
18.420000,22.000000,71.783839,6.295069,0.494428,0.189811,0.005575,7278.936914,9.409808
18.430000,22.000000,71.846799,6.296852,0.494587,0.189867,0.005575,7276.178279,9.406242
18.440000,22.000000,71.909776,6.298634,0.494745,0.189923,0.005574,7273.421291,9.402678
18.450000,22.000000,71.972772,6.300415,0.494903,0.189979,0.005574,7270.665951,9.399116
18.460000,22.000000,72.035785,6.302195,0.495062,0.190034,0.005573,7267.912257,9.395556
18.470000,22.000000,72.098815,6.303974,0.495220,0.190090,0.005573,7265.160208,9.391998
18.480000,22.000000,72.161864,6.305752,0.495378,0.190146,0.005572,7262.409802,9.388443
18.490000,22.000000,72.224930,6.307529,0.495537,0.190202,0.005572,7259.661039,9.384889
18.500000,22.000000,72.288015,6.309304,0.495695,0.190257,0.005571,7256.913917,9.381338
18.510000,22.000000,72.351117,6.311079,0.495853,0.190313,0.005571,7254.168434,9.377789
18.520000,22.000000,72.414236,6.312853,0.496012,0.190369,0.005570,7251.424591,9.374242
18.530000,22.000000,72.477374,6.314625,0.496170,0.190424,0.005570,7248.682384,9.370697
18.540000,22.000000,72.540529,6.316397,0.496328,0.190480,0.005569,7245.941814,9.367154
18.550000,22.000000,72.603702,6.318167,0.496487,0.190536,0.005568,7243.202879,9.363613
18.560000,22.000000,72.666892,6.319936,0.496645,0.190591,0.005568,7240.465577,9.360074
18.570000,22.000000,72.730100,6.321705,0.496803,0.190647,0.005567,7237.729908,9.356538
18.580000,22.000000,72.793326,6.323472,0.496962,0.190703,0.005567,7234.995870,9.353003
18.590000,22.000000,72.856570,6.325238,0.497120,0.190758,0.005566,7232.263461,9.349471
18.600000,22.000000,72.919831,6.327003,0.497278,0.190814,0.005566,7229.532682,9.345941
18.610000,22.000000,72.983110,6.328767,0.497437,0.190870,0.005565,7226.803530,9.342413
18.620000,22.000000,73.046406,6.330530,0.497595,0.190925,0.005565,7224.076004,9.338887
18.630000,22.000000,73.109720,6.332292,0.497753,0.190981,0.005564,7221.350103,9.335363
18.640000,22.000000,73.173052,6.334053,0.497911,0.191037,0.005564,7218.625826,9.331841
18.650000,22.000000,73.236401,6.335813,0.498070,0.191092,0.005563,7215.903172,9.328321
18.660000,22.000000,73.299768,6.337572,0.498228,0.191148,0.005562,7213.182139,9.324804
18.670000,22.000000,73.363153,6.339329,0.498386,0.191204,0.005562,7210.462726,9.321288
18.680000,22.000000,73.426555,6.341086,0.498545,0.191259,0.005561,7207.744931,9.317775
18.690000,22.000000,73.489975,6.342842,0.498703,0.191315,0.005561,7205.028755,9.314264
18.700000,22.000000,73.553412,6.344597,0.498861,0.191370,0.005560,7202.314194,9.310754
18.710000,22.000000,73.616866,6.346350,0.499020,0.191426,0.005560,7199.601249,9.307247
18.720000,22.000000,73.680339,6.348103,0.499178,0.191482,0.005559,7196.889918,9.303742
18.730000,22.000000,73.743829,6.349854,0.499336,0.191537,0.005558,7194.180199,9.300239
18.740000,22.000000,73.807336,6.351605,0.499494,0.191593,0.005558,7191.472092,9.296738
18.750000,22.000000,73.870861,6.353354,0.499653,0.191648,0.005557,7188.765595,9.293239
18.760000,22.000000,73.934403,6.355102,0.499811,0.191704,0.005557,7186.060707,9.289743
18.770000,22.000000,73.997963,6.356850,0.499969,0.191759,0.005556,7183.357426,9.286248
18.780000,22.000000,74.061540,6.358596,0.500128,0.191815,0.005556,7180.655753,9.282756
18.790000,22.000000,74.125135,6.360341,0.500286,0.191871,0.005555,7177.955684,9.279265
18.800000,22.000000,74.188747,6.362086,0.500444,0.191926,0.005555,7175.257219,9.275777
18.810000,22.000000,74.252376,6.363829,0.500602,0.191982,0.005554,7172.560358,9.272290
18.820000,22.000000,74.316023,6.365571,0.500761,0.192037,0.005553,7169.865098,9.268806
18.830000,22.000000,74.379688,6.367312,0.500919,0.192093,0.005553,7167.171438,9.265324
18.840000,22.000000,74.443370,6.369052,0.501077,0.192148,0.005552,7164.479378,9.261844
18.850000,22.000000,74.507069,6.370791,0.501235,0.192204,0.005552,7161.788915,9.258366
18.860000,22.000000,74.570785,6.372529,0.501394,0.192259,0.005551,7159.100049,9.254890
18.870000,22.000000,74.634519,6.374266,0.501552,0.192315,0.005551,7156.412779,9.251416
18.880000,22.000000,74.698271,6.376002,0.501710,0.192370,0.005550,7153.727103,9.247944
18.890000,22.000000,74.762039,6.377737,0.501869,0.192426,0.005549,7151.043019,9.244474
18.900000,22.000000,74.825825,6.379471,0.502027,0.192481,0.005549,7148.360528,9.241006
18.910000,22.000000,74.889629,6.381204,0.502185,0.192537,0.005548,7145.679627,9.237540
18.920000,22.000000,74.953449,6.382936,0.502343,0.192592,0.005548,7143.000316,9.234077
18.930000,22.000000,75.017287,6.384667,0.502501,0.192648,0.005547,7140.322593,9.230615
18.940000,22.000000,75.081143,6.386396,0.502660,0.192703,0.005547,7137.646456,9.227155
18.950000,22.000000,75.145015,6.388125,0.502818,0.192759,0.005546,7134.971906,9.223698
18.960000,22.000000,75.208905,6.389853,0.502976,0.192814,0.005545,7132.298940,9.220243
18.970000,22.000000,75.272812,6.391580,0.503134,0.192870,0.005545,7129.627557,9.216789
18.980000,22.000000,75.336737,6.393305,0.503293,0.192925,0.005544,7126.957756,9.213338
18.990000,22.000000,75.400679,6.395030,0.503451,0.192980,0.005544,7124.289536,9.209888
19.000000,22.000000,75.464637,6.396754,0.503609,0.193036,0.005543,7121.622896,9.206441
19.010000,22.000000,75.528614,6.398476,0.503767,0.193091,0.005542,7118.957834,9.202996
19.020000,22.000000,75.592607,6.400198,0.503926,0.193147,0.005542,7116.294349,9.199553
19.030000,22.000000,75.656618,6.401918,0.504084,0.193202,0.005541,7113.632440,9.196111
19.040000,22.000000,75.720645,6.403638,0.504242,0.193258,0.005541,7110.972106,9.192672
19.050000,22.000000,75.784690,6.405357,0.504400,0.193313,0.005540,7108.313346,9.189235
19.060000,22.000000,75.848752,6.407074,0.504558,0.193368,0.005540,7105.656157,9.185800
19.070000,22.000000,75.912832,6.408791,0.504717,0.193424,0.005539,7103.000540,9.182367
19.080000,22.000000,75.976928,6.410506,0.504875,0.193479,0.005538,7100.346493,9.178936
19.090000,22.000000,76.041042,6.412221,0.505033,0.193535,0.005538,7097.694015,9.175507
19.100000,22.000000,76.105173,6.413934,0.505191,0.193590,0.005537,7095.043104,9.172080
19.110000,22.000000,76.169321,6.415647,0.505349,0.193645,0.005537,7092.393759,9.168655
19.120000,22.000000,76.233486,6.417358,0.505508,0.193701,0.005536,7089.745979,9.165232
19.130000,22.000000,76.297668,6.419069,0.505666,0.193756,0.005535,7087.099763,9.161812
19.140000,22.000000,76.361867,6.420778,0.505824,0.193811,0.005535,7084.455110,9.158393
19.150000,22.000000,76.426083,6.422486,0.505982,0.193867,0.005534,7081.812018,9.154976
19.160000,22.000000,76.490317,6.424194,0.506140,0.193922,0.005534,7079.170486,9.151561
19.170000,22.000000,76.554567,6.425900,0.506298,0.193977,0.005533,7076.530514,9.148148
19.180000,22.000000,76.618835,6.427606,0.506457,0.194033,0.005532,7073.892099,9.144737
19.190000,22.000000,76.683119,6.429310,0.506615,0.194088,0.005532,7071.255241,9.141329
19.200000,22.000000,76.747421,6.431014,0.506773,0.194143,0.005531,7068.619938,9.137922
19.210000,22.000000,76.811740,6.432716,0.506931,0.194199,0.005531,7065.986189,9.134517
19.220000,22.000000,76.876075,6.434417,0.507089,0.194254,0.005530,7063.353993,9.131114
19.230000,22.000000,76.940428,6.436118,0.507247,0.194309,0.005529,7060.723350,9.127714
19.240000,22.000000,77.004798,6.437817,0.507406,0.194365,0.005529,7058.094256,9.124315
19.250000,22.000000,77.069184,6.439516,0.507564,0.194420,0.005528,7055.466712,9.120918
19.260000,22.000000,77.133588,6.441213,0.507722,0.194475,0.005528,7052.840716,9.117523
19.270000,22.000000,77.198008,6.442909,0.507880,0.194530,0.005527,7050.216267,9.114131
19.280000,22.000000,77.262446,6.444605,0.508038,0.194586,0.005526,7047.593364,9.110740
19.290000,22.000000,77.326901,6.446299,0.508196,0.194641,0.005526,7044.972006,9.107351
19.300000,22.000000,77.391372,6.447992,0.508354,0.194696,0.005525,7042.352191,9.103964
19.310000,22.000000,77.455860,6.449685,0.508513,0.194751,0.005525,7039.733918,9.100580
19.320000,22.000000,77.520366,6.451376,0.508671,0.194807,0.005524,7037.117185,9.097197
19.330000,22.000000,77.584888,6.453067,0.508829,0.194862,0.005523,7034.501993,9.093816
19.340000,22.000000,77.649427,6.454756,0.508987,0.194917,0.005523,7031.888339,9.090437
19.350000,22.000000,77.713983,6.456444,0.509145,0.194972,0.005522,7029.276223,9.087060
19.360000,22.000000,77.778556,6.458132,0.509303,0.195028,0.005522,7026.665643,9.083686
19.370000,22.000000,77.843146,6.459818,0.509461,0.195083,0.005521,7024.056597,9.080313
19.380000,22.000000,77.907752,6.461504,0.509619,0.195138,0.005520,7021.449086,9.076942
19.390000,22.000000,77.972376,6.463188,0.509777,0.195193,0.005520,7018.843107,9.073573
19.400000,22.000000,78.037016,6.464872,0.509935,0.195248,0.005519,7016.238660,9.070206
19.410000,22.000000,78.101673,6.466554,0.510094,0.195304,0.005519,7013.635742,9.066841
19.420000,22.000000,78.166347,6.468236,0.510252,0.195359,0.005518,7011.034354,9.063478
19.430000,22.000000,78.231038,6.469916,0.510410,0.195414,0.005517,7008.434493,9.060117
19.440000,22.000000,78.295745,6.471596,0.510568,0.195469,0.005517,7005.836160,9.056758
19.450000,22.000000,78.360470,6.473274,0.510726,0.195524,0.005516,7003.239351,9.053401
19.460000,22.000000,78.425211,6.474952,0.510884,0.195579,0.005516,7000.644067,9.050046
19.470000,22.000000,78.489969,6.476628,0.511042,0.195635,0.005515,6998.050306,9.046693
19.480000,22.000000,78.554744,6.478304,0.511200,0.195690,0.005514,6995.458066,9.043342
19.490000,22.000000,78.619535,6.479978,0.511358,0.195745,0.005514,6992.867348,9.039993
19.500000,22.000000,78.684343,6.481652,0.511516,0.195800,0.005513,6990.278149,9.036646
19.510000,22.000000,78.749168,6.483325,0.511674,0.195855,0.005512,6987.690468,9.033301
19.520000,22.000000,78.814010,6.484996,0.511832,0.195910,0.005512,6985.104304,9.029957
19.530000,22.000000,78.878868,6.486667,0.511990,0.195965,0.005511,6982.519656,9.026616
19.540000,22.000000,78.943743,6.488337,0.512148,0.196020,0.005511,6979.936523,9.023277
19.550000,22.000000,79.008635,6.490005,0.512306,0.196076,0.005510,6977.354903,9.019939
19.560000,22.000000,79.073543,6.491673,0.512465,0.196131,0.005509,6974.774796,9.016604
19.570000,22.000000,79.138468,6.493340,0.512623,0.196186,0.005509,6972.196200,9.013271
19.580000,22.000000,79.203410,6.495006,0.512781,0.196241,0.005508,6969.619114,9.009939
19.590000,22.000000,79.268368,6.496670,0.512939,0.196296,0.005507,6967.043537,9.006609
19.600000,22.000000,79.333343,6.498334,0.513097,0.196351,0.005507,6964.469467,9.003282
19.610000,22.000000,79.398335,6.499997,0.513255,0.196406,0.005506,6961.896904,8.999956
19.620000,22.000000,79.463343,6.501659,0.513413,0.196461,0.005506,6959.325846,8.996632
19.630000,22.000000,79.528368,6.503320,0.513571,0.196516,0.005505,6956.756293,8.993311
19.640000,22.000000,79.593410,6.504980,0.513729,0.196571,0.005504,6954.188242,8.989991
19.650000,22.000000,79.658468,6.506639,0.513887,0.196626,0.005504,6951.621693,8.986673
19.660000,22.000000,79.723542,6.508297,0.514045,0.196681,0.005503,6949.056644,8.983357
19.670000,22.000000,79.788634,6.509954,0.514203,0.196736,0.005502,6946.493095,8.980043
19.680000,22.000000,79.853741,6.511610,0.514361,0.196791,0.005502,6943.931044,8.976731
19.690000,22.000000,79.918866,6.513265,0.514519,0.196846,0.005501,6941.370490,8.973421
19.700000,22.000000,79.984007,6.514919,0.514677,0.196901,0.005501,6938.811432,8.970113
19.710000,22.000000,80.049164,6.516572,0.514835,0.196956,0.005500,6936.253869,8.966806
19.720000,22.000000,80.114338,6.518224,0.514993,0.197011,0.005499,6933.697799,8.963502
19.730000,22.000000,80.179529,6.519875,0.515151,0.197066,0.005499,6931.143221,8.960200
19.740000,22.000000,80.244736,6.521526,0.515309,0.197121,0.005498,6928.590135,8.956899
19.750000,22.000000,80.309959,6.523175,0.515466,0.197176,0.005497,6926.038539,8.953600
19.760000,22.000000,80.375199,6.524823,0.515624,0.197231,0.005497,6923.488431,8.950304
19.770000,22.000000,80.440456,6.526471,0.515782,0.197286,0.005496,6920.939811,8.947009
19.780000,22.000000,80.505728,6.528117,0.515940,0.197341,0.005495,6918.392678,8.943716
19.790000,22.000000,80.571018,6.529763,0.516098,0.197396,0.005495,6915.847030,8.940425
19.800000,22.000000,80.636324,6.531407,0.516256,0.197451,0.005494,6913.302866,8.937136
19.810000,22.000000,80.701646,6.533051,0.516414,0.197506,0.005494,6910.760184,8.933849
19.820000,22.000000,80.766985,6.534693,0.516572,0.197561,0.005493,6908.218985,8.930564
19.830000,22.000000,80.832340,6.536335,0.516730,0.197616,0.005492,6905.679267,8.927281
19.840000,22.000000,80.897711,6.537975,0.516888,0.197671,0.005492,6903.141027,8.924000
19.850000,22.000000,80.963099,6.539615,0.517046,0.197726,0.005491,6900.604267,8.920720
19.860000,22.000000,81.028504,6.541254,0.517204,0.197781,0.005490,6898.068983,8.917443
19.870000,22.000000,81.093924,6.542892,0.517362,0.197836,0.005490,6895.535175,8.914167
19.880000,22.000000,81.159362,6.544529,0.517520,0.197890,0.005489,6893.002842,8.910894
19.890000,22.000000,81.224815,6.546164,0.517677,0.197945,0.005488,6890.471983,8.907622
19.900000,22.000000,81.290285,6.547799,0.517835,0.198000,0.005488,6887.942596,8.904352
19.910000,22.000000,81.355771,6.549433,0.517993,0.198055,0.005487,6885.414681,8.901084
19.920000,22.000000,81.421274,6.551066,0.518151,0.198110,0.005486,6882.888236,8.897818
19.930000,22.000000,81.486792,6.552699,0.518309,0.198165,0.005486,6880.363259,8.894554
19.940000,22.000000,81.552327,6.554330,0.518467,0.198220,0.005485,6877.839751,8.891292
19.950000,22.000000,81.617879,6.555960,0.518625,0.198275,0.005485,6875.317709,8.888031
19.960000,22.000000,81.683447,6.557589,0.518783,0.198329,0.005484,6872.797133,8.884773
19.970000,22.000000,81.749031,6.559217,0.518941,0.198384,0.005483,6870.278021,8.881516
19.980000,22.000000,81.814631,6.560845,0.519098,0.198439,0.005483,6867.760372,8.878262
19.990000,22.000000,81.880248,6.562471,0.519256,0.198494,0.005482,6865.244186,8.875009
20.000000,22.000000,81.945880,6.564097,0.519414,0.198549,0.005481,6862.729460,8.871758
20.010000,22.000000,82.011530,6.565721,0.519572,0.198603,0.005481,6860.216194,8.868509
20.020000,22.000000,82.077195,6.567345,0.519730,0.198658,0.005480,6857.704387,8.865262
20.030000,22.000000,82.142876,6.568967,0.519888,0.198713,0.005479,6855.194037,8.862017
20.040000,22.000000,82.208574,6.570589,0.520046,0.198768,0.005479,6852.685143,8.858773
20.050000,22.000000,82.274288,6.572210,0.520203,0.198823,0.005478,6850.177705,8.855532
20.060000,22.000000,82.340018,6.573830,0.520361,0.198877,0.005477,6847.671720,8.852292
20.070000,22.000000,82.405765,6.575449,0.520519,0.198932,0.005477,6845.167189,8.849054
20.080000,22.000000,82.471527,6.577066,0.520677,0.198987,0.005476,6842.664109,8.845819
20.090000,22.000000,82.537306,6.578683,0.520835,0.199042,0.005475,6840.162479,8.842585
20.100000,22.000000,82.603101,6.580300,0.520992,0.199096,0.005475,6837.662299,8.839353
20.110000,22.000000,82.668912,6.581915,0.521150,0.199151,0.005474,6835.163567,8.836122
20.120000,22.000000,82.734739,6.583529,0.521308,0.199206,0.005473,6832.666283,8.832894
20.130000,22.000000,82.800583,6.585142,0.521466,0.199261,0.005473,6830.170444,8.829667
20.140000,22.000000,82.866442,6.586754,0.521624,0.199315,0.005472,6827.676050,8.826443
20.150000,22.000000,82.932318,6.588366,0.521781,0.199370,0.005471,6825.183100,8.823220
20.160000,22.000000,82.998209,6.589976,0.521939,0.199425,0.005471,6822.691592,8.819999
20.170000,22.000000,83.064117,6.591586,0.522097,0.199480,0.005470,6820.201526,8.816780
20.180000,22.000000,83.130041,6.593194,0.522255,0.199534,0.005469,6817.712899,8.813563
20.190000,22.000000,83.195981,6.594802,0.522412,0.199589,0.005469,6815.225712,8.810348
20.200000,22.000000,83.261937,6.596409,0.522570,0.199644,0.005468,6812.739963,8.807134
20.210000,22.000000,83.327909,6.598015,0.522728,0.199698,0.005468,6810.255651,8.803923
20.220000,22.000000,83.393898,6.599619,0.522886,0.199753,0.005467,6807.772774,8.800713
20.230000,22.000000,83.459902,6.601223,0.523044,0.199808,0.005466,6805.291332,8.797505
20.240000,22.000000,83.525922,6.602826,0.523201,0.199862,0.005466,6802.811323,8.794299
20.250000,22.000000,83.591958,6.604429,0.523359,0.199917,0.005465,6800.332747,8.791095
20.260000,22.000000,83.658011,6.606030,0.523517,0.199972,0.005464,6797.855601,8.787893
20.270000,22.000000,83.724079,6.607630,0.523674,0.200026,0.005464,6795.379886,8.784692
20.280000,22.000000,83.790163,6.609229,0.523832,0.200081,0.005463,6792.905599,8.781494
20.290000,22.000000,83.856263,6.610828,0.523990,0.200135,0.005462,6790.432740,8.778297
20.300000,22.000000,83.922380,6.612425,0.524148,0.200190,0.005462,6787.961308,8.775102
20.310000,22.000000,83.988512,6.614022,0.524305,0.200245,0.005461,6785.491301,8.771909
20.320000,22.000000,84.054660,6.615617,0.524463,0.200299,0.005460,6783.022718,8.768717
20.330000,22.000000,84.120824,6.617212,0.524621,0.200354,0.005459,6780.555559,8.765528
20.340000,22.000000,84.187004,6.618806,0.524778,0.200408,0.005459,6778.089821,8.762341
20.350000,22.000000,84.253200,6.620399,0.524936,0.200463,0.005458,6775.625505,8.759155
20.360000,22.000000,84.319412,6.621991,0.525094,0.200518,0.005457,6773.162608,8.755971
20.370000,22.000000,84.385640,6.623582,0.525251,0.200572,0.005457,6770.701130,8.752789
20.380000,22.000000,84.451884,6.625172,0.525409,0.200627,0.005456,6768.241069,8.749609
20.390000,22.000000,84.518144,6.626761,0.525567,0.200681,0.005455,6765.782425,8.746430
20.400000,22.000000,84.584419,6.628349,0.525724,0.200736,0.005455,6763.325196,8.743254
20.410000,22.000000,84.650711,6.629937,0.525882,0.200790,0.005454,6760.869381,8.740079
20.420000,22.000000,84.717018,6.631523,0.526040,0.200845,0.005453,6758.414980,8.736906
20.430000,22.000000,84.783341,6.633109,0.526197,0.200900,0.005453,6755.961990,8.733735
20.440000,22.000000,84.849680,6.634693,0.526355,0.200954,0.005452,6753.510411,8.730566
20.450000,22.000000,84.916035,6.636277,0.526513,0.201009,0.005451,6751.060241,8.727398
20.460000,22.000000,84.982406,6.637860,0.526670,0.201063,0.005451,6748.611480,8.724233
20.470000,22.000000,85.048792,6.639442,0.526828,0.201118,0.005450,6746.164127,8.721069
20.480000,22.000000,85.115194,6.641023,0.526986,0.201172,0.005449,6743.718179,8.717907
20.490000,22.000000,85.181613,6.642603,0.527143,0.201227,0.005449,6741.273637,8.714747
20.500000,22.000000,85.248046,6.644182,0.527301,0.201281,0.005448,6738.830499,8.711588
20.510000,22.000000,85.314496,6.645760,0.527458,0.201336,0.005447,6736.388764,8.708432
20.520000,22.000000,85.380962,6.647338,0.527616,0.201390,0.005447,6733.948430,8.705277
20.530000,22.000000,85.447443,6.648914,0.527774,0.201444,0.005446,6731.509497,8.702124
20.540000,22.000000,85.513940,6.650490,0.527931,0.201499,0.005445,6729.071964,8.698973
20.550000,22.000000,85.580453,6.652065,0.528089,0.201553,0.005445,6726.635829,8.695824
20.560000,22.000000,85.646981,6.653638,0.528246,0.201608,0.005444,6724.201092,8.692676
20.570000,22.000000,85.713526,6.655211,0.528404,0.201662,0.005443,6721.767751,8.689530
20.580000,22.000000,85.780085,6.656783,0.528561,0.201717,0.005443,6719.335805,8.686387
20.590000,22.000000,85.846661,6.658354,0.528719,0.201771,0.005442,6716.905252,8.683244
20.600000,22.000000,85.913253,6.659924,0.528877,0.201826,0.005441,6714.476093,8.680104
20.610000,22.000000,85.979860,6.661494,0.529034,0.201880,0.005441,6712.048326,8.676966
20.620000,22.000000,86.046482,6.663062,0.529192,0.201934,0.005440,6709.621949,8.673829
20.630000,22.000000,86.113121,6.664629,0.529349,0.201989,0.005439,6707.196961,8.670694
20.640000,22.000000,86.179775,6.666196,0.529507,0.202043,0.005438,6704.773362,8.667561
20.650000,22.000000,86.246445,6.667762,0.529664,0.202097,0.005438,6702.351151,8.664430
20.660000,22.000000,86.313130,6.669326,0.529822,0.202152,0.005437,6699.930325,8.661300
20.670000,22.000000,86.379831,6.670890,0.529979,0.202206,0.005436,6697.510885,8.658173
20.680000,22.000000,86.446548,6.672453,0.530137,0.202261,0.005436,6695.092829,8.655047
20.690000,22.000000,86.513280,6.674015,0.530294,0.202315,0.005435,6692.676155,8.651922
20.700000,22.000000,86.580028,6.675577,0.530452,0.202369,0.005434,6690.260864,8.648800
20.710000,22.000000,86.646792,6.677137,0.530609,0.202424,0.005434,6687.846953,8.645680
20.720000,22.000000,86.713571,6.678696,0.530767,0.202478,0.005433,6685.434421,8.642561
20.730000,22.000000,86.780366,6.680255,0.530924,0.202532,0.005432,6683.023268,8.639444
20.740000,22.000000,86.847176,6.681812,0.531082,0.202587,0.005432,6680.613493,8.636328
20.750000,22.000000,86.914002,6.683369,0.531239,0.202641,0.005431,6678.205094,8.633215
20.760000,22.000000,86.980844,6.684925,0.531397,0.202695,0.005430,6675.798069,8.630103
20.770000,22.000000,87.047701,6.686480,0.531554,0.202750,0.005429,6673.392419,8.626993
20.780000,22.000000,87.114573,6.688034,0.531712,0.202804,0.005429,6670.988142,8.623885
20.790000,22.000000,87.181461,6.689587,0.531869,0.202858,0.005428,6668.585237,8.620779
20.800000,22.000000,87.248365,6.691139,0.532027,0.202912,0.005427,6666.183703,8.617674
20.810000,22.000000,87.315284,6.692691,0.532184,0.202967,0.005427,6663.783538,8.614572
20.820000,22.000000,87.382219,6.694241,0.532342,0.203021,0.005426,6661.384742,8.611471
20.830000,22.000000,87.449169,6.695791,0.532499,0.203075,0.005425,6658.987313,8.608371
20.840000,22.000000,87.516135,6.697340,0.532656,0.203129,0.005425,6656.591250,8.605274
20.850000,22.000000,87.583116,6.698888,0.532814,0.203184,0.005424,6654.196553,8.602178
20.860000,22.000000,87.650112,6.700435,0.532971,0.203238,0.005423,6651.803220,8.599084
20.870000,22.000000,87.717124,6.701981,0.533129,0.203292,0.005422,6649.411251,8.595992
20.880000,22.000000,87.784152,6.703526,0.533286,0.203346,0.005422,6647.020643,8.592902
20.890000,22.000000,87.851195,6.705070,0.533443,0.203401,0.005421,6644.631396,8.589813
20.900000,22.000000,87.918253,6.706614,0.533601,0.203455,0.005420,6642.243509,8.586726
20.910000,22.000000,87.985327,6.708157,0.533758,0.203509,0.005420,6639.856981,8.583641
20.920000,22.000000,88.052416,6.709698,0.533916,0.203563,0.005419,6637.471810,8.580557
20.930000,22.000000,88.119521,6.711239,0.534073,0.203617,0.005418,6635.087996,8.577476
20.940000,22.000000,88.186641,6.712779,0.534230,0.203672,0.005418,6632.705538,8.574396
20.950000,22.000000,88.253777,6.714318,0.534388,0.203726,0.005417,6630.324433,8.571318
20.960000,22.000000,88.320928,6.715856,0.534545,0.203780,0.005416,6627.944683,8.568241
20.970000,22.000000,88.388094,6.717394,0.534702,0.203834,0.005415,6625.566284,8.565167
20.980000,22.000000,88.455275,6.718930,0.534860,0.203888,0.005415,6623.189236,8.562094
20.990000,22.000000,88.522472,6.720466,0.535017,0.203942,0.005414,6620.813539,8.559022
21.000000,22.000000,88.589685,6.722000,0.535174,0.203996,0.005413,6618.439190,8.555953
21.010000,22.000000,88.656912,6.723534,0.535332,0.204051,0.005413,6616.066190,8.552885
21.020000,22.000000,88.724155,6.725067,0.535489,0.204105,0.005412,6613.694536,8.549819
21.030000,22.000000,88.791414,6.726599,0.535646,0.204159,0.005411,6611.324228,8.546755
21.040000,22.000000,88.858687,6.728131,0.535804,0.204213,0.005411,6608.955264,8.543693
21.050000,22.000000,88.925976,6.729661,0.535961,0.204267,0.005410,6606.587644,8.540632
21.060000,22.000000,88.993281,6.731191,0.536118,0.204321,0.005409,6604.221367,8.537573
21.070000,22.000000,89.060600,6.732719,0.536276,0.204375,0.005408,6601.856431,8.534516
21.080000,22.000000,89.127935,6.734247,0.536433,0.204429,0.005408,6599.492835,8.531460
21.090000,22.000000,89.195285,6.735774,0.536590,0.204483,0.005407,6597.130579,8.528406
21.100000,22.000000,89.262650,6.737300,0.536747,0.204537,0.005406,6594.769660,8.525354
21.110000,22.000000,89.330031,6.738825,0.536905,0.204591,0.005406,6592.410079,8.522304
21.120000,22.000000,89.397427,6.740349,0.537062,0.204646,0.005405,6590.051834,8.519255
21.130000,22.000000,89.464838,6.741873,0.537219,0.204700,0.005404,6587.694924,8.516208
21.140000,22.000000,89.532264,6.743395,0.537377,0.204754,0.005403,6585.339347,8.513163
21.150000,22.000000,89.599706,6.744917,0.537534,0.204808,0.005403,6582.985104,8.510120
21.160000,22.000000,89.667163,6.746438,0.537691,0.204862,0.005402,6580.632192,8.507078
21.170000,22.000000,89.734635,6.747958,0.537848,0.204916,0.005401,6578.280611,8.504038
21.180000,22.000000,89.802122,6.749477,0.538005,0.204970,0.005401,6575.930360,8.501000
21.190000,22.000000,89.869624,6.750996,0.538163,0.205024,0.005400,6573.581437,8.497963
21.200000,22.000000,89.937142,6.752513,0.538320,0.205078,0.005399,6571.233841,8.494929
21.210000,22.000000,90.004675,6.754030,0.538477,0.205132,0.005398,6568.887572,8.491895
21.220000,22.000000,90.072222,6.755545,0.538634,0.205186,0.005398,6566.542628,8.488864
21.230000,22.000000,90.139785,6.757060,0.538792,0.205240,0.005397,6564.199009,8.485834
21.240000,22.000000,90.207364,6.758574,0.538949,0.205294,0.005396,6561.856712,8.482806
21.250000,22.000000,90.274957,6.760087,0.539106,0.205348,0.005396,6559.515738,8.479780
21.260000,22.000000,90.342565,6.761600,0.539263,0.205402,0.005395,6557.176085,8.476755
21.270000,22.000000,90.410189,6.763111,0.539420,0.205455,0.005394,6554.837752,8.473733
21.280000,22.000000,90.477828,6.764622,0.539577,0.205509,0.005393,6552.500738,8.470711
21.290000,22.000000,90.545481,6.766131,0.539735,0.205563,0.005393,6550.165041,8.467692
21.300000,22.000000,90.613150,6.767640,0.539892,0.205617,0.005392,6547.830662,8.464674
21.310000,22.000000,90.680834,6.769148,0.540049,0.205671,0.005391,6545.497598,8.461658
21.320000,22.000000,90.748533,6.770656,0.540206,0.205725,0.005391,6543.165849,8.458644
21.330000,22.000000,90.816247,6.772162,0.540363,0.205779,0.005390,6540.835414,8.455631
21.340000,22.000000,90.883976,6.773667,0.540520,0.205833,0.005389,6538.506291,8.452620
21.350000,22.000000,90.951721,6.775172,0.540677,0.205887,0.005388,6536.178480,8.449611
21.360000,22.000000,91.019480,6.776676,0.540835,0.205941,0.005388,6533.851979,8.446603
21.370000,22.000000,91.087254,6.778179,0.540992,0.205995,0.005387,6531.526788,8.443597
21.380000,22.000000,91.155043,6.779681,0.541149,0.206048,0.005386,6529.202905,8.440593
21.390000,22.000000,91.222848,6.781182,0.541306,0.206102,0.005385,6526.880329,8.437591
21.400000,22.000000,91.290667,6.782683,0.541463,0.206156,0.005385,6524.559060,8.434590
21.410000,22.000000,91.358501,6.784182,0.541620,0.206210,0.005384,6522.239096,8.431591
21.420000,22.000000,91.426351,6.785681,0.541777,0.206264,0.005383,6519.920436,8.428593
21.430000,22.000000,91.494215,6.787179,0.541934,0.206318,0.005383,6517.603079,8.425598
21.440000,22.000000,91.562094,6.788676,0.542091,0.206371,0.005382,6515.287024,8.422604
21.450000,22.000000,91.629989,6.790172,0.542248,0.206425,0.005381,6512.972270,8.419611
21.460000,22.000000,91.697898,6.791667,0.542405,0.206479,0.005380,6510.658816,8.416620
21.470000,22.000000,91.765822,6.793162,0.542562,0.206533,0.005380,6508.346661,8.413631
21.480000,22.000000,91.833761,6.794656,0.542719,0.206587,0.005379,6506.035804,8.410644
21.490000,22.000000,91.901715,6.796148,0.542876,0.206640,0.005378,6503.726244,8.407658
21.500000,22.000000,91.969684,6.797640,0.543034,0.206694,0.005377,6501.417980,8.404674
21.510000,22.000000,92.037668,6.799132,0.543191,0.206748,0.005377,6499.111010,8.401692
21.520000,22.000000,92.105667,6.800622,0.543348,0.206802,0.005376,6496.805334,8.398711
21.530000,22.000000,92.173680,6.802111,0.543505,0.206855,0.005375,6494.500950,8.395732
21.540000,22.000000,92.241709,6.803600,0.543662,0.206909,0.005375,6492.197859,8.392755
21.550000,22.000000,92.309752,6.805088,0.543819,0.206963,0.005374,6489.896057,8.389780
21.560000,22.000000,92.377811,6.806575,0.543976,0.207017,0.005373,6487.595546,8.386806
21.570000,22.000000,92.445884,6.808061,0.544133,0.207070,0.005372,6485.296322,8.383833
21.580000,22.000000,92.513972,6.809546,0.544290,0.207124,0.005372,6482.998387,8.380863
21.590000,22.000000,92.582075,6.811031,0.544446,0.207178,0.005371,6480.701737,8.377894
21.600000,22.000000,92.650192,6.812515,0.544603,0.207232,0.005370,6478.406373,8.374926
21.610000,22.000000,92.718325,6.813997,0.544760,0.207285,0.005369,6476.112294,8.371961
21.620000,22.000000,92.786472,6.815479,0.544917,0.207339,0.005369,6473.819497,8.368997
21.630000,22.000000,92.854634,6.816961,0.545074,0.207393,0.005368,6471.527983,8.366034
21.640000,22.000000,92.922812,6.818441,0.545231,0.207446,0.005367,6469.237750,8.363074
21.650000,22.000000,92.991003,6.819921,0.545388,0.207500,0.005366,6466.948798,8.360115
21.660000,22.000000,93.059210,6.821399,0.545545,0.207554,0.005366,6464.661124,8.357157
21.670000,22.000000,93.127431,6.822877,0.545702,0.207607,0.005365,6462.374729,8.354201
21.680000,22.000000,93.195667,6.824354,0.545859,0.207661,0.005364,6460.089610,8.351247
21.690000,22.000000,93.263918,6.825830,0.546016,0.207715,0.005364,6457.805768,8.348295
21.700000,22.000000,93.332184,6.827306,0.546173,0.207768,0.005363,6455.523201,8.345344
21.710000,22.000000,93.400464,6.828780,0.546330,0.207822,0.005362,6453.241908,8.342395
21.720000,22.000000,93.468760,6.830254,0.546487,0.207875,0.005361,6450.961888,8.339448
21.730000,22.000000,93.537070,6.831727,0.546643,0.207929,0.005361,6448.683140,8.336502
21.740000,22.000000,93.605394,6.833199,0.546800,0.207983,0.005360,6446.405662,8.333558
21.750000,22.000000,93.673734,6.834670,0.546957,0.208036,0.005359,6444.129455,8.330615
21.760000,22.000000,93.742088,6.836141,0.547114,0.208090,0.005358,6441.854516,8.327674
21.770000,22.000000,93.810456,6.837611,0.547271,0.208143,0.005358,6439.580846,8.324735
21.780000,22.000000,93.878840,6.839079,0.547428,0.208197,0.005357,6437.308442,8.321797
21.790000,22.000000,93.947238,6.840547,0.547585,0.208251,0.005356,6435.037304,8.318861
21.800000,22.000000,94.015651,6.842015,0.547741,0.208304,0.005355,6432.767431,8.315927
21.810000,22.000000,94.084078,6.843481,0.547898,0.208358,0.005355,6430.498821,8.312994
21.820000,22.000000,94.152520,6.844947,0.548055,0.208411,0.005354,6428.231474,8.310063
21.830000,22.000000,94.220977,6.846411,0.548212,0.208465,0.005353,6425.965389,8.307133
21.840000,22.000000,94.289449,6.847875,0.548369,0.208518,0.005352,6423.700565,8.304206
21.850000,22.000000,94.357935,6.849338,0.548525,0.208572,0.005352,6421.437000,8.301279
21.860000,22.000000,94.426435,6.850801,0.548682,0.208625,0.005351,6419.174694,8.298355
21.870000,22.000000,94.494951,6.852262,0.548839,0.208679,0.005350,6416.913646,8.295432
21.880000,22.000000,94.563481,6.853723,0.548996,0.208732,0.005349,6414.653854,8.292511
21.890000,22.000000,94.632025,6.855183,0.549153,0.208786,0.005349,6412.395318,8.289591
21.900000,22.000000,94.700584,6.856642,0.549309,0.208839,0.005348,6410.138037,8.286673
21.910000,22.000000,94.769158,6.858100,0.549466,0.208893,0.005347,6407.882009,8.283756
21.920000,22.000000,94.837746,6.859557,0.549623,0.208946,0.005347,6405.627234,8.280841
21.930000,22.000000,94.906349,6.861014,0.549780,0.209000,0.005346,6403.373710,8.277928
21.940000,22.000000,94.974967,6.862470,0.549936,0.209053,0.005345,6401.121437,8.275017
21.950000,22.000000,95.043598,6.863925,0.550093,0.209107,0.005344,6398.870414,8.272107
21.960000,22.000000,95.112245,6.865379,0.550250,0.209160,0.005344,6396.620639,8.269198
21.970000,22.000000,95.180906,6.866832,0.550406,0.209213,0.005343,6394.372111,8.266291
21.980000,22.000000,95.249582,6.868285,0.550563,0.209267,0.005342,6392.124830,8.263386
21.990000,22.000000,95.318272,6.869737,0.550720,0.209320,0.005341,6389.878795,8.260483
22.000000,22.000000,95.386976,6.871188,0.550877,0.209374,0.005341,6387.634004,8.257581
22.010000,22.000000,95.455696,6.872638,0.551033,0.209427,0.005340,6385.390456,8.254680
22.020000,22.000000,95.524429,6.874087,0.551190,0.209481,0.005339,6383.148151,8.251782
22.030000,22.000000,95.593177,6.875536,0.551347,0.209534,0.005338,6380.907088,8.248885
22.040000,22.000000,95.661940,6.876984,0.551503,0.209587,0.005338,6378.667265,8.245989
22.050000,22.000000,95.730717,6.878431,0.551660,0.209641,0.005337,6376.428681,8.243095
22.060000,22.000000,95.799508,6.879877,0.551817,0.209694,0.005336,6374.191336,8.240203
22.070000,22.000000,95.868314,6.881322,0.551973,0.209747,0.005335,6371.955229,8.237312
22.080000,22.000000,95.937135,6.882767,0.552130,0.209801,0.005335,6369.720358,8.234423
22.090000,22.000000,96.005970,6.884211,0.552287,0.209854,0.005334,6367.486722,8.231535
22.100000,22.000000,96.074819,6.885654,0.552443,0.209907,0.005333,6365.254321,8.228650
22.110000,22.000000,96.143683,6.887096,0.552600,0.209961,0.005332,6363.023154,8.225765
22.120000,22.000000,96.212561,6.888537,0.552756,0.210014,0.005332,6360.793219,8.222882
22.130000,22.000000,96.281454,6.889978,0.552913,0.210067,0.005331,6358.564515,8.220001
22.140000,22.000000,96.350361,6.891418,0.553070,0.210121,0.005330,6356.337042,8.217122
22.150000,22.000000,96.419282,6.892857,0.553226,0.210174,0.005329,6354.110798,8.214244
22.160000,22.000000,96.488218,6.894295,0.553383,0.210227,0.005328,6351.885783,8.211367
22.170000,22.000000,96.557168,6.895732,0.553539,0.210281,0.005328,6349.661996,8.208493
22.180000,22.000000,96.626132,6.897169,0.553696,0.210334,0.005327,6347.439435,8.205619
22.190000,22.000000,96.695111,6.898605,0.553853,0.210387,0.005326,6345.218099,8.202748
22.200000,22.000000,96.764104,6.900040,0.554009,0.210440,0.005325,6342.997988,8.199878
22.210000,22.000000,96.833112,6.901474,0.554166,0.210494,0.005325,6340.779101,8.197009
22.220000,22.000000,96.902134,6.902907,0.554322,0.210547,0.005324,6338.561436,8.194142
22.230000,22.000000,96.971170,6.904340,0.554479,0.210600,0.005323,6336.344993,8.191277
22.240000,22.000000,97.040221,6.905772,0.554635,0.210653,0.005322,6334.129770,8.188413
22.250000,22.000000,97.109286,6.907203,0.554792,0.210707,0.005322,6331.915767,8.185551
22.260000,22.000000,97.178365,6.908633,0.554948,0.210760,0.005321,6329.702982,8.182691
22.270000,22.000000,97.247458,6.910063,0.555105,0.210813,0.005320,6327.491416,8.179832
22.280000,22.000000,97.316566,6.911491,0.555261,0.210866,0.005319,6325.281065,8.176974
22.290000,22.000000,97.385688,6.912919,0.555418,0.210919,0.005319,6323.071931,8.174118
22.300000,22.000000,97.454824,6.914346,0.555574,0.210973,0.005318,6320.864011,8.171264
22.310000,22.000000,97.523975,6.915773,0.555731,0.211026,0.005317,6318.657305,8.168412
22.320000,22.000000,97.593140,6.917198,0.555887,0.211079,0.005316,6316.451811,8.165560
22.330000,22.000000,97.662319,6.918623,0.556044,0.211132,0.005316,6314.247530,8.162711
22.340000,22.000000,97.731512,6.920047,0.556200,0.211185,0.005315,6312.044459,8.159863
22.350000,22.000000,97.800720,6.921470,0.556357,0.211238,0.005314,6309.842597,8.157016
22.360000,22.000000,97.869942,6.922893,0.556513,0.211291,0.005313,6307.641945,8.154171
22.370000,22.000000,97.939178,6.924315,0.556669,0.211345,0.005313,6305.442500,8.151328
22.380000,22.000000,98.008428,6.925736,0.556826,0.211398,0.005312,6303.244263,8.148486
22.390000,22.000000,98.077692,6.927156,0.556982,0.211451,0.005311,6301.047231,8.145646
22.400000,22.000000,98.146971,6.928575,0.557139,0.211504,0.005310,6298.851404,8.142808
22.410000,22.000000,98.216264,6.929994,0.557295,0.211557,0.005310,6296.656781,8.139970
22.420000,22.000000,98.285571,6.931411,0.557452,0.211610,0.005309,6294.463360,8.137135
22.430000,22.000000,98.354892,6.932828,0.557608,0.211663,0.005308,6292.271142,8.134301
22.440000,22.000000,98.424228,6.934245,0.557764,0.211716,0.005307,6290.080125,8.131469
22.450000,22.000000,98.493577,6.935660,0.557921,0.211769,0.005306,6287.890308,8.128638
22.460000,22.000000,98.562941,6.937075,0.558077,0.211822,0.005306,6285.701689,8.125808
22.470000,22.000000,98.632319,6.938489,0.558233,0.211875,0.005305,6283.514269,8.122981
22.480000,22.000000,98.701711,6.939902,0.558390,0.211928,0.005304,6281.328046,8.120154
22.490000,22.000000,98.771117,6.941314,0.558546,0.211982,0.005303,6279.143019,8.117330
22.500000,22.000000,98.840537,6.942726,0.558702,0.212035,0.005303,6276.959188,8.114506
22.510000,22.000000,98.909971,6.944136,0.558859,0.212088,0.005302,6274.776550,8.111685
22.520000,22.000000,98.979420,6.945546,0.559015,0.212141,0.005301,6272.595106,8.108865
22.530000,22.000000,99.048882,6.946956,0.559171,0.212194,0.005300,6270.414854,8.106046
22.540000,22.000000,99.118359,6.948364,0.559328,0.212247,0.005300,6268.235793,8.103229
22.550000,22.000000,99.187849,6.949772,0.559484,0.212300,0.005299,6266.057923,8.100414
22.560000,22.000000,99.257354,6.951179,0.559640,0.212353,0.005298,6263.881242,8.097600
22.570000,22.000000,99.326873,6.952585,0.559797,0.212406,0.005297,6261.705750,8.094788
22.580000,22.000000,99.396406,6.953990,0.559953,0.212459,0.005296,6259.531445,8.091977
22.590000,22.000000,99.465953,6.955395,0.560109,0.212511,0.005296,6257.358326,8.089168
22.600000,22.000000,99.535514,6.956799,0.560265,0.212564,0.005295,6255.186393,8.086360
22.610000,22.000000,99.605089,6.958202,0.560422,0.212617,0.005294,6253.015644,8.083554
22.620000,22.000000,99.674678,6.959605,0.560578,0.212670,0.005293,6250.846080,8.080749
22.630000,22.000000,99.744281,6.961006,0.560734,0.212723,0.005293,6248.677697,8.077946
22.640000,22.000000,99.813898,6.962407,0.560890,0.212776,0.005292,6246.510497,8.075144
22.650000,22.000000,99.883529,6.963807,0.561047,0.212829,0.005291,6244.344477,8.072344
22.660000,22.000000,99.953174,6.965206,0.561203,0.212882,0.005290,6242.179637,8.069545
22.670000,22.000000,100.022833,6.966605,0.561359,0.212935,0.005290,6240.015976,8.066748
22.680000,22.000000,100.092506,6.968003,0.561515,0.212988,0.005289,6237.853493,8.063953
22.690000,22.000000,100.162193,6.969400,0.561672,0.213041,0.005288,6235.692187,8.061159
22.700000,22.000000,100.231894,6.970796,0.561828,0.213094,0.005287,6233.532056,8.058366
22.710000,22.000000,100.301609,6.972191,0.561984,0.213146,0.005286,6231.373101,8.055575
22.720000,22.000000,100.371338,6.973586,0.562140,0.213199,0.005286,6229.215320,8.052786
22.730000,22.000000,100.441081,6.974980,0.562296,0.213252,0.005285,6227.058712,8.049998
22.740000,22.000000,100.510837,6.976373,0.562452,0.213305,0.005284,6224.903276,8.047211
22.750000,22.000000,100.580608,6.977766,0.562609,0.213358,0.005283,6222.749011,8.044427
22.760000,22.000000,100.650393,6.979158,0.562765,0.213411,0.005283,6220.595916,8.041643
22.770000,22.000000,100.720191,6.980549,0.562921,0.213463,0.005282,6218.443991,8.038861
22.780000,22.000000,100.790004,6.981939,0.563077,0.213516,0.005281,6216.293235,8.036081
22.790000,22.000000,100.859830,6.983328,0.563233,0.213569,0.005280,6214.143645,8.033302
22.800000,22.000000,100.929670,6.984717,0.563389,0.213622,0.005279,6211.995223,8.030525
22.810000,22.000000,100.999524,6.986105,0.563545,0.213675,0.005279,6209.847965,8.027749
22.820000,22.000000,101.069392,6.987492,0.563701,0.213727,0.005278,6207.701873,8.024974
22.830000,22.000000,101.139274,6.988878,0.563858,0.213780,0.005277,6205.556944,8.022202
22.840000,22.000000,101.209170,6.990264,0.564014,0.213833,0.005276,6203.413177,8.019430
22.850000,22.000000,101.279080,6.991649,0.564170,0.213886,0.005276,6201.270573,8.016660
22.860000,22.000000,101.349003,6.993033,0.564326,0.213939,0.005275,6199.129129,8.013892
22.870000,22.000000,101.418940,6.994417,0.564482,0.213991,0.005274,6196.988846,8.011125
22.880000,22.000000,101.488891,6.995799,0.564638,0.214044,0.005273,6194.849721,8.008360
22.890000,22.000000,101.558856,6.997181,0.564794,0.214097,0.005272,6192.711754,8.005596
22.900000,22.000000,101.628835,6.998562,0.564950,0.214149,0.005272,6190.574944,8.002834
22.910000,22.000000,101.698827,6.999943,0.565106,0.214202,0.005271,6188.439291,8.000073
22.920000,22.000000,101.768834,7.001323,0.565262,0.214255,0.005270,6186.304793,7.997313
22.930000,22.000000,101.838854,7.002702,0.565418,0.214308,0.005269,6184.171449,7.994556
22.940000,22.000000,101.908888,7.004080,0.565574,0.214360,0.005269,6182.039258,7.991799
22.950000,22.000000,101.978935,7.005457,0.565730,0.214413,0.005268,6179.908220,7.989044
22.960000,22.000000,102.048997,7.006834,0.565886,0.214466,0.005267,6177.778333,7.986291
22.970000,22.000000,102.119072,7.008210,0.566042,0.214518,0.005266,6175.649597,7.983539
22.980000,22.000000,102.189161,7.009585,0.566198,0.214571,0.005265,6173.522010,7.980789
22.990000,22.000000,102.259264,7.010960,0.566354,0.214624,0.005265,6171.395572,7.978040
23.000000,22.000000,102.329380,7.012333,0.566510,0.214676,0.005264,6169.270282,7.975292
23.010000,22.000000,102.399510,7.013706,0.566666,0.214729,0.005263,6167.146139,7.972546
23.020000,22.000000,102.469654,7.015079,0.566822,0.214781,0.005262,6165.023141,7.969802
23.030000,22.000000,102.539812,7.016450,0.566978,0.214834,0.005262,6162.901289,7.967059
23.040000,22.000000,102.609983,7.017821,0.567134,0.214887,0.005261,6160.780581,7.964317
23.050000,22.000000,102.680168,7.019191,0.567290,0.214939,0.005260,6158.661015,7.961577
23.060000,22.000000,102.750367,7.020560,0.567446,0.214992,0.005259,6156.542592,7.958839
23.070000,22.000000,102.820580,7.021929,0.567602,0.215045,0.005258,6154.425310,7.956101
23.080000,22.000000,102.890806,7.023297,0.567758,0.215097,0.005258,6152.309169,7.953366
23.090000,22.000000,102.961046,7.024664,0.567913,0.215150,0.005257,6150.194167,7.950632
23.100000,22.000000,103.031299,7.026030,0.568069,0.215202,0.005256,6148.080304,7.947899
23.110000,22.000000,103.101566,7.027396,0.568225,0.215255,0.005255,6145.967578,7.945168
23.120000,22.000000,103.171847,7.028761,0.568381,0.215307,0.005255,6143.855988,7.942438
23.130000,22.000000,103.242141,7.030125,0.568537,0.215360,0.005254,6141.745535,7.939710
23.140000,22.000000,103.312449,7.031488,0.568693,0.215412,0.005253,6139.636216,7.936983
23.150000,22.000000,103.382771,7.032851,0.568849,0.215465,0.005252,6137.528031,7.934258
23.160000,22.000000,103.453106,7.034213,0.569004,0.215517,0.005251,6135.420980,7.931534
23.170000,22.000000,103.523455,7.035574,0.569160,0.215570,0.005251,6133.315060,7.928811
23.180000,22.000000,103.593818,7.036934,0.569316,0.215622,0.005250,6131.210271,7.926090
23.190000,22.000000,103.664194,7.038294,0.569472,0.215675,0.005249,6129.106613,7.923371
23.200000,22.000000,103.734584,7.039653,0.569628,0.215727,0.005248,6127.004084,7.920653
23.210000,22.000000,103.804987,7.041012,0.569784,0.215780,0.005247,6124.902683,7.917936
23.220000,22.000000,103.875404,7.042369,0.569939,0.215832,0.005247,6122.802410,7.915221
23.230000,22.000000,103.945835,7.043726,0.570095,0.215885,0.005246,6120.703264,7.912507
23.240000,22.000000,104.016279,7.045082,0.570251,0.215937,0.005245,6118.605243,7.909795
23.250000,22.000000,104.086736,7.046437,0.570407,0.215990,0.005244,6116.508347,7.907084
23.260000,22.000000,104.157207,7.047792,0.570562,0.216042,0.005243,6114.412575,7.904375
23.270000,22.000000,104.227692,7.049146,0.570718,0.216095,0.005243,6112.317926,7.901667
23.280000,22.000000,104.298190,7.050499,0.570874,0.216147,0.005242,6110.224398,7.898961
23.290000,22.000000,104.368702,7.051852,0.571030,0.216199,0.005241,6108.131992,7.896256
23.300000,22.000000,104.439227,7.053203,0.571185,0.216252,0.005240,6106.040707,7.893553
23.310000,22.000000,104.509766,7.054555,0.571341,0.216304,0.005240,6103.950540,7.890850
23.320000,22.000000,104.580318,7.055905,0.571497,0.216357,0.005239,6101.861492,7.888150
23.330000,22.000000,104.650884,7.057254,0.571653,0.216409,0.005238,6099.773562,7.885451
23.340000,22.000000,104.721463,7.058603,0.571808,0.216461,0.005237,6097.686748,7.882753
23.350000,22.000000,104.792056,7.059951,0.571964,0.216514,0.005236,6095.601049,7.880057
23.360000,22.000000,104.862662,7.061299,0.572120,0.216566,0.005236,6093.516466,7.877362
23.370000,22.000000,104.933282,7.062646,0.572275,0.216619,0.005235,6091.432996,7.874668
23.380000,22.000000,105.003915,7.063992,0.572431,0.216671,0.005234,6089.350640,7.871977
23.390000,22.000000,105.074562,7.065337,0.572587,0.216723,0.005233,6087.269395,7.869286
23.400000,22.000000,105.145222,7.066681,0.572742,0.216776,0.005232,6085.189262,7.866597
23.410000,22.000000,105.215896,7.068025,0.572898,0.216828,0.005232,6083.110239,7.863909
23.420000,22.000000,105.286583,7.069368,0.573054,0.216880,0.005231,6081.032326,7.861223
23.430000,22.000000,105.357283,7.070711,0.573209,0.216932,0.005230,6078.955521,7.858538
23.440000,22.000000,105.427997,7.072052,0.573365,0.216985,0.005229,6076.879823,7.855855
23.450000,22.000000,105.498724,7.073393,0.573520,0.217037,0.005228,6074.805233,7.853173
23.460000,22.000000,105.569465,7.074734,0.573676,0.217089,0.005228,6072.731748,7.850493
23.470000,22.000000,105.640219,7.076073,0.573832,0.217142,0.005227,6070.659368,7.847813
23.480000,22.000000,105.710986,7.077412,0.573987,0.217194,0.005226,6068.588092,7.845136
23.490000,22.000000,105.781767,7.078750,0.574143,0.217246,0.005225,6066.517919,7.842460
23.500000,22.000000,105.852561,7.080088,0.574298,0.217298,0.005224,6064.448849,7.839785
23.510000,22.000000,105.923369,7.081424,0.574454,0.217351,0.005224,6062.380880,7.837111
23.520000,22.000000,105.994190,7.082760,0.574610,0.217403,0.005223,6060.314011,7.834440
23.530000,22.000000,106.065024,7.084095,0.574765,0.217455,0.005222,6058.248242,7.831769
23.540000,22.000000,106.135872,7.085430,0.574921,0.217507,0.005221,6056.183572,7.829100
23.550000,22.000000,106.206733,7.086764,0.575076,0.217559,0.005220,6054.119999,7.826432
23.560000,22.000000,106.277607,7.088097,0.575232,0.217612,0.005220,6052.057523,7.823766
23.570000,22.000000,106.348494,7.089429,0.575387,0.217664,0.005219,6049.996144,7.821101
23.580000,22.000000,106.419395,7.090761,0.575543,0.217716,0.005218,6047.935859,7.818438
23.590000,22.000000,106.490310,7.092092,0.575698,0.217768,0.005217,6045.876669,7.815776
23.600000,22.000000,106.561237,7.093422,0.575854,0.217820,0.005217,6043.818572,7.813115
23.610000,22.000000,106.632178,7.094752,0.576009,0.217873,0.005216,6041.761568,7.810456
23.620000,22.000000,106.703132,7.096081,0.576165,0.217925,0.005215,6039.705655,7.807798
23.630000,22.000000,106.774100,7.097409,0.576320,0.217977,0.005214,6037.650833,7.805142
23.640000,22.000000,106.845080,7.098737,0.576476,0.218029,0.005213,6035.597101,7.802487
23.650000,22.000000,106.916074,7.100063,0.576631,0.218081,0.005213,6033.544458,7.799833
23.660000,22.000000,106.987082,7.101390,0.576786,0.218133,0.005212,6031.492903,7.797181
23.670000,22.000000,107.058102,7.102715,0.576942,0.218185,0.005211,6029.442435,7.794530
23.680000,22.000000,107.129136,7.104040,0.577097,0.218237,0.005210,6027.393053,7.791881
23.690000,22.000000,107.200183,7.105364,0.577253,0.218290,0.005209,6025.344757,7.789233
23.700000,22.000000,107.271243,7.106687,0.577408,0.218342,0.005209,6023.297546,7.786587
23.710000,22.000000,107.342317,7.108009,0.577564,0.218394,0.005208,6021.251418,7.783942
23.720000,22.000000,107.413403,7.109331,0.577719,0.218446,0.005207,6019.206373,7.781298
23.730000,22.000000,107.484503,7.110652,0.577874,0.218498,0.005206,6017.162410,7.778656
23.740000,22.000000,107.555617,7.111973,0.578030,0.218550,0.005205,6015.119528,7.776015
23.750000,22.000000,107.626743,7.113293,0.578185,0.218602,0.005205,6013.077726,7.773375
23.760000,22.000000,107.697882,7.114612,0.578340,0.218654,0.005204,6011.037004,7.770737
23.770000,22.000000,107.769035,7.115930,0.578496,0.218706,0.005203,6008.997360,7.768100
23.780000,22.000000,107.840201,7.117248,0.578651,0.218758,0.005202,6006.958793,7.765465
23.790000,22.000000,107.911380,7.118565,0.578807,0.218810,0.005201,6004.921304,7.762831
23.800000,22.000000,107.982572,7.119881,0.578962,0.218862,0.005201,6002.884890,7.760198
23.810000,22.000000,108.053778,7.121197,0.579117,0.218914,0.005200,6000.849551,7.757567
23.820000,22.000000,108.124996,7.122512,0.579272,0.218966,0.005199,5998.815286,7.754937
23.830000,22.000000,108.196228,7.123826,0.579428,0.219018,0.005198,5996.782095,7.752309
23.840000,22.000000,108.267473,7.125139,0.579583,0.219070,0.005197,5994.749976,7.749682
23.850000,22.000000,108.338731,7.126452,0.579738,0.219122,0.005196,5992.718928,7.747056
23.860000,22.000000,108.410002,7.127764,0.579894,0.219174,0.005196,5990.688951,7.744432
23.870000,22.000000,108.481286,7.129076,0.580049,0.219226,0.005195,5988.660044,7.741809
23.880000,22.000000,108.552583,7.130386,0.580204,0.219278,0.005194,5986.632206,7.739188
23.890000,22.000000,108.623894,7.131697,0.580359,0.219330,0.005193,5984.605436,7.736568
23.900000,22.000000,108.695217,7.133006,0.580515,0.219382,0.005192,5982.579733,7.733949
23.910000,22.000000,108.766554,7.134315,0.580670,0.219434,0.005192,5980.555096,7.731332
23.920000,22.000000,108.837903,7.135623,0.580825,0.219486,0.005191,5978.531525,7.728716
23.930000,22.000000,108.909266,7.136930,0.580980,0.219537,0.005190,5976.509019,7.726101
23.940000,22.000000,108.980642,7.138236,0.581136,0.219589,0.005189,5974.487576,7.723488
23.950000,22.000000,109.052031,7.139542,0.581291,0.219641,0.005188,5972.467196,7.720876
23.960000,22.000000,109.123433,7.140848,0.581446,0.219693,0.005188,5970.447878,7.718266
23.970000,22.000000,109.194848,7.142152,0.581601,0.219745,0.005187,5968.429621,7.715656
23.980000,22.000000,109.266276,7.143456,0.581756,0.219797,0.005186,5966.412425,7.713049
23.990000,22.000000,109.337717,7.144759,0.581912,0.219849,0.005185,5964.396288,7.710442
24.000000,22.000000,109.409171,7.146062,0.582067,0.219901,0.005184,5962.381210,7.707837
24.010000,22.000000,109.480638,7.147364,0.582222,0.219952,0.005184,5960.367190,7.705234
24.020000,22.000000,109.552118,7.148665,0.582377,0.220004,0.005183,5958.354226,7.702632
24.030000,22.000000,109.623612,7.149965,0.582532,0.220056,0.005182,5956.342319,7.700031
24.040000,22.000000,109.695118,7.151265,0.582687,0.220108,0.005181,5954.331466,7.697431
24.050000,22.000000,109.766637,7.152564,0.582842,0.220160,0.005180,5952.321668,7.694833
24.060000,22.000000,109.838169,7.153862,0.582998,0.220212,0.005180,5950.312924,7.692236
24.070000,22.000000,109.909714,7.155160,0.583153,0.220263,0.005179,5948.305232,7.689641
24.080000,22.000000,109.981272,7.156457,0.583308,0.220315,0.005178,5946.298592,7.687047
24.090000,22.000000,110.052843,7.157754,0.583463,0.220367,0.005177,5944.293003,7.684454
24.100000,22.000000,110.124427,7.159049,0.583618,0.220419,0.005176,5942.288465,7.681863
24.110000,22.000000,110.196024,7.160344,0.583773,0.220470,0.005176,5940.284975,7.679273
24.120000,22.000000,110.267634,7.161639,0.583928,0.220522,0.005175,5938.282534,7.676684
24.130000,22.000000,110.339257,7.162932,0.584083,0.220574,0.005174,5936.281140,7.674097
24.140000,22.000000,110.410893,7.164225,0.584238,0.220626,0.005173,5934.280793,7.671511
24.150000,22.000000,110.482541,7.165518,0.584393,0.220677,0.005172,5932.281492,7.668926
24.160000,22.000000,110.554203,7.166809,0.584548,0.220729,0.005171,5930.283237,7.666343
24.170000,22.000000,110.625878,7.168100,0.584703,0.220781,0.005171,5928.286025,7.663761
24.180000,22.000000,110.697565,7.169390,0.584858,0.220832,0.005170,5926.289856,7.661181
24.190000,22.000000,110.769265,7.170680,0.585013,0.220884,0.005169,5924.294731,7.658601
24.200000,22.000000,110.840979,7.171969,0.585168,0.220936,0.005168,5922.300646,7.656023
24.210000,22.000000,110.912705,7.173257,0.585323,0.220988,0.005167,5920.307603,7.653447
24.220000,22.000000,110.984444,7.174545,0.585478,0.221039,0.005167,5918.315600,7.650872
24.230000,22.000000,111.056196,7.175832,0.585633,0.221091,0.005166,5916.324636,7.648298
24.240000,22.000000,111.127960,7.177118,0.585788,0.221143,0.005165,5914.334710,7.645726
24.250000,22.000000,111.199738,7.178403,0.585943,0.221194,0.005164,5912.345822,7.643154
24.260000,22.000000,111.271529,7.179688,0.586098,0.221246,0.005163,5910.357970,7.640585
24.270000,22.000000,111.343332,7.180973,0.586253,0.221297,0.005163,5908.371154,7.638016
24.280000,22.000000,111.415148,7.182256,0.586408,0.221349,0.005162,5906.385373,7.635449
24.290000,22.000000,111.486977,7.183539,0.586563,0.221401,0.005161,5904.400627,7.632883
24.300000,22.000000,111.558819,7.184821,0.586718,0.221452,0.005160,5902.416913,7.630319
24.310000,22.000000,111.630673,7.186103,0.586873,0.221504,0.005159,5900.434232,7.627756
24.320000,22.000000,111.702541,7.187384,0.587028,0.221555,0.005158,5898.452583,7.625194
24.330000,22.000000,111.774421,7.188664,0.587182,0.221607,0.005158,5896.471965,7.622634
24.340000,22.000000,111.846314,7.189944,0.587337,0.221659,0.005157,5894.492376,7.620074
24.350000,22.000000,111.918220,7.191222,0.587492,0.221710,0.005156,5892.513817,7.617517
24.360000,22.000000,111.990139,7.192501,0.587647,0.221762,0.005155,5890.536286,7.614960
24.370000,22.000000,112.062070,7.193778,0.587802,0.221813,0.005154,5888.559783,7.612405
24.380000,22.000000,112.134014,7.195055,0.587957,0.221865,0.005154,5886.584306,7.609851
24.390000,22.000000,112.205971,7.196331,0.588112,0.221916,0.005153,5884.609855,7.607299
24.400000,22.000000,112.277941,7.197607,0.588266,0.221968,0.005152,5882.636429,7.604748
24.410000,22.000000,112.349923,7.198882,0.588421,0.222019,0.005151,5880.664028,7.602198
24.420000,22.000000,112.421918,7.200156,0.588576,0.222071,0.005150,5878.692650,7.599649
24.430000,22.000000,112.493926,7.201430,0.588731,0.222122,0.005150,5876.722294,7.597102
24.440000,22.000000,112.565947,7.202703,0.588886,0.222174,0.005149,5874.752960,7.594556
24.450000,22.000000,112.637980,7.203975,0.589040,0.222225,0.005148,5872.784647,7.592012
24.460000,22.000000,112.710026,7.205247,0.589195,0.222277,0.005147,5870.817354,7.589469
24.470000,22.000000,112.782085,7.206518,0.589350,0.222328,0.005146,5868.851081,7.586927
24.480000,22.000000,112.854157,7.207788,0.589505,0.222380,0.005145,5866.885825,7.584386
24.490000,22.000000,112.926241,7.209057,0.589660,0.222431,0.005145,5864.921588,7.581847
24.500000,22.000000,112.998338,7.210326,0.589814,0.222483,0.005144,5862.958367,7.579309
24.510000,22.000000,113.070448,7.211595,0.589969,0.222534,0.005143,5860.996162,7.576772
24.520000,22.000000,113.142570,7.212862,0.590124,0.222586,0.005142,5859.034973,7.574237
24.530000,22.000000,113.214705,7.214129,0.590278,0.222637,0.005141,5857.074798,7.571703
24.540000,22.000000,113.286852,7.215396,0.590433,0.222688,0.005141,5855.115636,7.569170
24.550000,22.000000,113.359013,7.216662,0.590588,0.222740,0.005140,5853.157487,7.566639
24.560000,22.000000,113.431186,7.217927,0.590743,0.222791,0.005139,5851.200350,7.564109
24.570000,22.000000,113.503371,7.219191,0.590897,0.222843,0.005138,5849.244225,7.561580
24.580000,22.000000,113.575570,7.220455,0.591052,0.222894,0.005137,5847.289109,7.559053
24.590000,22.000000,113.647780,7.221718,0.591207,0.222945,0.005136,5845.335003,7.556527
24.600000,22.000000,113.720004,7.222980,0.591361,0.222997,0.005136,5843.381905,7.554002
24.610000,22.000000,113.792240,7.224242,0.591516,0.223048,0.005135,5841.429816,7.551478
24.620000,22.000000,113.864489,7.225503,0.591671,0.223099,0.005134,5839.478733,7.548956
24.630000,22.000000,113.936750,7.226764,0.591825,0.223151,0.005133,5837.528657,7.546435
24.640000,22.000000,114.009024,7.228023,0.591980,0.223202,0.005132,5835.579586,7.543915
24.650000,22.000000,114.081310,7.229283,0.592134,0.223253,0.005132,5833.631520,7.541397
24.660000,22.000000,114.153610,7.230541,0.592289,0.223305,0.005131,5831.684458,7.538880
24.670000,22.000000,114.225921,7.231799,0.592444,0.223356,0.005130,5829.738399,7.536364
24.680000,22.000000,114.298246,7.233056,0.592598,0.223407,0.005129,5827.793341,7.533850
24.690000,22.000000,114.370582,7.234313,0.592753,0.223459,0.005128,5825.849286,7.531336
24.700000,22.000000,114.442932,7.235569,0.592907,0.223510,0.005127,5823.906231,7.528825
24.710000,22.000000,114.515294,7.236824,0.593062,0.223561,0.005127,5821.964175,7.526314
24.720000,22.000000,114.587668,7.238079,0.593216,0.223612,0.005126,5820.023119,7.523805
24.730000,22.000000,114.660055,7.239333,0.593371,0.223664,0.005125,5818.083061,7.521297
24.740000,22.000000,114.732455,7.240586,0.593526,0.223715,0.005124,5816.144000,7.518790
24.750000,22.000000,114.804867,7.241839,0.593680,0.223766,0.005123,5814.205936,7.516285
24.760000,22.000000,114.877292,7.243091,0.593835,0.223817,0.005123,5812.268867,7.513780
24.770000,22.000000,114.949729,7.244342,0.593989,0.223869,0.005122,5810.332794,7.511278
24.780000,22.000000,115.022179,7.245593,0.594144,0.223920,0.005121,5808.397715,7.508776
24.790000,22.000000,115.094641,7.246843,0.594298,0.223971,0.005120,5806.463629,7.506276
24.800000,22.000000,115.167115,7.248093,0.594453,0.224022,0.005119,5804.530536,7.503777
24.810000,22.000000,115.239603,7.249342,0.594607,0.224073,0.005118,5802.598434,7.501279
24.820000,22.000000,115.312102,7.250590,0.594762,0.224124,0.005118,5800.667324,7.498783
24.830000,22.000000,115.384614,7.251838,0.594916,0.224176,0.005117,5798.737203,7.496287
24.840000,22.000000,115.457139,7.253084,0.595070,0.224227,0.005116,5796.808073,7.493794
24.850000,22.000000,115.529676,7.254331,0.595225,0.224278,0.005115,5794.879930,7.491301
24.860000,22.000000,115.602226,7.255576,0.595379,0.224329,0.005114,5792.952776,7.488810
24.870000,22.000000,115.674788,7.256821,0.595534,0.224380,0.005113,5791.026609,7.486320
24.880000,22.000000,115.747362,7.258066,0.595688,0.224431,0.005113,5789.101428,7.483831
24.890000,22.000000,115.819949,7.259310,0.595843,0.224483,0.005112,5787.177232,7.481343
24.900000,22.000000,115.892548,7.260553,0.595997,0.224534,0.005111,5785.254021,7.478857
24.910000,22.000000,115.965160,7.261795,0.596151,0.224585,0.005110,5783.331794,7.476372
24.920000,22.000000,116.037784,7.263037,0.596306,0.224636,0.005109,5781.410550,7.473889
24.930000,22.000000,116.110421,7.264278,0.596460,0.224687,0.005109,5779.490288,7.471406
24.940000,22.000000,116.183070,7.265519,0.596614,0.224738,0.005108,5777.571008,7.468925
24.950000,22.000000,116.255731,7.266759,0.596769,0.224789,0.005107,5775.652708,7.466445
24.960000,22.000000,116.328405,7.267998,0.596923,0.224840,0.005106,5773.735389,7.463967
24.970000,22.000000,116.401091,7.269237,0.597077,0.224891,0.005105,5771.819048,7.461489
24.980000,22.000000,116.473790,7.270475,0.597232,0.224942,0.005104,5769.903686,7.459013
24.990000,22.000000,116.546501,7.271712,0.597386,0.224993,0.005104,5767.989302,7.456538
25.000000,22.000000,116.619224,7.272949,0.597540,0.225044,0.005103,5766.075894,7.454065
25.010000,22.000000,116.691960,7.274185,0.597695,0.225095,0.005102,5764.163462,7.451592
25.020000,22.000000,116.764708,7.275421,0.597849,0.225146,0.005101,5762.252006,7.449121
25.030000,22.000000,116.837468,7.276656,0.598003,0.225197,0.005100,5760.341524,7.446652
25.040000,22.000000,116.910241,7.277890,0.598158,0.225248,0.005099,5758.432016,7.444183
25.050000,22.000000,116.983026,7.279124,0.598312,0.225299,0.005099,5756.523480,7.441716
25.060000,22.000000,117.055823,7.280357,0.598466,0.225350,0.005098,5754.615917,7.439250
25.070000,22.000000,117.128633,7.281589,0.598620,0.225401,0.005097,5752.709325,7.436785
25.080000,22.000000,117.201455,7.282821,0.598775,0.225452,0.005096,5750.803703,7.434322
25.090000,22.000000,117.274289,7.284052,0.598929,0.225503,0.005095,5748.899052,7.431859
25.100000,22.000000,117.347136,7.285282,0.599083,0.225554,0.005094,5746.995369,7.429399
25.110000,22.000000,117.419995,7.286512,0.599237,0.225605,0.005094,5745.092655,7.426939
25.120000,22.000000,117.492866,7.287741,0.599391,0.225656,0.005093,5743.190908,7.424480
25.130000,22.000000,117.565750,7.288970,0.599546,0.225707,0.005092,5741.290127,7.422023
25.140000,22.000000,117.638646,7.290198,0.599700,0.225758,0.005091,5739.390313,7.419567
25.150000,22.000000,117.711554,7.291425,0.599854,0.225809,0.005090,5737.491464,7.417112
25.160000,22.000000,117.784474,7.292652,0.600008,0.225860,0.005090,5735.593579,7.414659
25.170000,22.000000,117.857407,7.293878,0.600162,0.225911,0.005089,5733.696657,7.412207
25.180000,22.000000,117.930352,7.295104,0.600317,0.225961,0.005088,5731.800699,7.409756
25.190000,22.000000,118.003309,7.296329,0.600471,0.226012,0.005087,5729.905702,7.407306
25.200000,22.000000,118.076278,7.297553,0.600625,0.226063,0.005086,5728.011667,7.404857
25.210000,22.000000,118.149260,7.298777,0.600779,0.226114,0.005085,5726.118592,7.402410
25.220000,22.000000,118.222254,7.300000,0.600933,0.226165,0.005085,5724.226477,7.399964
25.230000,22.000000,118.295260,7.301222,0.601087,0.226216,0.005084,5722.335321,7.397519
25.240000,22.000000,118.368278,7.302444,0.601241,0.226267,0.005083,5720.445124,7.395076
25.250000,22.000000,118.441309,7.303665,0.601395,0.226317,0.005082,5718.555883,7.392634
25.260000,22.000000,118.514352,7.304885,0.601549,0.226368,0.005081,5716.667600,7.390192
25.270000,22.000000,118.587406,7.306105,0.601704,0.226419,0.005080,5714.780272,7.387753
25.280000,22.000000,118.660474,7.307325,0.601858,0.226470,0.005080,5712.893899,7.385314
25.290000,22.000000,118.733553,7.308543,0.602012,0.226521,0.005079,5711.008481,7.382877
25.300000,22.000000,118.806644,7.309761,0.602166,0.226571,0.005078,5709.124016,7.380441
25.310000,22.000000,118.879748,7.310979,0.602320,0.226622,0.005077,5707.240505,7.378006
25.320000,22.000000,118.952864,7.312196,0.602474,0.226673,0.005076,5705.357945,7.375572
25.330000,22.000000,119.025992,7.313412,0.602628,0.226724,0.005075,5703.476336,7.373139
25.340000,22.000000,119.099132,7.314628,0.602782,0.226774,0.005075,5701.595679,7.370708
25.350000,22.000000,119.172285,7.315843,0.602936,0.226825,0.005074,5699.715971,7.368278
25.360000,22.000000,119.245449,7.317057,0.603090,0.226876,0.005073,5697.837212,7.365850
25.370000,22.000000,119.318626,7.318271,0.603244,0.226927,0.005072,5695.959401,7.363422
25.380000,22.000000,119.391815,7.319484,0.603398,0.226977,0.005071,5694.082538,7.360996
25.390000,22.000000,119.465015,7.320697,0.603552,0.227028,0.005070,5692.206622,7.358571
25.400000,22.000000,119.538229,7.321908,0.603706,0.227079,0.005070,5690.331651,7.356147
25.410000,22.000000,119.611454,7.323120,0.603860,0.227129,0.005069,5688.457626,7.353724
25.420000,22.000000,119.684691,7.324330,0.604014,0.227180,0.005068,5686.584546,7.351303
25.430000,22.000000,119.757940,7.325541,0.604167,0.227231,0.005067,5684.712409,7.348883
25.440000,22.000000,119.831202,7.326750,0.604321,0.227282,0.005066,5682.841215,7.346464
25.450000,22.000000,119.904475,7.327959,0.604475,0.227332,0.005065,5680.970964,7.344046
25.460000,22.000000,119.977761,7.329167,0.604629,0.227383,0.005065,5679.101654,7.341629
25.470000,22.000000,120.051059,7.330375,0.604783,0.227433,0.005064,5677.233285,7.339214
25.480000,22.000000,120.124368,7.331582,0.604937,0.227484,0.005063,5675.365856,7.336800
25.490000,22.000000,120.197690,7.332788,0.605091,0.227535,0.005062,5673.499366,7.334387
25.500000,22.000000,120.271024,7.333994,0.605245,0.227585,0.005061,5671.633814,7.331975
25.510000,22.000000,120.344370,7.335200,0.605399,0.227636,0.005060,5669.769200,7.329565
25.520000,22.000000,120.417728,7.336404,0.605552,0.227687,0.005060,5667.905524,7.327156
25.530000,22.000000,120.491098,7.337608,0.605706,0.227737,0.005059,5666.042783,7.324747
25.540000,22.000000,120.564480,7.338812,0.605860,0.227788,0.005058,5664.180978,7.322341
25.550000,22.000000,120.637874,7.340014,0.606014,0.227838,0.005057,5662.320108,7.319935
25.560000,22.000000,120.711281,7.341217,0.606168,0.227889,0.005056,5660.460172,7.317531
25.570000,22.000000,120.784699,7.342418,0.606322,0.227939,0.005055,5658.601169,7.315127
25.580000,22.000000,120.858129,7.343619,0.606475,0.227990,0.005055,5656.743099,7.312725
25.590000,22.000000,120.931571,7.344820,0.606629,0.228041,0.005054,5654.885960,7.310325
25.600000,22.000000,121.005025,7.346020,0.606783,0.228091,0.005053,5653.029753,7.307925
25.610000,22.000000,121.078492,7.347219,0.606937,0.228142,0.005052,5651.174476,7.305527
25.620000,22.000000,121.151970,7.348417,0.607090,0.228192,0.005051,5649.320128,7.303129
25.630000,22.000000,121.225460,7.349615,0.607244,0.228243,0.005050,5647.466709,7.300733
25.640000,22.000000,121.298962,7.350813,0.607398,0.228293,0.005050,5645.614218,7.298339
25.650000,22.000000,121.372476,7.352010,0.607552,0.228344,0.005049,5643.762655,7.295945
25.660000,22.000000,121.446002,7.353206,0.607705,0.228394,0.005048,5641.912018,7.293553
25.670000,22.000000,121.519540,7.354401,0.607859,0.228445,0.005047,5640.062307,7.291161
25.680000,22.000000,121.593090,7.355596,0.608013,0.228495,0.005046,5638.213521,7.288771
25.690000,22.000000,121.666652,7.356791,0.608167,0.228545,0.005045,5636.365660,7.286383
25.700000,22.000000,121.740226,7.357985,0.608320,0.228596,0.005045,5634.518722,7.283995
25.710000,22.000000,121.813812,7.359178,0.608474,0.228646,0.005044,5632.672707,7.281608
25.720000,22.000000,121.887410,7.360370,0.608628,0.228697,0.005043,5630.827615,7.279223
25.730000,22.000000,121.961019,7.361563,0.608781,0.228747,0.005042,5628.983443,7.276839
25.740000,22.000000,122.034641,7.362754,0.608935,0.228798,0.005041,5627.140193,7.274456
25.750000,22.000000,122.108274,7.363945,0.609089,0.228848,0.005040,5625.297862,7.272075
25.760000,22.000000,122.181920,7.365135,0.609242,0.228898,0.005040,5623.456451,7.269694
25.770000,22.000000,122.255577,7.366325,0.609396,0.228949,0.005039,5621.615958,7.267315
25.780000,22.000000,122.329246,7.367514,0.609549,0.228999,0.005038,5619.776384,7.264937
25.790000,22.000000,122.402927,7.368702,0.609703,0.229050,0.005037,5617.937726,7.262560
25.800000,22.000000,122.476620,7.369890,0.609857,0.229100,0.005036,5616.099984,7.260184
25.810000,22.000000,122.550325,7.371077,0.610010,0.229150,0.005035,5614.263158,7.257810
25.820000,22.000000,122.624042,7.372264,0.610164,0.229201,0.005035,5612.427247,7.255436
25.830000,22.000000,122.697770,7.373450,0.610317,0.229251,0.005034,5610.592250,7.253064
25.840000,22.000000,122.771511,7.374636,0.610471,0.229301,0.005033,5608.758167,7.250693
25.850000,22.000000,122.845263,7.375821,0.610625,0.229352,0.005032,5606.924996,7.248323
25.860000,22.000000,122.919027,7.377005,0.610778,0.229402,0.005031,5605.092737,7.245955
25.870000,22.000000,122.992803,7.378189,0.610932,0.229452,0.005030,5603.261389,7.243587
25.880000,22.000000,123.066591,7.379372,0.611085,0.229503,0.005030,5601.430952,7.241221
25.890000,22.000000,123.140391,7.380554,0.611239,0.229553,0.005029,5599.601425,7.238856
25.900000,22.000000,123.214202,7.381736,0.611392,0.229603,0.005028,5597.772807,7.236492
25.910000,22.000000,123.288025,7.382918,0.611546,0.229653,0.005027,5595.945097,7.234129
25.920000,22.000000,123.361860,7.384099,0.611699,0.229704,0.005026,5594.118295,7.231767
25.930000,22.000000,123.435707,7.385279,0.611853,0.229754,0.005025,5592.292399,7.229407
25.940000,22.000000,123.509566,7.386458,0.612006,0.229804,0.005025,5590.467410,7.227048
25.950000,22.000000,123.583436,7.387637,0.612160,0.229854,0.005024,5588.643326,7.224690
25.960000,22.000000,123.657319,7.388816,0.612313,0.229905,0.005023,5586.820147,7.222333
25.970000,22.000000,123.731213,7.389994,0.612466,0.229955,0.005022,5584.997872,7.219977
25.980000,22.000000,123.805119,7.391171,0.612620,0.230005,0.005021,5583.176501,7.217623
25.990000,22.000000,123.879036,7.392348,0.612773,0.230055,0.005020,5581.356032,7.215269
26.000000,22.000000,123.952966,7.393524,0.612927,0.230106,0.005020,5579.536465,7.212917
26.010000,22.000000,124.026907,7.394699,0.613080,0.230156,0.005019,5577.717799,7.210566
26.020000,22.000000,124.100860,7.395874,0.613234,0.230206,0.005018,5575.900033,7.208216
26.030000,22.000000,124.174824,7.397049,0.613387,0.230256,0.005017,5574.083167,7.205867
26.040000,22.000000,124.248801,7.398223,0.613540,0.230306,0.005016,5572.267200,7.203520
26.050000,22.000000,124.322789,7.399396,0.613694,0.230356,0.005015,5570.452132,7.201173
26.060000,22.000000,124.396788,7.400568,0.613847,0.230407,0.005014,5568.637961,7.198828
26.070000,22.000000,124.470800,7.401741,0.614000,0.230457,0.005014,5566.824687,7.196484
26.080000,22.000000,124.544823,7.402912,0.614154,0.230507,0.005013,5565.012309,7.194141
26.090000,22.000000,124.618858,7.404083,0.614307,0.230557,0.005012,5563.200827,7.191799
26.100000,22.000000,124.692905,7.405253,0.614460,0.230607,0.005011,5561.390239,7.189458
26.110000,22.000000,124.766963,7.406423,0.614614,0.230657,0.005010,5559.580546,7.187119
26.120000,22.000000,124.841033,7.407592,0.614767,0.230707,0.005009,5557.771745,7.184781
26.130000,22.000000,124.915115,7.408761,0.614920,0.230757,0.005009,5555.963838,7.182443
26.140000,22.000000,124.989209,7.409929,0.615074,0.230807,0.005008,5554.156822,7.180107
26.150000,22.000000,125.063314,7.411096,0.615227,0.230858,0.005007,5552.350697,7.177773
26.160000,22.000000,125.137431,7.412263,0.615380,0.230908,0.005006,5550.545463,7.175439
26.170000,22.000000,125.211559,7.413429,0.615533,0.230958,0.005005,5548.741119,7.173106
26.180000,22.000000,125.285699,7.414595,0.615687,0.231008,0.005004,5546.937664,7.170775
26.190000,22.000000,125.359851,7.415760,0.615840,0.231058,0.005004,5545.135097,7.168445
26.200000,22.000000,125.434014,7.416925,0.615993,0.231108,0.005003,5543.333418,7.166116
26.210000,22.000000,125.508189,7.418089,0.616146,0.231158,0.005002,5541.532626,7.163788
26.220000,22.000000,125.582376,7.419252,0.616300,0.231208,0.005001,5539.732720,7.161461
26.230000,22.000000,125.656574,7.420415,0.616453,0.231258,0.005000,5537.933700,7.159135
26.240000,22.000000,125.730784,7.421577,0.616606,0.231308,0.004999,5536.135564,7.156811
26.250000,22.000000,125.805006,7.422739,0.616759,0.231358,0.004999,5534.338313,7.154487
26.260000,22.000000,125.879239,7.423900,0.616912,0.231408,0.004998,5532.541945,7.152165
26.270000,22.000000,125.953484,7.425061,0.617066,0.231458,0.004997,5530.746460,7.149844
26.280000,22.000000,126.027740,7.426221,0.617219,0.231508,0.004996,5528.951857,7.147524
26.290000,22.000000,126.102008,7.427380,0.617372,0.231558,0.004995,5527.158136,7.145205
26.300000,22.000000,126.176288,7.428539,0.617525,0.231608,0.004994,5525.365295,7.142887
26.310000,22.000000,126.250579,7.429697,0.617678,0.231658,0.004993,5523.573334,7.140571
26.320000,22.000000,126.324882,7.430855,0.617831,0.231708,0.004993,5521.782252,7.138255
26.330000,22.000000,126.399196,7.432012,0.617984,0.231757,0.004992,5519.992049,7.135941
26.340000,22.000000,126.473522,7.433169,0.618138,0.231807,0.004991,5518.202724,7.133628
26.350000,22.000000,126.547860,7.434325,0.618291,0.231857,0.004990,5516.414276,7.131316
26.360000,22.000000,126.622209,7.435480,0.618444,0.231907,0.004989,5514.626705,7.129005
26.370000,22.000000,126.696569,7.436635,0.618597,0.231957,0.004988,5512.840009,7.126695
26.380000,22.000000,126.770941,7.437789,0.618750,0.232007,0.004988,5511.054188,7.124387
26.390000,22.000000,126.845325,7.438943,0.618903,0.232057,0.004987,5509.269242,7.122079
26.400000,22.000000,126.919720,7.440096,0.619056,0.232107,0.004986,5507.485170,7.119773
26.410000,22.000000,126.994127,7.441249,0.619209,0.232157,0.004985,5505.701971,7.117468
26.420000,22.000000,127.068545,7.442401,0.619362,0.232206,0.004984,5503.919644,7.115164
26.430000,22.000000,127.142975,7.443552,0.619515,0.232256,0.004983,5502.138189,7.112861
26.440000,22.000000,127.217416,7.444703,0.619668,0.232306,0.004983,5500.357604,7.110559
26.450000,22.000000,127.291869,7.445854,0.619821,0.232356,0.004982,5498.577890,7.108258
26.460000,22.000000,127.366333,7.447004,0.619974,0.232406,0.004981,5496.799046,7.105959
26.470000,22.000000,127.440809,7.448153,0.620127,0.232455,0.004980,5495.021070,7.103660
26.480000,22.000000,127.515296,7.449301,0.620280,0.232505,0.004979,5493.243963,7.101363
26.490000,22.000000,127.589795,7.450450,0.620433,0.232555,0.004978,5491.467723,7.099066
26.500000,22.000000,127.664305,7.451597,0.620586,0.232605,0.004977,5489.692350,7.096771
26.510000,22.000000,127.738827,7.452744,0.620739,0.232655,0.004977,5487.917844,7.094477
26.520000,22.000000,127.813360,7.453891,0.620892,0.232704,0.004976,5486.144203,7.092185
26.530000,22.000000,127.887905,7.455036,0.621045,0.232754,0.004975,5484.371426,7.089893
26.540000,22.000000,127.962461,7.456182,0.621198,0.232804,0.004974,5482.599514,7.087602
26.550000,22.000000,128.037028,7.457327,0.621351,0.232854,0.004973,5480.828465,7.085313
26.560000,22.000000,128.111607,7.458471,0.621504,0.232903,0.004972,5479.058279,7.083024
26.570000,22.000000,128.186198,7.459614,0.621657,0.232953,0.004972,5477.288955,7.080737
26.580000,22.000000,128.260800,7.460757,0.621809,0.233003,0.004971,5475.520493,7.078451
26.590000,22.000000,128.335413,7.461900,0.621962,0.233052,0.004970,5473.752891,7.076166
26.600000,22.000000,128.410038,7.463042,0.622115,0.233102,0.004969,5471.986149,7.073882
26.610000,22.000000,128.484674,7.464183,0.622268,0.233152,0.004968,5470.220266,7.071599
26.620000,22.000000,128.559321,7.465324,0.622421,0.233202,0.004967,5468.455243,7.069317
26.630000,22.000000,128.633980,7.466465,0.622574,0.233251,0.004967,5466.691077,7.067037
26.640000,22.000000,128.708651,7.467604,0.622727,0.233301,0.004966,5464.927768,7.064757
26.650000,22.000000,128.783332,7.468744,0.622879,0.233350,0.004965,5463.165317,7.062479
26.660000,22.000000,128.858026,7.469882,0.623032,0.233400,0.004964,5461.403721,7.060201
26.670000,22.000000,128.932730,7.471020,0.623185,0.233450,0.004963,5459.642980,7.057925
26.680000,22.000000,129.007446,7.472158,0.623338,0.233499,0.004962,5457.883095,7.055650
26.690000,22.000000,129.082173,7.473295,0.623491,0.233549,0.004961,5456.124063,7.053376
26.700000,22.000000,129.156912,7.474431,0.623643,0.233599,0.004961,5454.365884,7.051103
26.710000,22.000000,129.231662,7.475567,0.623796,0.233648,0.004960,5452.608558,7.048831
26.720000,22.000000,129.306423,7.476703,0.623949,0.233698,0.004959,5450.852084,7.046561
26.730000,22.000000,129.381196,7.477837,0.624102,0.233747,0.004958,5449.096461,7.044291
26.740000,22.000000,129.455980,7.478972,0.624254,0.233797,0.004957,5447.341689,7.042023
26.750000,22.000000,129.530775,7.480105,0.624407,0.233847,0.004956,5445.587767,7.039755
26.760000,22.000000,129.605582,7.481238,0.624560,0.233896,0.004956,5443.834694,7.037489
26.770000,22.000000,129.680400,7.482371,0.624713,0.233946,0.004955,5442.082470,7.035224
26.780000,22.000000,129.755229,7.483503,0.624865,0.233995,0.004954,5440.331093,7.032960
26.790000,22.000000,129.830070,7.484635,0.625018,0.234045,0.004953,5438.580564,7.030697
26.800000,22.000000,129.904922,7.485766,0.625171,0.234094,0.004952,5436.830882,7.028435
26.810000,22.000000,129.979785,7.486896,0.625323,0.234144,0.004951,5435.082045,7.026174
26.820000,22.000000,130.054660,7.488026,0.625476,0.234193,0.004950,5433.334054,7.023914
26.830000,22.000000,130.129546,7.489155,0.625629,0.234243,0.004950,5431.586907,7.021656
26.840000,22.000000,130.204443,7.490284,0.625781,0.234292,0.004949,5429.840604,7.019398
26.850000,22.000000,130.279352,7.491412,0.625934,0.234342,0.004948,5428.095144,7.017142
26.860000,22.000000,130.354271,7.492540,0.626087,0.234391,0.004947,5426.350527,7.014887
26.870000,22.000000,130.429202,7.493667,0.626239,0.234441,0.004946,5424.606752,7.012632
26.880000,22.000000,130.504145,7.494794,0.626392,0.234490,0.004945,5422.863819,7.010379
26.890000,22.000000,130.579098,7.495920,0.626544,0.234540,0.004945,5421.121725,7.008127
26.900000,22.000000,130.654063,7.497045,0.626697,0.234589,0.004944,5419.380472,7.005876
26.910000,22.000000,130.729039,7.498170,0.626850,0.234638,0.004943,5417.640058,7.003626
26.920000,22.000000,130.804027,7.499294,0.627002,0.234688,0.004942,5415.900483,7.001377
26.930000,22.000000,130.879025,7.500418,0.627155,0.234737,0.004941,5414.161746,6.999130
26.940000,22.000000,130.954035,7.501542,0.627307,0.234787,0.004940,5412.423846,6.996883
26.950000,22.000000,131.029056,7.502665,0.627460,0.234836,0.004939,5410.686783,6.994637
26.960000,22.000000,131.104088,7.503787,0.627612,0.234886,0.004939,5408.950556,6.992393
26.970000,22.000000,131.179132,7.504908,0.627765,0.234935,0.004938,5407.215164,6.990149
26.980000,22.000000,131.254186,7.506030,0.627917,0.234984,0.004937,5405.480607,6.987907
26.990000,22.000000,131.329252,7.507150,0.628070,0.235034,0.004936,5403.746883,6.985666
27.000000,22.000000,131.404329,7.508270,0.628222,0.235083,0.004935,5402.013994,6.983426
27.010000,22.000000,131.479418,7.509390,0.628375,0.235132,0.004934,5400.281937,6.981187
27.020000,22.000000,131.554517,7.510509,0.628527,0.235182,0.004934,5398.550712,6.978948
27.030000,22.000000,131.629628,7.511627,0.628680,0.235231,0.004933,5396.820318,6.976712
27.040000,22.000000,131.704750,7.512745,0.628832,0.235280,0.004932,5395.090755,6.974476
27.050000,22.000000,131.779883,7.513863,0.628985,0.235330,0.004931,5393.362023,6.972241
27.060000,22.000000,131.855027,7.514980,0.629137,0.235379,0.004930,5391.634120,6.970007
27.070000,22.000000,131.930182,7.516096,0.629290,0.235428,0.004929,5389.907045,6.967774
27.080000,22.000000,132.005349,7.517212,0.629442,0.235478,0.004928,5388.180799,6.965543
27.090000,22.000000,132.080527,7.518327,0.629595,0.235527,0.004928,5386.455380,6.963312
27.100000,22.000000,132.155715,7.519442,0.629747,0.235576,0.004927,5384.730789,6.961083
27.110000,22.000000,132.230915,7.520556,0.629899,0.235625,0.004926,5383.007023,6.958854
27.120000,22.000000,132.306127,7.521670,0.630052,0.235675,0.004925,5381.284083,6.956627
27.130000,22.000000,132.381349,7.522783,0.630204,0.235724,0.004924,5379.561968,6.954401
27.140000,22.000000,132.456582,7.523895,0.630356,0.235773,0.004923,5377.840677,6.952176
27.150000,22.000000,132.531827,7.525008,0.630509,0.235822,0.004923,5376.120210,6.949952
27.160000,22.000000,132.607082,7.526119,0.630661,0.235872,0.004922,5374.400566,6.947728
27.170000,22.000000,132.682349,7.527230,0.630814,0.235921,0.004921,5372.681744,6.945507
27.180000,22.000000,132.757627,7.528341,0.630966,0.235970,0.004920,5370.963744,6.943286
27.190000,22.000000,132.832916,7.529451,0.631118,0.236019,0.004919,5369.246565,6.941066
27.200000,22.000000,132.908216,7.530560,0.631271,0.236068,0.004918,5367.530207,6.938847
27.210000,22.000000,132.983527,7.531669,0.631423,0.236118,0.004917,5365.814668,6.936629
27.220000,22.000000,133.058849,7.532777,0.631575,0.236167,0.004917,5364.099948,6.934412
27.230000,22.000000,133.134183,7.533885,0.631727,0.236216,0.004916,5362.386047,6.932197
27.240000,22.000000,133.209527,7.534992,0.631880,0.236265,0.004915,5360.672964,6.929982
27.250000,22.000000,133.284882,7.536099,0.632032,0.236314,0.004914,5358.960698,6.927769
27.260000,22.000000,133.360249,7.537205,0.632184,0.236363,0.004913,5357.249248,6.925556
27.270000,22.000000,133.435627,7.538311,0.632336,0.236412,0.004912,5355.538614,6.923345
27.280000,22.000000,133.511015,7.539416,0.632489,0.236462,0.004912,5353.828796,6.921134
27.290000,22.000000,133.586415,7.540521,0.632641,0.236511,0.004911,5352.119792,6.918925
27.300000,22.000000,133.661826,7.541625,0.632793,0.236560,0.004910,5350.411603,6.916717
27.310000,22.000000,133.737247,7.542729,0.632945,0.236609,0.004909,5348.704227,6.914510
27.320000,22.000000,133.812680,7.543832,0.633098,0.236658,0.004908,5346.997663,6.912304
27.330000,22.000000,133.888124,7.544934,0.633250,0.236707,0.004907,5345.291912,6.910098
27.340000,22.000000,133.963579,7.546036,0.633402,0.236756,0.004906,5343.586972,6.907894
27.350000,22.000000,134.039045,7.547138,0.633554,0.236805,0.004906,5341.882843,6.905691
27.360000,22.000000,134.114522,7.548239,0.633706,0.236854,0.004905,5340.179524,6.903489
27.370000,22.000000,134.190010,7.549339,0.633858,0.236903,0.004904,5338.477015,6.901289
27.380000,22.000000,134.265508,7.550439,0.634011,0.236952,0.004903,5336.775314,6.899089
27.390000,22.000000,134.341018,7.551539,0.634163,0.237001,0.004902,5335.074422,6.896890
27.400000,22.000000,134.416539,7.552637,0.634315,0.237050,0.004901,5333.374338,6.894692
27.410000,22.000000,134.492071,7.553736,0.634467,0.237099,0.004900,5331.675061,6.892495
27.420000,22.000000,134.567614,7.554834,0.634619,0.237148,0.004900,5329.976590,6.890300
27.430000,22.000000,134.643168,7.555931,0.634771,0.237197,0.004899,5328.278925,6.888105
27.440000,22.000000,134.718733,7.557028,0.634923,0.237246,0.004898,5326.582065,6.885911
27.450000,22.000000,134.794308,7.558124,0.635075,0.237295,0.004897,5324.886009,6.883719
27.460000,22.000000,134.869895,7.559220,0.635227,0.237344,0.004896,5323.190758,6.881527
27.470000,22.000000,134.945493,7.560315,0.635380,0.237393,0.004895,5321.496310,6.879337
27.480000,22.000000,135.021101,7.561410,0.635532,0.237442,0.004895,5319.802664,6.877147
27.490000,22.000000,135.096721,7.562504,0.635684,0.237491,0.004894,5318.109820,6.874959
27.500000,22.000000,135.172351,7.563598,0.635836,0.237540,0.004893,5316.417778,6.872772
27.510000,22.000000,135.247993,7.564691,0.635988,0.237589,0.004892,5314.726537,6.870585
27.520000,22.000000,135.323645,7.565784,0.636140,0.237638,0.004891,5313.036096,6.868400
27.530000,22.000000,135.399309,7.566876,0.636292,0.237687,0.004890,5311.346454,6.866216
27.540000,22.000000,135.474983,7.567967,0.636444,0.237736,0.004889,5309.657611,6.864032
27.550000,22.000000,135.550668,7.569059,0.636596,0.237785,0.004889,5307.969567,6.861850
27.560000,22.000000,135.626364,7.570149,0.636748,0.237833,0.004888,5306.282320,6.859669
27.570000,22.000000,135.702071,7.571239,0.636900,0.237882,0.004887,5304.595870,6.857489
27.580000,22.000000,135.777789,7.572329,0.637052,0.237931,0.004886,5302.910217,6.855310
27.590000,22.000000,135.853517,7.573418,0.637204,0.237980,0.004885,5301.225359,6.853132
27.600000,22.000000,135.929257,7.574506,0.637356,0.238029,0.004884,5299.541297,6.850955
27.610000,22.000000,136.005008,7.575594,0.637507,0.238078,0.004883,5297.858029,6.848779
27.620000,22.000000,136.080769,7.576682,0.637659,0.238127,0.004883,5296.175555,6.846604
27.630000,22.000000,136.156541,7.577769,0.637811,0.238175,0.004882,5294.493874,6.844430
27.640000,22.000000,136.232324,7.578855,0.637963,0.238224,0.004881,5292.812986,6.842257
27.650000,22.000000,136.308118,7.579941,0.638115,0.238273,0.004880,5291.132891,6.840085
27.660000,22.000000,136.383923,7.581027,0.638267,0.238322,0.004879,5289.453586,6.837914
27.670000,22.000000,136.459739,7.582112,0.638419,0.238371,0.004878,5287.775073,6.835744
27.680000,22.000000,136.535565,7.583196,0.638571,0.238419,0.004878,5286.097350,6.833575
27.690000,22.000000,136.611403,7.584280,0.638723,0.238468,0.004877,5284.420416,6.831407
27.700000,22.000000,136.687251,7.585364,0.638874,0.238517,0.004876,5282.744271,6.829240
27.710000,22.000000,136.763110,7.586447,0.639026,0.238566,0.004875,5281.068915,6.827074
27.720000,22.000000,136.838980,7.587529,0.639178,0.238614,0.004874,5279.394347,6.824910
27.730000,22.000000,136.914861,7.588611,0.639330,0.238663,0.004873,5277.720565,6.822746
27.740000,22.000000,136.990752,7.589692,0.639482,0.238712,0.004872,5276.047570,6.820583
27.750000,22.000000,137.066654,7.590773,0.639634,0.238761,0.004872,5274.375362,6.818421
27.760000,22.000000,137.142568,7.591853,0.639785,0.238809,0.004871,5272.703938,6.816261
27.770000,22.000000,137.218491,7.592933,0.639937,0.238858,0.004870,5271.033299,6.814101
27.780000,22.000000,137.294426,7.594013,0.640089,0.238907,0.004869,5269.363445,6.811942
27.790000,22.000000,137.370372,7.595092,0.640241,0.238955,0.004868,5267.694374,6.809785
27.800000,22.000000,137.446328,7.596170,0.640392,0.239004,0.004867,5266.026085,6.807628
27.810000,22.000000,137.522295,7.597248,0.640544,0.239053,0.004866,5264.358579,6.805472
27.820000,22.000000,137.598273,7.598325,0.640696,0.239101,0.004866,5262.691855,6.803318
27.830000,22.000000,137.674262,7.599402,0.640848,0.239150,0.004865,5261.025912,6.801164
27.840000,22.000000,137.750261,7.600478,0.640999,0.239199,0.004864,5259.360749,6.799011
27.850000,22.000000,137.826271,7.601554,0.641151,0.239247,0.004863,5257.696366,6.796860
27.860000,22.000000,137.902292,7.602629,0.641303,0.239296,0.004862,5256.032763,6.794709
27.870000,22.000000,137.978324,7.603704,0.641454,0.239345,0.004861,5254.369938,6.792560
27.880000,22.000000,138.054366,7.604778,0.641606,0.239393,0.004861,5252.707891,6.790411
27.890000,22.000000,138.130419,7.605852,0.641758,0.239442,0.004860,5251.046621,6.788263
27.900000,22.000000,138.206483,7.606926,0.641909,0.239490,0.004859,5249.386129,6.786117
27.910000,22.000000,138.282558,7.607998,0.642061,0.239539,0.004858,5247.726412,6.783971
27.920000,22.000000,138.358643,7.609071,0.642213,0.239588,0.004857,5246.067471,6.781827
27.930000,22.000000,138.434739,7.610142,0.642364,0.239636,0.004856,5244.409306,6.779683
27.940000,22.000000,138.510846,7.611214,0.642516,0.239685,0.004855,5242.751914,6.777540
27.950000,22.000000,138.586964,7.612285,0.642668,0.239733,0.004855,5241.095297,6.775399
27.960000,22.000000,138.663092,7.613355,0.642819,0.239782,0.004854,5239.439452,6.773258
27.970000,22.000000,138.739231,7.614425,0.642971,0.239830,0.004853,5237.784381,6.771119
27.980000,22.000000,138.815380,7.615494,0.643122,0.239879,0.004852,5236.130081,6.768980
27.990000,22.000000,138.891541,7.616563,0.643274,0.239927,0.004851,5234.476553,6.766842
28.000000,22.000000,138.967711,7.617631,0.643426,0.239976,0.004850,5232.823796,6.764706
28.010000,22.000000,139.043893,7.618699,0.643577,0.240024,0.004849,5231.171809,6.762570
28.020000,22.000000,139.120085,7.619766,0.643729,0.240073,0.004849,5229.520591,6.760436
28.030000,22.000000,139.196288,7.620833,0.643880,0.240121,0.004848,5227.870143,6.758302
28.040000,22.000000,139.272502,7.621899,0.644032,0.240170,0.004847,5226.220463,6.756169
28.050000,22.000000,139.348726,7.622965,0.644183,0.240218,0.004846,5224.571550,6.754038
28.060000,22.000000,139.424961,7.624030,0.644335,0.240267,0.004845,5222.923406,6.751907
28.070000,22.000000,139.501207,7.625095,0.644486,0.240315,0.004844,5221.276027,6.749778
28.080000,22.000000,139.577463,7.626160,0.644638,0.240364,0.004843,5219.629415,6.747649
28.090000,22.000000,139.653730,7.627223,0.644789,0.240412,0.004843,5217.983569,6.745521
28.100000,22.000000,139.730008,7.628287,0.644941,0.240460,0.004842,5216.338487,6.743395
28.110000,22.000000,139.806296,7.629350,0.645092,0.240509,0.004841,5214.694169,6.741269
28.120000,22.000000,139.882595,7.630412,0.645244,0.240557,0.004840,5213.050616,6.739144
28.130000,22.000000,139.958904,7.631474,0.645395,0.240606,0.004839,5211.407825,6.737020
28.140000,22.000000,140.035224,7.632535,0.645547,0.240654,0.004838,5209.765797,6.734898
28.150000,22.000000,140.111555,7.633596,0.645698,0.240702,0.004838,5208.124531,6.732776
28.160000,22.000000,140.187896,7.634656,0.645849,0.240751,0.004837,5206.484026,6.730655
28.170000,22.000000,140.264248,7.635716,0.646001,0.240799,0.004836,5204.844282,6.728535
28.180000,22.000000,140.340610,7.636776,0.646152,0.240847,0.004835,5203.205298,6.726417
28.190000,22.000000,140.416984,7.637835,0.646304,0.240896,0.004834,5201.567073,6.724299
28.200000,22.000000,140.493367,7.638893,0.646455,0.240944,0.004833,5199.929608,6.722182
28.210000,22.000000,140.569761,7.639951,0.646606,0.240993,0.004832,5198.292901,6.720066
28.220000,22.000000,140.646166,7.641008,0.646758,0.241041,0.004832,5196.656952,6.717951
28.230000,22.000000,140.722582,7.642065,0.646909,0.241089,0.004831,5195.021760,6.715837
28.240000,22.000000,140.799008,7.643122,0.647060,0.241137,0.004830,5193.387325,6.713725
28.250000,22.000000,140.875444,7.644178,0.647212,0.241186,0.004829,5191.753645,6.711613
28.260000,22.000000,140.951891,7.645233,0.647363,0.241234,0.004828,5190.120722,6.709502
28.270000,22.000000,141.028349,7.646288,0.647514,0.241282,0.004827,5188.488553,6.707392
28.280000,22.000000,141.104817,7.647343,0.647666,0.241331,0.004826,5186.857138,6.705283
28.290000,22.000000,141.181296,7.648397,0.647817,0.241379,0.004826,5185.226477,6.703175
28.300000,22.000000,141.257785,7.649450,0.647968,0.241427,0.004825,5183.596570,6.701068
28.310000,22.000000,141.334285,7.650503,0.648119,0.241475,0.004824,5181.967415,6.698962
28.320000,22.000000,141.410795,7.651556,0.648271,0.241524,0.004823,5180.339012,6.696856
28.330000,22.000000,141.487316,7.652608,0.648422,0.241572,0.004822,5178.711360,6.694752
28.340000,22.000000,141.563847,7.653660,0.648573,0.241620,0.004821,5177.084459,6.692649
28.350000,22.000000,141.640389,7.654711,0.648724,0.241668,0.004820,5175.458309,6.690547
28.360000,22.000000,141.716941,7.655761,0.648876,0.241716,0.004820,5173.832908,6.688446
28.370000,22.000000,141.793504,7.656812,0.649027,0.241765,0.004819,5172.208256,6.686345
28.380000,22.000000,141.870077,7.657861,0.649178,0.241813,0.004818,5170.584353,6.684246
28.390000,22.000000,141.946661,7.658910,0.649329,0.241861,0.004817,5168.961197,6.682148
28.400000,22.000000,142.023256,7.659959,0.649481,0.241909,0.004816,5167.338789,6.680050
28.410000,22.000000,142.099860,7.661007,0.649632,0.241957,0.004815,5165.717128,6.677954
28.420000,22.000000,142.176476,7.662055,0.649783,0.242005,0.004815,5164.096213,6.675859
28.430000,22.000000,142.253102,7.663102,0.649934,0.242054,0.004814,5162.476044,6.673764
28.440000,22.000000,142.329738,7.664149,0.650085,0.242102,0.004813,5160.856620,6.671671
28.450000,22.000000,142.406385,7.665195,0.650236,0.242150,0.004812,5159.237940,6.669578
28.460000,22.000000,142.483042,7.666241,0.650388,0.242198,0.004811,5157.620004,6.667487
28.470000,22.000000,142.559709,7.667286,0.650539,0.242246,0.004810,5156.002811,6.665396
28.480000,22.000000,142.636387,7.668331,0.650690,0.242294,0.004809,5154.386362,6.663306
28.490000,22.000000,142.713076,7.669376,0.650841,0.242342,0.004809,5152.770654,6.661218
28.500000,22.000000,142.789775,7.670419,0.650992,0.242390,0.004808,5151.155688,6.659130
28.510000,22.000000,142.866484,7.671463,0.651143,0.242438,0.004807,5149.541463,6.657043
28.520000,22.000000,142.943204,7.672506,0.651294,0.242486,0.004806,5147.927979,6.654957
28.530000,22.000000,143.019934,7.673548,0.651445,0.242535,0.004805,5146.315234,6.652872
28.540000,22.000000,143.096675,7.674590,0.651596,0.242583,0.004804,5144.703229,6.650788
28.550000,22.000000,143.173426,7.675632,0.651747,0.242631,0.004803,5143.091963,6.648706
28.560000,22.000000,143.250188,7.676673,0.651898,0.242679,0.004803,5141.481435,6.646623
28.570000,22.000000,143.326960,7.677713,0.652049,0.242727,0.004802,5139.871644,6.644542
28.580000,22.000000,143.403742,7.678753,0.652200,0.242775,0.004801,5138.262591,6.642462
28.590000,22.000000,143.480535,7.679793,0.652351,0.242823,0.004800,5136.654274,6.640383
28.600000,22.000000,143.557338,7.680832,0.652502,0.242871,0.004799,5135.046693,6.638305
28.610000,22.000000,143.634151,7.681871,0.652653,0.242919,0.004798,5133.439848,6.636228
28.620000,22.000000,143.710975,7.682909,0.652804,0.242967,0.004797,5131.833737,6.634151
28.630000,22.000000,143.787810,7.683946,0.652955,0.243015,0.004797,5130.228360,6.632076
28.640000,22.000000,143.864654,7.684984,0.653106,0.243063,0.004796,5128.623718,6.630002
28.650000,22.000000,143.941509,7.686020,0.653257,0.243111,0.004795,5127.019808,6.627928
28.660000,22.000000,144.018375,7.687057,0.653408,0.243158,0.004794,5125.416631,6.625856
28.670000,22.000000,144.095250,7.688092,0.653559,0.243206,0.004793,5123.814186,6.623784
28.680000,22.000000,144.172137,7.689128,0.653710,0.243254,0.004792,5122.212472,6.621714
28.690000,22.000000,144.249033,7.690162,0.653861,0.243302,0.004791,5120.611489,6.619644
28.700000,22.000000,144.325940,7.691197,0.654012,0.243350,0.004791,5119.011237,6.617575
28.710000,22.000000,144.402857,7.692231,0.654163,0.243398,0.004790,5117.411714,6.615507
28.720000,22.000000,144.479784,7.693264,0.654314,0.243446,0.004789,5115.812920,6.613441
28.730000,22.000000,144.556722,7.694297,0.654465,0.243494,0.004788,5114.214855,6.611375
28.740000,22.000000,144.633670,7.695330,0.654615,0.243542,0.004787,5112.617519,6.609310
28.750000,22.000000,144.710629,7.696362,0.654766,0.243590,0.004786,5111.020909,6.607246
28.760000,22.000000,144.787598,7.697393,0.654917,0.243637,0.004786,5109.425027,6.605183
28.770000,22.000000,144.864577,7.698424,0.655068,0.243685,0.004785,5107.829871,6.603121
28.780000,22.000000,144.941566,7.699455,0.655219,0.243733,0.004784,5106.235441,6.601059
28.790000,22.000000,145.018566,7.700485,0.655370,0.243781,0.004783,5104.641736,6.598999
28.800000,22.000000,145.095576,7.701515,0.655521,0.243829,0.004782,5103.048756,6.596940
28.810000,22.000000,145.172596,7.702544,0.655671,0.243877,0.004781,5101.456500,6.594881
28.820000,22.000000,145.249627,7.703573,0.655822,0.243924,0.004780,5099.864968,6.592824
28.830000,22.000000,145.326667,7.704601,0.655973,0.243972,0.004780,5098.274158,6.590768
28.840000,22.000000,145.403719,7.705629,0.656124,0.244020,0.004779,5096.684072,6.588712
28.850000,22.000000,145.480780,7.706656,0.656274,0.244068,0.004778,5095.094707,6.586657
28.860000,22.000000,145.557852,7.707683,0.656425,0.244116,0.004777,5093.506064,6.584604
28.870000,22.000000,145.634934,7.708709,0.656576,0.244163,0.004776,5091.918141,6.582551
28.880000,22.000000,145.712026,7.709735,0.656727,0.244211,0.004775,5090.330939,6.580499
28.890000,22.000000,145.789128,7.710761,0.656877,0.244259,0.004774,5088.744457,6.578448
28.900000,22.000000,145.866241,7.711786,0.657028,0.244307,0.004774,5087.158693,6.576398
28.910000,22.000000,145.943364,7.712810,0.657179,0.244354,0.004773,5085.573649,6.574349
28.920000,22.000000,146.020497,7.713834,0.657330,0.244402,0.004772,5083.989322,6.572301
28.930000,22.000000,146.097641,7.714858,0.657480,0.244450,0.004771,5082.405713,6.570254
28.940000,22.000000,146.174794,7.715881,0.657631,0.244497,0.004770,5080.822822,6.568207
28.950000,22.000000,146.251958,7.716904,0.657782,0.244545,0.004769,5079.240646,6.566162
28.960000,22.000000,146.329133,7.717926,0.657932,0.244593,0.004768,5077.659187,6.564118
28.970000,22.000000,146.406317,7.718948,0.658083,0.244641,0.004768,5076.078442,6.562074
28.980000,22.000000,146.483511,7.719969,0.658234,0.244688,0.004767,5074.498413,6.560032
28.990000,22.000000,146.560716,7.720990,0.658384,0.244736,0.004766,5072.919098,6.557990
29.000000,22.000000,146.637931,7.722010,0.658535,0.244783,0.004765,5071.340497,6.555949
29.010000,22.000000,146.715156,7.723030,0.658685,0.244831,0.004764,5069.762608,6.553909
29.020000,22.000000,146.792392,7.724049,0.658836,0.244879,0.004763,5068.185433,6.551870
29.030000,22.000000,146.869637,7.725068,0.658987,0.244926,0.004762,5066.608969,6.549833
29.040000,22.000000,146.946893,7.726087,0.659137,0.244974,0.004762,5065.033218,6.547795
29.050000,22.000000,147.024159,7.727105,0.659288,0.245022,0.004761,5063.458177,6.545759
29.060000,22.000000,147.101435,7.728123,0.659438,0.245069,0.004760,5061.883846,6.543724
29.070000,22.000000,147.178722,7.729140,0.659589,0.245117,0.004759,5060.310226,6.541690
29.080000,22.000000,147.256018,7.730157,0.659740,0.245164,0.004758,5058.737315,6.539656
29.090000,22.000000,147.333325,7.731173,0.659890,0.245212,0.004757,5057.165112,6.537624
29.100000,22.000000,147.410642,7.732189,0.660041,0.245260,0.004756,5055.593618,6.535592
29.110000,22.000000,147.487969,7.733204,0.660191,0.245307,0.004756,5054.022832,6.533562
29.120000,22.000000,147.565306,7.734219,0.660342,0.245355,0.004755,5052.452753,6.531532
29.130000,22.000000,147.642653,7.735233,0.660492,0.245402,0.004754,5050.883380,6.529503
29.140000,22.000000,147.720010,7.736247,0.660643,0.245450,0.004753,5049.314714,6.527475
29.150000,22.000000,147.797378,7.737261,0.660793,0.245497,0.004752,5047.746754,6.525448
29.160000,22.000000,147.874756,7.738274,0.660944,0.245545,0.004751,5046.179498,6.523422
29.170000,22.000000,147.952143,7.739286,0.661094,0.245592,0.004751,5044.612947,6.521397
29.180000,22.000000,148.029541,7.740298,0.661245,0.245640,0.004750,5043.047100,6.519373
29.190000,22.000000,148.106949,7.741310,0.661395,0.245687,0.004749,5041.481956,6.517350
29.200000,22.000000,148.184367,7.742321,0.661545,0.245735,0.004748,5039.917515,6.515327
29.210000,22.000000,148.261796,7.743332,0.661696,0.245782,0.004747,5038.353777,6.513306
29.220000,22.000000,148.339234,7.744342,0.661846,0.245830,0.004746,5036.790741,6.511285
29.230000,22.000000,148.416683,7.745352,0.661997,0.245877,0.004745,5035.228405,6.509265
29.240000,22.000000,148.494141,7.746362,0.662147,0.245925,0.004745,5033.666771,6.507247
29.250000,22.000000,148.571610,7.747370,0.662297,0.245972,0.004744,5032.105837,6.505229
29.260000,22.000000,148.649089,7.748379,0.662448,0.246020,0.004743,5030.545602,6.503212
29.270000,22.000000,148.726577,7.749387,0.662598,0.246067,0.004742,5028.986067,6.501196
29.280000,22.000000,148.804076,7.750395,0.662749,0.246114,0.004741,5027.427230,6.499181
29.290000,22.000000,148.881585,7.751402,0.662899,0.246162,0.004740,5025.869092,6.497166
29.300000,22.000000,148.959104,7.752408,0.663049,0.246209,0.004739,5024.311651,6.495153
29.310000,22.000000,149.036633,7.753415,0.663200,0.246257,0.004739,5022.754907,6.493140
29.320000,22.000000,149.114173,7.754421,0.663350,0.246304,0.004738,5021.198859,6.491129
29.330000,22.000000,149.191722,7.755426,0.663500,0.246351,0.004737,5019.643508,6.489118
29.340000,22.000000,149.269281,7.756431,0.663651,0.246399,0.004736,5018.088852,6.487108
29.350000,22.000000,149.346850,7.757435,0.663801,0.246446,0.004735,5016.534891,6.485100
29.360000,22.000000,149.424430,7.758439,0.663951,0.246493,0.004734,5014.981624,6.483092
29.370000,22.000000,149.502019,7.759443,0.664101,0.246541,0.004733,5013.429052,6.481084
29.380000,22.000000,149.579619,7.760446,0.664252,0.246588,0.004733,5011.877172,6.479078
29.390000,22.000000,149.657228,7.761448,0.664402,0.246635,0.004732,5010.325986,6.477073
29.400000,22.000000,149.734848,7.762451,0.664552,0.246683,0.004731,5008.775491,6.475069
29.410000,22.000000,149.812477,7.763452,0.664702,0.246730,0.004730,5007.225689,6.473065
29.420000,22.000000,149.890117,7.764454,0.664853,0.246777,0.004729,5005.676578,6.471062
29.430000,22.000000,149.967766,7.765455,0.665003,0.246825,0.004728,5004.128157,6.469061
29.440000,22.000000,150.045426,7.766455,0.665153,0.246872,0.004727,5002.580427,6.467060
29.450000,22.000000,150.123095,7.767455,0.665303,0.246919,0.004727,5001.033386,6.465060
29.460000,22.000000,150.200775,7.768455,0.665454,0.246966,0.004726,4999.487035,6.463061
29.470000,22.000000,150.278464,7.769454,0.665604,0.247014,0.004725,4997.941372,6.461063
29.480000,22.000000,150.356164,7.770452,0.665754,0.247061,0.004724,4996.396397,6.459066
29.490000,22.000000,150.433873,7.771450,0.665904,0.247108,0.004723,4994.852110,6.457069
29.500000,22.000000,150.511593,7.772448,0.666054,0.247155,0.004722,4993.308510,6.455074
29.510000,22.000000,150.589322,7.773445,0.666204,0.247203,0.004722,4991.765596,6.453079
29.520000,22.000000,150.667062,7.774442,0.666354,0.247250,0.004721,4990.223368,6.451085
29.530000,22.000000,150.744811,7.775439,0.666505,0.247297,0.004720,4988.681826,6.449093
29.540000,22.000000,150.822571,7.776435,0.666655,0.247344,0.004719,4987.140969,6.447101
29.550000,22.000000,150.900340,7.777430,0.666805,0.247391,0.004718,4985.600797,6.445110
29.560000,22.000000,150.978119,7.778425,0.666955,0.247439,0.004717,4984.061308,6.443119
29.570000,22.000000,151.055908,7.779420,0.667105,0.247486,0.004716,4982.522503,6.441130
29.580000,22.000000,151.133708,7.780414,0.667255,0.247533,0.004716,4980.984380,6.439142
29.590000,22.000000,151.211517,7.781408,0.667405,0.247580,0.004715,4979.446940,6.437154
29.600000,22.000000,151.289336,7.782401,0.667555,0.247627,0.004714,4977.910182,6.435168
29.610000,22.000000,151.367165,7.783394,0.667705,0.247674,0.004713,4976.374105,6.433182
29.620000,22.000000,151.445004,7.784387,0.667855,0.247721,0.004712,4974.838709,6.431197
29.630000,22.000000,151.522853,7.785379,0.668005,0.247769,0.004711,4973.303994,6.429213
29.640000,22.000000,151.600711,7.786370,0.668155,0.247816,0.004710,4971.769958,6.427230
29.650000,22.000000,151.678580,7.787361,0.668305,0.247863,0.004710,4970.236601,6.425248
29.660000,22.000000,151.756458,7.788352,0.668455,0.247910,0.004709,4968.703924,6.423266
29.670000,22.000000,151.834347,7.789342,0.668605,0.247957,0.004708,4967.171924,6.421286
29.680000,22.000000,151.912245,7.790332,0.668755,0.248004,0.004707,4965.640603,6.419306
29.690000,22.000000,151.990154,7.791321,0.668905,0.248051,0.004706,4964.109958,6.417327
29.700000,22.000000,152.068072,7.792310,0.669055,0.248098,0.004705,4962.579990,6.415350
29.710000,22.000000,152.146000,7.793299,0.669205,0.248145,0.004704,4961.050699,6.413373
29.720000,22.000000,152.223938,7.794287,0.669355,0.248192,0.004704,4959.522083,6.411396
29.730000,22.000000,152.301886,7.795275,0.669505,0.248239,0.004703,4957.994142,6.409421
29.740000,22.000000,152.379843,7.796262,0.669655,0.248286,0.004702,4956.466876,6.407447
29.750000,22.000000,152.457811,7.797249,0.669805,0.248333,0.004701,4954.940285,6.405473
29.760000,22.000000,152.535788,7.798235,0.669955,0.248380,0.004700,4953.414367,6.403501
29.770000,22.000000,152.613775,7.799221,0.670105,0.248427,0.004699,4951.889122,6.401529
29.780000,22.000000,152.691773,7.800206,0.670255,0.248474,0.004698,4950.364549,6.399558
29.790000,22.000000,152.769780,7.801191,0.670405,0.248521,0.004698,4948.840649,6.397588
29.800000,22.000000,152.847796,7.802176,0.670554,0.248568,0.004697,4947.317421,6.395619
29.810000,22.000000,152.925823,7.803160,0.670704,0.248615,0.004696,4945.794863,6.393651
29.820000,22.000000,153.003860,7.804144,0.670854,0.248662,0.004695,4944.272977,6.391683
29.830000,22.000000,153.081906,7.805127,0.671004,0.248709,0.004694,4942.751760,6.389717
29.840000,22.000000,153.159962,7.806110,0.671154,0.248756,0.004693,4941.231213,6.387751
29.850000,22.000000,153.238028,7.807092,0.671304,0.248803,0.004692,4939.711335,6.385786
29.860000,22.000000,153.316104,7.808074,0.671454,0.248850,0.004692,4938.192126,6.383822
29.870000,22.000000,153.394190,7.809056,0.671603,0.248897,0.004691,4936.673584,6.381859
29.880000,22.000000,153.472285,7.810037,0.671753,0.248944,0.004690,4935.155711,6.379897
29.890000,22.000000,153.550390,7.811017,0.671903,0.248991,0.004689,4933.638504,6.377936
29.900000,22.000000,153.628505,7.811998,0.672053,0.249037,0.004688,4932.121964,6.375975
29.910000,22.000000,153.706630,7.812978,0.672202,0.249084,0.004687,4930.606090,6.374015
29.920000,22.000000,153.784765,7.813957,0.672352,0.249131,0.004687,4929.090882,6.372057
29.930000,22.000000,153.862909,7.814936,0.672502,0.249178,0.004686,4927.576339,6.370099
29.940000,22.000000,153.941064,7.815914,0.672652,0.249225,0.004685,4926.062460,6.368142
29.950000,22.000000,154.019228,7.816893,0.672801,0.249272,0.004684,4924.549246,6.366186
29.960000,22.000000,154.097402,7.817870,0.672951,0.249319,0.004683,4923.036695,6.364230
29.970000,22.000000,154.175585,7.818847,0.673101,0.249365,0.004682,4921.524807,6.362276
29.980000,22.000000,154.253779,7.819824,0.673251,0.249412,0.004681,4920.013581,6.360322
29.990000,22.000000,154.331982,7.820801,0.673400,0.249459,0.004681,4918.503018,6.358369
30.000000,22.000000,154.410195,7.821777,0.673550,0.249506,0.004680,4916.993116,6.356417
30.010000,22.000000,154.488417,7.822752,0.673700,0.249553,0.004679,4915.483876,6.354466
30.020000,22.000000,154.566650,7.823727,0.673849,0.249599,0.004678,4913.975296,6.352516
30.030000,22.000000,154.644892,7.824702,0.673999,0.249646,0.004677,4912.467376,6.350567
30.040000,22.000000,154.723144,7.825676,0.674149,0.249693,0.004676,4910.960115,6.348618
30.050000,22.000000,154.801405,7.826650,0.674298,0.249740,0.004675,4909.453514,6.346671
30.060000,22.000000,154.879677,7.827623,0.674448,0.249786,0.004675,4907.947571,6.344724
30.070000,22.000000,154.957958,7.828596,0.674598,0.249833,0.004674,4906.442287,6.342778
30.080000,22.000000,155.036249,7.829569,0.674747,0.249880,0.004673,4904.937660,6.340833
30.090000,22.000000,155.114549,7.830541,0.674897,0.249927,0.004672,4903.433690,6.338889
30.100000,22.000000,155.192859,7.831513,0.675046,0.249973,0.004671,4901.930377,6.336945
30.110000,22.000000,155.271179,7.832484,0.675196,0.250020,0.004670,4900.427720,6.335003
30.120000,22.000000,155.349509,7.833455,0.675345,0.250067,0.004669,4898.925718,6.333061
30.130000,22.000000,155.427848,7.834425,0.675495,0.250113,0.004669,4897.424372,6.331120
30.140000,22.000000,155.506198,7.835395,0.675645,0.250160,0.004668,4895.923680,6.329180
30.150000,22.000000,155.584556,7.836365,0.675794,0.250207,0.004667,4894.423643,6.327241
30.160000,22.000000,155.662925,7.837334,0.675944,0.250254,0.004666,4892.924259,6.325302
30.170000,22.000000,155.741303,7.838303,0.676093,0.250300,0.004665,4891.425529,6.323365
30.180000,22.000000,155.819691,7.839271,0.676243,0.250347,0.004664,4889.927451,6.321428
30.190000,22.000000,155.898088,7.840239,0.676392,0.250393,0.004663,4888.430025,6.319493
30.200000,22.000000,155.976496,7.841207,0.676542,0.250440,0.004663,4886.933251,6.317558
30.210000,22.000000,156.054913,7.842174,0.676691,0.250487,0.004662,4885.437128,6.315624
30.220000,22.000000,156.133339,7.843140,0.676841,0.250533,0.004661,4883.941656,6.313690
30.230000,22.000000,156.211775,7.844107,0.676990,0.250580,0.004660,4882.446834,6.311758
30.240000,22.000000,156.290221,7.845072,0.677140,0.250627,0.004659,4880.952662,6.309826
30.250000,22.000000,156.368677,7.846038,0.677289,0.250673,0.004658,4879.459139,6.307896
30.260000,22.000000,156.447142,7.847003,0.677439,0.250720,0.004658,4877.966265,6.305966
30.270000,22.000000,156.525617,7.847967,0.677588,0.250766,0.004657,4876.474039,6.304037
30.280000,22.000000,156.604101,7.848931,0.677737,0.250813,0.004656,4874.982461,6.302108
30.290000,22.000000,156.682596,7.849895,0.677887,0.250859,0.004655,4873.491531,6.300181
30.300000,22.000000,156.761099,7.850858,0.678036,0.250906,0.004654,4872.001247,6.298254
30.310000,22.000000,156.839613,7.851821,0.678186,0.250952,0.004653,4870.511609,6.296329
30.320000,22.000000,156.918136,7.852784,0.678335,0.250999,0.004652,4869.022618,6.294404
30.330000,22.000000,156.996668,7.853746,0.678484,0.251046,0.004652,4867.534272,6.292480
30.340000,22.000000,157.075211,7.854707,0.678634,0.251092,0.004651,4866.046570,6.290557
30.350000,22.000000,157.153762,7.855669,0.678783,0.251139,0.004650,4864.559513,6.288634
30.360000,22.000000,157.232324,7.856629,0.678932,0.251185,0.004649,4863.073101,6.286713
30.370000,22.000000,157.310895,7.857590,0.679082,0.251232,0.004648,4861.587331,6.284792
30.380000,22.000000,157.389476,7.858550,0.679231,0.251278,0.004647,4860.102205,6.282872
30.390000,22.000000,157.468066,7.859509,0.679380,0.251324,0.004646,4858.617721,6.280953
30.400000,22.000000,157.546666,7.860468,0.679530,0.251371,0.004646,4857.133879,6.279035
30.410000,22.000000,157.625275,7.861427,0.679679,0.251417,0.004645,4855.650678,6.277117
30.420000,22.000000,157.703894,7.862385,0.679828,0.251464,0.004644,4854.168119,6.275201
30.430000,22.000000,157.782523,7.863343,0.679978,0.251510,0.004643,4852.686200,6.273285
30.440000,22.000000,157.861161,7.864301,0.680127,0.251557,0.004642,4851.204921,6.271370
30.450000,22.000000,157.939809,7.865258,0.680276,0.251603,0.004641,4849.724282,6.269456
30.460000,22.000000,158.018467,7.866214,0.680425,0.251649,0.004640,4848.244282,6.267543
30.470000,22.000000,158.097133,7.867171,0.680575,0.251696,0.004640,4846.764921,6.265630
30.480000,22.000000,158.175810,7.868126,0.680724,0.251742,0.004639,4845.286198,6.263719
30.490000,22.000000,158.254496,7.869082,0.680873,0.251789,0.004638,4843.808112,6.261808
30.500000,22.000000,158.333192,7.870037,0.681022,0.251835,0.004637,4842.330664,6.259898
30.510000,22.000000,158.411897,7.870991,0.681172,0.251881,0.004636,4840.853852,6.257989
30.520000,22.000000,158.490611,7.871945,0.681321,0.251928,0.004635,4839.377677,6.256080
30.530000,22.000000,158.569336,7.872899,0.681470,0.251974,0.004635,4837.902138,6.254173
30.540000,22.000000,158.648069,7.873853,0.681619,0.252020,0.004634,4836.427234,6.252266
30.550000,22.000000,158.726813,7.874806,0.681768,0.252067,0.004633,4834.952965,6.250360
30.560000,22.000000,158.805565,7.875758,0.681917,0.252113,0.004632,4833.479330,6.248455
30.570000,22.000000,158.884328,7.876710,0.682067,0.252159,0.004631,4832.006329,6.246551
30.580000,22.000000,158.963100,7.877662,0.682216,0.252206,0.004630,4830.533961,6.244648
30.590000,22.000000,159.041881,7.878613,0.682365,0.252252,0.004629,4829.062227,6.242745
30.600000,22.000000,159.120672,7.879564,0.682514,0.252298,0.004629,4827.591125,6.240843
30.610000,22.000000,159.199472,7.880515,0.682663,0.252345,0.004628,4826.120655,6.238942
30.620000,22.000000,159.278282,7.881465,0.682812,0.252391,0.004627,4824.650816,6.237042
30.630000,22.000000,159.357102,7.882414,0.682961,0.252437,0.004626,4823.181609,6.235143
30.640000,22.000000,159.435931,7.883363,0.683110,0.252483,0.004625,4821.713032,6.233245
30.650000,22.000000,159.514769,7.884312,0.683259,0.252530,0.004624,4820.245086,6.231347
30.660000,22.000000,159.593617,7.885261,0.683408,0.252576,0.004623,4818.777769,6.229450
30.670000,22.000000,159.672474,7.886209,0.683558,0.252622,0.004623,4817.311081,6.227554
30.680000,22.000000,159.751341,7.887156,0.683707,0.252668,0.004622,4815.845022,6.225659
30.690000,22.000000,159.830217,7.888104,0.683856,0.252715,0.004621,4814.379591,6.223764
30.700000,22.000000,159.909103,7.889050,0.684005,0.252761,0.004620,4812.914788,6.221871
30.710000,22.000000,159.987998,7.889997,0.684154,0.252807,0.004619,4811.450613,6.219978
30.720000,22.000000,160.066903,7.890943,0.684303,0.252853,0.004618,4809.987064,6.218086
30.730000,22.000000,160.145817,7.891888,0.684452,0.252899,0.004617,4808.524141,6.216195
30.740000,22.000000,160.224741,7.892834,0.684601,0.252945,0.004617,4807.061845,6.214304
30.750000,22.000000,160.303674,7.893778,0.684750,0.252992,0.004616,4805.600174,6.212415
30.760000,22.000000,160.382616,7.894723,0.684899,0.253038,0.004615,4804.139128,6.210526
30.770000,22.000000,160.461568,7.895667,0.685048,0.253084,0.004614,4802.678706,6.208638
30.780000,22.000000,160.540530,7.896610,0.685197,0.253130,0.004613,4801.218909,6.206751
30.790000,22.000000,160.619500,7.897554,0.685345,0.253176,0.004612,4799.759735,6.204865
30.800000,22.000000,160.698481,7.898496,0.685494,0.253222,0.004612,4798.301184,6.202979
30.810000,22.000000,160.777470,7.899439,0.685643,0.253268,0.004611,4796.843256,6.201094
30.820000,22.000000,160.856469,7.900381,0.685792,0.253315,0.004610,4795.385951,6.199210
30.830000,22.000000,160.935478,7.901322,0.685941,0.253361,0.004609,4793.929267,6.197327
30.840000,22.000000,161.014496,7.902263,0.686090,0.253407,0.004608,4792.473204,6.195445
30.850000,22.000000,161.093523,7.903204,0.686239,0.253453,0.004607,4791.017762,6.193563
30.860000,22.000000,161.172560,7.904145,0.686388,0.253499,0.004606,4789.562940,6.191683
30.870000,22.000000,161.251606,7.905085,0.686537,0.253545,0.004606,4788.108739,6.189803
30.880000,22.000000,161.330662,7.906024,0.686686,0.253591,0.004605,4786.655156,6.187924
30.890000,22.000000,161.409727,7.906963,0.686834,0.253637,0.004604,4785.202193,6.186045
30.900000,22.000000,161.488801,7.907902,0.686983,0.253683,0.004603,4783.749849,6.184168
30.910000,22.000000,161.567885,7.908840,0.687132,0.253729,0.004602,4782.298122,6.182291
30.920000,22.000000,161.646978,7.909778,0.687281,0.253775,0.004601,4780.847013,6.180415
30.930000,22.000000,161.726080,7.910716,0.687430,0.253821,0.004600,4779.396521,6.178540
30.940000,22.000000,161.805192,7.911653,0.687579,0.253867,0.004600,4777.946646,6.176666
30.950000,22.000000,161.884313,7.912590,0.687727,0.253913,0.004599,4776.497387,6.174792
30.960000,22.000000,161.963444,7.913526,0.687876,0.253959,0.004598,4775.048744,6.172920
30.970000,22.000000,162.042584,7.914462,0.688025,0.254005,0.004597,4773.600716,6.171048
30.980000,22.000000,162.121733,7.915398,0.688174,0.254051,0.004596,4772.153303,6.169176
30.990000,22.000000,162.200892,7.916333,0.688322,0.254097,0.004595,4770.706504,6.167306
31.000000,22.000000,162.280060,7.917268,0.688471,0.254143,0.004595,4769.260320,6.165437
31.010000,22.000000,162.359237,7.918202,0.688620,0.254189,0.004594,4767.814749,6.163568
31.020000,22.000000,162.438424,7.919136,0.688769,0.254235,0.004593,4766.369791,6.161700
31.030000,22.000000,162.517620,7.920070,0.688917,0.254281,0.004592,4764.925445,6.159833
31.040000,22.000000,162.596825,7.921003,0.689066,0.254327,0.004591,4763.481712,6.157966
31.050000,22.000000,162.676040,7.921936,0.689215,0.254373,0.004590,4762.038590,6.156101
31.060000,22.000000,162.755264,7.922868,0.689363,0.254418,0.004589,4760.596080,6.154236
31.070000,22.000000,162.834497,7.923800,0.689512,0.254464,0.004589,4759.154180,6.152372
31.080000,22.000000,162.913740,7.924732,0.689661,0.254510,0.004588,4757.712891,6.150509
31.090000,22.000000,162.992992,7.925663,0.689809,0.254556,0.004587,4756.272211,6.148646
31.100000,22.000000,163.072253,7.926594,0.689958,0.254602,0.004586,4754.832141,6.146785
31.110000,22.000000,163.151524,7.927524,0.690107,0.254648,0.004585,4753.392680,6.144924
31.120000,22.000000,163.230804,7.928454,0.690255,0.254694,0.004584,4751.953828,6.143064
31.130000,22.000000,163.310093,7.929384,0.690404,0.254739,0.004583,4750.515583,6.141204
31.140000,22.000000,163.389391,7.930313,0.690553,0.254785,0.004583,4749.077946,6.139346
31.150000,22.000000,163.468699,7.931242,0.690701,0.254831,0.004582,4747.640917,6.137488
31.160000,22.000000,163.548016,7.932170,0.690850,0.254877,0.004581,4746.204494,6.135631
31.170000,22.000000,163.627342,7.933099,0.690998,0.254923,0.004580,4744.768677,6.133775
31.180000,22.000000,163.706678,7.934026,0.691147,0.254969,0.004579,4743.333466,6.131920
31.190000,22.000000,163.786023,7.934953,0.691296,0.255014,0.004578,4741.898861,6.130065
31.200000,22.000000,163.865377,7.935880,0.691444,0.255060,0.004578,4740.464860,6.128211
31.210000,22.000000,163.944741,7.936807,0.691593,0.255106,0.004577,4739.031464,6.126358
31.220000,22.000000,164.024113,7.937733,0.691741,0.255152,0.004576,4737.598672,6.124506
31.230000,22.000000,164.103495,7.938659,0.691890,0.255197,0.004575,4736.166484,6.122655
31.240000,22.000000,164.182886,7.939584,0.692038,0.255243,0.004574,4734.734899,6.120804
31.250000,22.000000,164.262287,7.940509,0.692187,0.255289,0.004573,4733.303916,6.118954
31.260000,22.000000,164.341697,7.941434,0.692335,0.255335,0.004572,4731.873536,6.117105
31.270000,22.000000,164.421116,7.942358,0.692484,0.255380,0.004572,4730.443757,6.115257
31.280000,22.000000,164.500544,7.943282,0.692632,0.255426,0.004571,4729.014580,6.113409
31.290000,22.000000,164.579981,7.944205,0.692781,0.255472,0.004570,4727.586004,6.111562
31.300000,22.000000,164.659428,7.945128,0.692929,0.255517,0.004569,4726.158028,6.109716
31.310000,22.000000,164.738884,7.946051,0.693078,0.255563,0.004568,4724.730653,6.107871
31.320000,22.000000,164.818349,7.946973,0.693226,0.255609,0.004567,4723.303877,6.106027
31.330000,22.000000,164.897823,7.947895,0.693375,0.255654,0.004566,4721.877700,6.104183
31.340000,22.000000,164.977307,7.948816,0.693523,0.255700,0.004566,4720.452122,6.102340
31.350000,22.000000,165.056800,7.949737,0.693671,0.255746,0.004565,4719.027142,6.100498
31.360000,22.000000,165.136302,7.950658,0.693820,0.255791,0.004564,4717.602760,6.098657
31.370000,22.000000,165.215813,7.951578,0.693968,0.255837,0.004563,4716.178975,6.096816
31.380000,22.000000,165.295333,7.952498,0.694117,0.255883,0.004562,4714.755787,6.094976
31.390000,22.000000,165.374863,7.953418,0.694265,0.255928,0.004561,4713.333196,6.093137
31.400000,22.000000,165.454401,7.954337,0.694413,0.255974,0.004561,4711.911201,6.091299
31.410000,22.000000,165.533949,7.955256,0.694562,0.256020,0.004560,4710.489802,6.089461
31.420000,22.000000,165.613507,7.956174,0.694710,0.256065,0.004559,4709.068997,6.087625
31.430000,22.000000,165.693073,7.957092,0.694859,0.256111,0.004558,4707.648788,6.085789
31.440000,22.000000,165.772648,7.958010,0.695007,0.256156,0.004557,4706.229173,6.083953
31.450000,22.000000,165.852233,7.958927,0.695155,0.256202,0.004556,4704.810151,6.082119
31.460000,22.000000,165.931827,7.959844,0.695304,0.256247,0.004555,4703.391723,6.080285
31.470000,22.000000,166.011430,7.960760,0.695452,0.256293,0.004555,4701.973889,6.078452
31.480000,22.000000,166.091042,7.961676,0.695600,0.256339,0.004554,4700.556646,6.076620
31.490000,22.000000,166.170663,7.962592,0.695748,0.256384,0.004553,4699.139996,6.074789
31.500000,22.000000,166.250294,7.963507,0.695897,0.256430,0.004552,4697.723938,6.072958
31.510000,22.000000,166.329934,7.964422,0.696045,0.256475,0.004551,4696.308471,6.071128
31.520000,22.000000,166.409582,7.965337,0.696193,0.256521,0.004550,4694.893594,6.069299
31.530000,22.000000,166.489240,7.966251,0.696341,0.256566,0.004549,4693.479308,6.067471
31.540000,22.000000,166.568907,7.967165,0.696490,0.256612,0.004549,4692.065612,6.065644
31.550000,22.000000,166.648584,7.968078,0.696638,0.256657,0.004548,4690.652506,6.063817
31.560000,22.000000,166.728269,7.968991,0.696786,0.256703,0.004547,4689.239989,6.061991
31.570000,22.000000,166.807963,7.969904,0.696934,0.256748,0.004546,4687.828060,6.060165
31.580000,22.000000,166.887667,7.970816,0.697083,0.256793,0.004545,4686.416719,6.058341
31.590000,22.000000,166.967380,7.971728,0.697231,0.256839,0.004544,4685.005967,6.056517
31.600000,22.000000,167.047102,7.972639,0.697379,0.256884,0.004544,4683.595802,6.054694
31.610000,22.000000,167.126833,7.973550,0.697527,0.256930,0.004543,4682.186223,6.052872
31.620000,22.000000,167.206573,7.974461,0.697675,0.256975,0.004542,4680.777231,6.051051
31.630000,22.000000,167.286322,7.975371,0.697824,0.257021,0.004541,4679.368826,6.049230
31.640000,22.000000,167.366080,7.976281,0.697972,0.257066,0.004540,4677.961006,6.047410
31.650000,22.000000,167.445847,7.977191,0.698120,0.257111,0.004539,4676.553771,6.045591
31.660000,22.000000,167.525624,7.978100,0.698268,0.257157,0.004538,4675.147121,6.043772
31.670000,22.000000,167.605409,7.979009,0.698416,0.257202,0.004538,4673.741055,6.041955
31.680000,22.000000,167.685204,7.979918,0.698564,0.257248,0.004537,4672.335573,6.040138
31.690000,22.000000,167.765008,7.980826,0.698712,0.257293,0.004536,4670.930675,6.038321
31.700000,22.000000,167.844821,7.981733,0.698860,0.257338,0.004535,4669.526360,6.036506
31.710000,22.000000,167.924642,7.982641,0.699009,0.257384,0.004534,4668.122627,6.034691
31.720000,22.000000,168.004473,7.983548,0.699157,0.257429,0.004533,4666.719477,6.032877
31.730000,22.000000,168.084313,7.984454,0.699305,0.257474,0.004533,4665.316908,6.031064
31.740000,22.000000,168.164162,7.985360,0.699453,0.257520,0.004532,4663.914921,6.029252
31.750000,22.000000,168.244021,7.986266,0.699601,0.257565,0.004531,4662.513515,6.027440
31.760000,22.000000,168.323888,7.987172,0.699749,0.257610,0.004530,4661.112689,6.025629
31.770000,22.000000,168.403764,7.988077,0.699897,0.257656,0.004529,4659.712444,6.023819
31.780000,22.000000,168.483649,7.988982,0.700045,0.257701,0.004528,4658.312778,6.022010
31.790000,22.000000,168.563544,7.989886,0.700193,0.257746,0.004527,4656.913691,6.020201
31.800000,22.000000,168.643447,7.990790,0.700341,0.257791,0.004527,4655.515183,6.018393
31.810000,22.000000,168.723359,7.991693,0.700489,0.257837,0.004526,4654.117254,6.016586
31.820000,22.000000,168.803281,7.992597,0.700637,0.257882,0.004525,4652.719903,6.014780
31.830000,22.000000,168.883211,7.993500,0.700785,0.257927,0.004524,4651.323129,6.012974
31.840000,22.000000,168.963151,7.994402,0.700933,0.257972,0.004523,4649.926932,6.011169
31.850000,22.000000,169.043099,7.995304,0.701081,0.258018,0.004522,4648.531312,6.009365
31.860000,22.000000,169.123057,7.996206,0.701229,0.258063,0.004521,4647.136268,6.007561
31.870000,22.000000,169.203024,7.997107,0.701377,0.258108,0.004521,4645.741800,6.005759
31.880000,22.000000,169.282999,7.998008,0.701525,0.258153,0.004520,4644.347908,6.003957
31.890000,22.000000,169.362984,7.998909,0.701673,0.258198,0.004519,4642.954590,6.002156
31.900000,22.000000,169.442977,7.999809,0.701820,0.258244,0.004518,4641.561848,6.000355
31.910000,22.000000,169.522980,8.000709,0.701968,0.258289,0.004517,4640.169679,5.998555
31.920000,22.000000,169.602991,8.001608,0.702116,0.258334,0.004516,4638.778084,5.996756
31.930000,22.000000,169.683012,8.002507,0.702264,0.258379,0.004516,4637.387063,5.994958
31.940000,22.000000,169.763042,8.003406,0.702412,0.258424,0.004515,4635.996614,5.993161
31.950000,22.000000,169.843080,8.004305,0.702560,0.258469,0.004514,4634.606738,5.991364
31.960000,22.000000,169.923128,8.005203,0.702708,0.258515,0.004513,4633.217434,5.989568
31.970000,22.000000,170.003184,8.006100,0.702856,0.258560,0.004512,4631.828702,5.987773
31.980000,22.000000,170.083250,8.006998,0.703003,0.258605,0.004511,4630.440541,5.985978
31.990000,22.000000,170.163324,8.007894,0.703151,0.258650,0.004510,4629.052950,5.984184
32.000000,22.000000,170.243408,8.008791,0.703299,0.258695,0.004510,4627.665931,5.982391
32.010000,22.000000,170.323500,8.009687,0.703447,0.258740,0.004509,4626.279481,5.980599
32.020000,22.000000,170.403601,8.010583,0.703595,0.258785,0.004508,4624.893601,5.978807
32.030000,22.000000,170.483712,8.011478,0.703742,0.258830,0.004507,4623.508290,5.977016
32.040000,22.000000,170.563831,8.012373,0.703890,0.258875,0.004506,4622.123548,5.975226
32.050000,22.000000,170.643959,8.013268,0.704038,0.258920,0.004505,4620.739374,5.973437
32.060000,22.000000,170.724096,8.014162,0.704186,0.258965,0.004505,4619.355768,5.971648
32.070000,22.000000,170.804242,8.015056,0.704334,0.259010,0.004504,4617.972730,5.969860
32.080000,22.000000,170.884397,8.015950,0.704481,0.259055,0.004503,4616.590258,5.968073
32.090000,22.000000,170.964561,8.016843,0.704629,0.259100,0.004502,4615.208354,5.966287
32.100000,22.000000,171.044734,8.017736,0.704777,0.259146,0.004501,4613.827015,5.964501
32.110000,22.000000,171.124916,8.018629,0.704924,0.259191,0.004500,4612.446243,5.962716
32.120000,22.000000,171.205107,8.019521,0.705072,0.259236,0.004499,4611.066036,5.960932
32.130000,22.000000,171.285306,8.020413,0.705220,0.259281,0.004499,4609.686394,5.959148
32.140000,22.000000,171.365515,8.021304,0.705368,0.259325,0.004498,4608.307317,5.957365
32.150000,22.000000,171.445733,8.022195,0.705515,0.259370,0.004497,4606.928804,5.955583
32.160000,22.000000,171.525959,8.023086,0.705663,0.259415,0.004496,4605.550855,5.953802
32.170000,22.000000,171.606194,8.023976,0.705811,0.259460,0.004495,4604.173469,5.952021
32.180000,22.000000,171.686438,8.024866,0.705958,0.259505,0.004494,4602.796646,5.950242
32.190000,22.000000,171.766692,8.025755,0.706106,0.259550,0.004494,4601.420386,5.948462
32.200000,22.000000,171.846954,8.026645,0.706254,0.259595,0.004493,4600.044688,5.946684
32.210000,22.000000,171.927224,8.027534,0.706401,0.259640,0.004492,4598.669552,5.944906
32.220000,22.000000,172.007504,8.028422,0.706549,0.259685,0.004491,4597.294977,5.943129
32.230000,22.000000,172.087793,8.029310,0.706696,0.259730,0.004490,4595.920963,5.941353
32.240000,22.000000,172.168090,8.030198,0.706844,0.259775,0.004489,4594.547509,5.939577
32.250000,22.000000,172.248397,8.031085,0.706992,0.259820,0.004488,4593.174616,5.937803
32.260000,22.000000,172.328712,8.031972,0.707139,0.259865,0.004488,4591.802283,5.936029
32.270000,22.000000,172.409036,8.032859,0.707287,0.259909,0.004487,4590.430508,5.934255
32.280000,22.000000,172.489369,8.033745,0.707434,0.259954,0.004486,4589.059293,5.932483
32.290000,22.000000,172.569711,8.034631,0.707582,0.259999,0.004485,4587.688636,5.930711
32.300000,22.000000,172.650062,8.035517,0.707729,0.260044,0.004484,4586.318538,5.928940
32.310000,22.000000,172.730422,8.036402,0.707877,0.260089,0.004483,4584.948997,5.927169
32.320000,22.000000,172.810790,8.037287,0.708024,0.260134,0.004483,4583.580013,5.925399
32.330000,22.000000,172.891167,8.038172,0.708172,0.260179,0.004482,4582.211586,5.923630
32.340000,22.000000,172.971553,8.039056,0.708319,0.260223,0.004481,4580.843716,5.921862
32.350000,22.000000,173.051948,8.039940,0.708467,0.260268,0.004480,4579.476402,5.920094
32.360000,22.000000,173.132352,8.040823,0.708614,0.260313,0.004479,4578.109644,5.918328
32.370000,22.000000,173.212765,8.041706,0.708762,0.260358,0.004478,4576.743440,5.916561
32.380000,22.000000,173.293186,8.042589,0.708909,0.260403,0.004477,4575.377792,5.914796
32.390000,22.000000,173.373617,8.043471,0.709057,0.260447,0.004477,4574.012698,5.913031
32.400000,22.000000,173.454056,8.044353,0.709204,0.260492,0.004476,4572.648159,5.911267
32.410000,22.000000,173.534504,8.045235,0.709352,0.260537,0.004475,4571.284173,5.909504
32.420000,22.000000,173.614960,8.046116,0.709499,0.260582,0.004474,4569.920740,5.907741
32.430000,22.000000,173.695426,8.046997,0.709647,0.260626,0.004473,4568.557860,5.905980
32.440000,22.000000,173.775900,8.047878,0.709794,0.260671,0.004472,4567.195532,5.904218
32.450000,22.000000,173.856384,8.048758,0.709941,0.260716,0.004472,4565.833757,5.902458
32.460000,22.000000,173.936876,8.049638,0.710089,0.260760,0.004471,4564.472533,5.900698
32.470000,22.000000,174.017376,8.050517,0.710236,0.260805,0.004470,4563.111861,5.898939
32.480000,22.000000,174.097886,8.051396,0.710384,0.260850,0.004469,4561.751739,5.897181
32.490000,22.000000,174.178404,8.052275,0.710531,0.260895,0.004468,4560.392168,5.895423
32.500000,22.000000,174.258931,8.053154,0.710678,0.260939,0.004467,4559.033147,5.893666
32.510000,22.000000,174.339467,8.054032,0.710826,0.260984,0.004467,4557.674676,5.891910
32.520000,22.000000,174.420012,8.054909,0.710973,0.261029,0.004466,4556.316754,5.890155
32.530000,22.000000,174.500566,8.055787,0.711120,0.261073,0.004465,4554.959381,5.888400
32.540000,22.000000,174.581128,8.056664,0.711268,0.261118,0.004464,4553.602556,5.886646
32.550000,22.000000,174.661699,8.057540,0.711415,0.261162,0.004463,4552.246280,5.884893
32.560000,22.000000,174.742279,8.058417,0.711562,0.261207,0.004462,4550.890551,5.883140
32.570000,22.000000,174.822867,8.059293,0.711710,0.261252,0.004461,4549.535369,5.881388
32.580000,22.000000,174.903464,8.060168,0.711857,0.261296,0.004461,4548.180735,5.879637
32.590000,22.000000,174.984070,8.061044,0.712004,0.261341,0.004460,4546.826647,5.877887
32.600000,22.000000,175.064685,8.061918,0.712151,0.261386,0.004459,4545.473105,5.876137
32.610000,22.000000,175.145309,8.062793,0.712299,0.261430,0.004458,4544.120108,5.874388
32.620000,22.000000,175.225941,8.063667,0.712446,0.261475,0.004457,4542.767657,5.872639
32.630000,22.000000,175.306582,8.064541,0.712593,0.261519,0.004456,4541.415751,5.870892
32.640000,22.000000,175.387232,8.065415,0.712740,0.261564,0.004456,4540.064390,5.869145
32.650000,22.000000,175.467890,8.066288,0.712888,0.261608,0.004455,4538.713573,5.867398
32.660000,22.000000,175.548558,8.067160,0.713035,0.261653,0.004454,4537.363299,5.865653
32.670000,22.000000,175.629234,8.068033,0.713182,0.261697,0.004453,4536.013569,5.863908
32.680000,22.000000,175.709918,8.068905,0.713329,0.261742,0.004452,4534.664382,5.862164
32.690000,22.000000,175.790612,8.069777,0.713476,0.261786,0.004451,4533.315737,5.860420
32.700000,22.000000,175.871314,8.070648,0.713624,0.261831,0.004450,4531.967635,5.858678
32.710000,22.000000,175.952025,8.071519,0.713771,0.261875,0.004450,4530.620074,5.856936
32.720000,22.000000,176.032744,8.072390,0.713918,0.261920,0.004449,4529.273055,5.855194
32.730000,22.000000,176.113473,8.073260,0.714065,0.261964,0.004448,4527.926577,5.853454
32.740000,22.000000,176.194210,8.074130,0.714212,0.262009,0.004447,4526.580639,5.851714
32.750000,22.000000,176.274955,8.075000,0.714359,0.262053,0.004446,4525.235242,5.849974
32.760000,22.000000,176.355709,8.075869,0.714506,0.262098,0.004445,4523.890384,5.848236
32.770000,22.000000,176.436473,8.076738,0.714654,0.262142,0.004445,4522.546066,5.846498
32.780000,22.000000,176.517244,8.077607,0.714801,0.262187,0.004444,4521.202287,5.844761
32.790000,22.000000,176.598025,8.078475,0.714948,0.262231,0.004443,4519.859047,5.843024
32.800000,22.000000,176.678814,8.079343,0.715095,0.262276,0.004442,4518.516345,5.841289
32.810000,22.000000,176.759612,8.080210,0.715242,0.262320,0.004441,4517.174181,5.839554
32.820000,22.000000,176.840418,8.081077,0.715389,0.262364,0.004440,4515.832554,5.837819
32.830000,22.000000,176.921233,8.081944,0.715536,0.262409,0.004440,4514.491465,5.836085
32.840000,22.000000,177.002057,8.082811,0.715683,0.262453,0.004439,4513.150912,5.834352
32.850000,22.000000,177.082889,8.083677,0.715830,0.262498,0.004438,4511.810896,5.832620
32.860000,22.000000,177.163730,8.084543,0.715977,0.262542,0.004437,4510.471416,5.830889
32.870000,22.000000,177.244580,8.085408,0.716124,0.262586,0.004436,4509.132471,5.829158
32.880000,22.000000,177.325439,8.086273,0.716271,0.262631,0.004435,4507.794062,5.827427
32.890000,22.000000,177.406306,8.087138,0.716418,0.262675,0.004434,4506.456187,5.825698
32.900000,22.000000,177.487181,8.088003,0.716565,0.262719,0.004434,4505.118847,5.823969
32.910000,22.000000,177.568066,8.088867,0.716712,0.262764,0.004433,4503.782040,5.822241
32.920000,22.000000,177.648959,8.089730,0.716859,0.262808,0.004432,4502.445768,5.820513
32.930000,22.000000,177.729860,8.090594,0.717006,0.262852,0.004431,4501.110029,5.818787
32.940000,22.000000,177.810771,8.091457,0.717153,0.262897,0.004430,4499.774822,5.817061
32.950000,22.000000,177.891689,8.092319,0.717300,0.262941,0.004429,4498.440149,5.815335
32.960000,22.000000,177.972617,8.093182,0.717447,0.262985,0.004429,4497.106007,5.813611
32.970000,22.000000,178.053553,8.094044,0.717594,0.263030,0.004428,4495.772397,5.811886
32.980000,22.000000,178.134498,8.094906,0.717741,0.263074,0.004427,4494.439319,5.810163
32.990000,22.000000,178.215451,8.095767,0.717888,0.263118,0.004426,4493.106771,5.808441
33.000000,22.000000,178.296413,8.096628,0.718035,0.263162,0.004425,4491.774754,5.806719
33.010000,22.000000,178.377384,8.097488,0.718182,0.263207,0.004424,4490.443268,5.804997
33.020000,22.000000,178.458363,8.098349,0.718328,0.263251,0.004424,4489.112311,5.803277
33.030000,22.000000,178.539351,8.099209,0.718475,0.263295,0.004423,4487.781883,5.801557
33.040000,22.000000,178.620347,8.100068,0.718622,0.263339,0.004422,4486.451985,5.799838
33.050000,22.000000,178.701352,8.100928,0.718769,0.263384,0.004421,4485.122616,5.798119
33.060000,22.000000,178.782366,8.101787,0.718916,0.263428,0.004420,4483.793775,5.796401
33.070000,22.000000,178.863388,8.102645,0.719063,0.263472,0.004419,4482.465461,5.794684
33.080000,22.000000,178.944418,8.103503,0.719210,0.263516,0.004418,4481.137676,5.792968
33.090000,22.000000,179.025458,8.104361,0.719356,0.263560,0.004418,4479.810417,5.791252
33.100000,22.000000,179.106506,8.105219,0.719503,0.263604,0.004417,4478.483686,5.789537
33.110000,22.000000,179.187562,8.106076,0.719650,0.263649,0.004416,4477.157481,5.787822
33.120000,22.000000,179.268627,8.106933,0.719797,0.263693,0.004415,4475.831801,5.786108
33.130000,22.000000,179.349701,8.107790,0.719944,0.263737,0.004414,4474.506648,5.784395
33.140000,22.000000,179.430783,8.108646,0.720090,0.263781,0.004413,4473.182020,5.782683
33.150000,22.000000,179.511874,8.109502,0.720237,0.263825,0.004413,4471.857917,5.780971
33.160000,22.000000,179.592973,8.110357,0.720384,0.263869,0.004412,4470.534338,5.779260
33.170000,22.000000,179.674081,8.111212,0.720531,0.263913,0.004411,4469.211284,5.777550
33.180000,22.000000,179.755197,8.112067,0.720677,0.263958,0.004410,4467.888753,5.775840
33.190000,22.000000,179.836322,8.112922,0.720824,0.264002,0.004409,4466.566746,5.774131
33.200000,22.000000,179.917456,8.113776,0.720971,0.264046,0.004408,4465.245262,5.772423
33.210000,22.000000,179.998598,8.114630,0.721118,0.264090,0.004408,4463.924301,5.770715
33.220000,22.000000,180.079748,8.115483,0.721264,0.264134,0.004407,4462.603862,5.769008
33.230000,22.000000,180.160907,8.116336,0.721411,0.264178,0.004406,4461.283945,5.767302
33.240000,22.000000,180.242075,8.117189,0.721558,0.264222,0.004405,4459.964549,5.765596
33.250000,22.000000,180.323251,8.118042,0.721704,0.264266,0.004404,4458.645675,5.763891
33.260000,22.000000,180.404436,8.118894,0.721851,0.264310,0.004403,4457.327321,5.762187
33.270000,22.000000,180.485629,8.119746,0.721998,0.264354,0.004403,4456.009488,5.760483
33.280000,22.000000,180.566831,8.120597,0.722144,0.264398,0.004402,4454.692175,5.758780
33.290000,22.000000,180.648041,8.121448,0.722291,0.264442,0.004401,4453.375382,5.757078
33.300000,22.000000,180.729260,8.122299,0.722438,0.264486,0.004400,4452.059108,5.755376
33.310000,22.000000,180.810487,8.123150,0.722584,0.264530,0.004399,4450.743353,5.753675
33.320000,22.000000,180.891723,8.124000,0.722731,0.264574,0.004398,4449.428117,5.751975
33.330000,22.000000,180.972967,8.124849,0.722877,0.264618,0.004397,4448.113399,5.750276
33.340000,22.000000,181.054220,8.125699,0.723024,0.264662,0.004397,4446.799199,5.748577
33.350000,22.000000,181.135481,8.126548,0.723171,0.264706,0.004396,4445.485516,5.746878
33.360000,22.000000,181.216751,8.127397,0.723317,0.264750,0.004395,4444.172350,5.745181
33.370000,22.000000,181.298029,8.128245,0.723464,0.264794,0.004394,4442.859702,5.743484
33.380000,22.000000,181.379316,8.129093,0.723610,0.264838,0.004393,4441.547569,5.741788
33.390000,22.000000,181.460611,8.129941,0.723757,0.264882,0.004392,4440.235953,5.740092
33.400000,22.000000,181.541914,8.130789,0.723903,0.264926,0.004392,4438.924852,5.738397
33.410000,22.000000,181.623227,8.131636,0.724050,0.264970,0.004391,4437.614266,5.736703
33.420000,22.000000,181.704547,8.132483,0.724197,0.265014,0.004390,4436.304196,5.735009
33.430000,22.000000,181.785876,8.133329,0.724343,0.265057,0.004389,4434.994640,5.733316
33.440000,22.000000,181.867214,8.134175,0.724490,0.265101,0.004388,4433.685598,5.731624
33.450000,22.000000,181.948560,8.135021,0.724636,0.265145,0.004387,4432.377070,5.729933
33.460000,22.000000,182.029914,8.135867,0.724783,0.265189,0.004387,4431.069055,5.728242
33.470000,22.000000,182.111277,8.136712,0.724929,0.265233,0.004386,4429.761554,5.726551
33.480000,22.000000,182.192648,8.137556,0.725075,0.265277,0.004385,4428.454565,5.724862
33.490000,22.000000,182.274028,8.138401,0.725222,0.265321,0.004384,4427.148089,5.723173
33.500000,22.000000,182.355416,8.139245,0.725368,0.265364,0.004383,4425.842124,5.721484
33.510000,22.000000,182.436813,8.140089,0.725515,0.265408,0.004382,4424.536671,5.719797
33.520000,22.000000,182.518218,8.140932,0.725661,0.265452,0.004382,4423.231730,5.718110
33.530000,22.000000,182.599632,8.141776,0.725808,0.265496,0.004381,4421.927299,5.716424
33.540000,22.000000,182.681054,8.142618,0.725954,0.265540,0.004380,4420.623379,5.714738
33.550000,22.000000,182.762484,8.143461,0.726101,0.265584,0.004379,4419.319969,5.713053
33.560000,22.000000,182.843923,8.144303,0.726247,0.265627,0.004378,4418.017069,5.711369
33.570000,22.000000,182.925370,8.145145,0.726393,0.265671,0.004377,4416.714678,5.709685
33.580000,22.000000,183.006826,8.145986,0.726540,0.265715,0.004377,4415.412797,5.708002
33.590000,22.000000,183.088290,8.146828,0.726686,0.265759,0.004376,4414.111424,5.706320
33.600000,22.000000,183.169762,8.147668,0.726832,0.265802,0.004375,4412.810559,5.704638
33.610000,22.000000,183.251243,8.148509,0.726979,0.265846,0.004374,4411.510203,5.702957
33.620000,22.000000,183.332733,8.149349,0.727125,0.265890,0.004373,4410.210354,5.701277
33.630000,22.000000,183.414230,8.150189,0.727271,0.265934,0.004372,4408.911012,5.699597
33.640000,22.000000,183.495736,8.151029,0.727418,0.265977,0.004371,4407.612178,5.697918
33.650000,22.000000,183.577251,8.151868,0.727564,0.266021,0.004371,4406.313850,5.696239
33.660000,22.000000,183.658774,8.152707,0.727710,0.266065,0.004370,4405.016028,5.694562
33.670000,22.000000,183.740305,8.153545,0.727857,0.266108,0.004369,4403.718712,5.692885
33.680000,22.000000,183.821845,8.154383,0.728003,0.266152,0.004368,4402.421901,5.691208
33.690000,22.000000,183.903393,8.155221,0.728149,0.266196,0.004367,4401.125596,5.689532
33.700000,22.000000,183.984949,8.156059,0.728296,0.266239,0.004366,4399.829795,5.687857
33.710000,22.000000,184.066514,8.156896,0.728442,0.266283,0.004366,4398.534499,5.686183
33.720000,22.000000,184.148087,8.157733,0.728588,0.266327,0.004365,4397.239706,5.684509
33.730000,22.000000,184.229668,8.158570,0.728734,0.266370,0.004364,4395.945418,5.682836
33.740000,22.000000,184.311258,8.159406,0.728881,0.266414,0.004363,4394.651633,5.681163
33.750000,22.000000,184.392857,8.160242,0.729027,0.266458,0.004362,4393.358351,5.679491
33.760000,22.000000,184.474463,8.161077,0.729173,0.266501,0.004361,4392.065571,5.677820
33.770000,22.000000,184.556078,8.161913,0.729319,0.266545,0.004361,4390.773294,5.676149
33.780000,22.000000,184.637701,8.162748,0.729465,0.266588,0.004360,4389.481518,5.674480
33.790000,22.000000,184.719333,8.163582,0.729612,0.266632,0.004359,4388.190244,5.672810
33.800000,22.000000,184.800973,8.164417,0.729758,0.266676,0.004358,4386.899472,5.671142
33.810000,22.000000,184.882621,8.165251,0.729904,0.266719,0.004357,4385.609200,5.669474
33.820000,22.000000,184.964278,8.166084,0.730050,0.266763,0.004356,4384.319429,5.667806
33.830000,22.000000,185.045943,8.166918,0.730196,0.266806,0.004356,4383.030158,5.666140
33.840000,22.000000,185.127616,8.167751,0.730342,0.266850,0.004355,4381.741386,5.664473
33.850000,22.000000,185.209298,8.168583,0.730489,0.266893,0.004354,4380.453114,5.662808
33.860000,22.000000,185.290988,8.169416,0.730635,0.266937,0.004353,4379.165341,5.661143
33.870000,22.000000,185.372686,8.170248,0.730781,0.266981,0.004352,4377.878067,5.659479
33.880000,22.000000,185.454393,8.171080,0.730927,0.267024,0.004351,4376.591292,5.657816
33.890000,22.000000,185.536108,8.171911,0.731073,0.267068,0.004351,4375.305014,5.656153
33.900000,22.000000,185.617831,8.172742,0.731219,0.267111,0.004350,4374.019234,5.654491
33.910000,22.000000,185.699563,8.173573,0.731365,0.267155,0.004349,4372.733951,5.652829
33.920000,22.000000,185.781303,8.174403,0.731511,0.267198,0.004348,4371.449165,5.651168
33.930000,22.000000,185.863051,8.175234,0.731657,0.267241,0.004347,4370.164876,5.649508
33.940000,22.000000,185.944807,8.176063,0.731803,0.267285,0.004346,4368.881083,5.647848
33.950000,22.000000,186.026572,8.176893,0.731949,0.267328,0.004346,4367.597786,5.646189
33.960000,22.000000,186.108345,8.177722,0.732095,0.267372,0.004345,4366.314985,5.644531
33.970000,22.000000,186.190127,8.178551,0.732242,0.267415,0.004344,4365.032679,5.642873
33.980000,22.000000,186.271916,8.179379,0.732388,0.267459,0.004343,4363.750867,5.641216
33.990000,22.000000,186.353714,8.180208,0.732534,0.267502,0.004342,4362.469550,5.639560
34.000000,22.000000,186.435520,8.181036,0.732680,0.267546,0.004341,4361.188728,5.637904
34.010000,22.000000,186.517335,8.181863,0.732826,0.267589,0.004341,4359.908399,5.636249
34.020000,22.000000,186.599158,8.182690,0.732972,0.267632,0.004340,4358.628563,5.634595
34.030000,22.000000,186.680989,8.183517,0.733118,0.267676,0.004339,4357.349221,5.632941
34.040000,22.000000,186.762828,8.184344,0.733263,0.267719,0.004338,4356.070372,5.631287
34.050000,22.000000,186.844676,8.185170,0.733409,0.267763,0.004337,4354.792015,5.629635
34.060000,22.000000,186.926531,8.185996,0.733555,0.267806,0.004336,4353.514150,5.627983
34.070000,22.000000,187.008395,8.186822,0.733701,0.267849,0.004336,4352.236776,5.626332
34.080000,22.000000,187.090268,8.187647,0.733847,0.267893,0.004335,4350.959894,5.624681
34.090000,22.000000,187.172148,8.188472,0.733993,0.267936,0.004334,4349.683504,5.623031
34.100000,22.000000,187.254037,8.189297,0.734139,0.267979,0.004333,4348.407604,5.621381
34.110000,22.000000,187.335934,8.190121,0.734285,0.268023,0.004332,4347.132194,5.619733
34.120000,22.000000,187.417840,8.190945,0.734431,0.268066,0.004331,4345.857274,5.618084
34.130000,22.000000,187.499753,8.191769,0.734577,0.268109,0.004331,4344.582844,5.616437
34.140000,22.000000,187.581675,8.192593,0.734723,0.268153,0.004330,4343.308903,5.614790
34.150000,22.000000,187.663605,8.193416,0.734869,0.268196,0.004329,4342.035451,5.613144
34.160000,22.000000,187.745543,8.194239,0.735014,0.268239,0.004328,4340.762488,5.611498
34.170000,22.000000,187.827490,8.195061,0.735160,0.268282,0.004327,4339.490013,5.609853
34.180000,22.000000,187.909445,8.195883,0.735306,0.268326,0.004326,4338.218026,5.608209
34.190000,22.000000,187.991408,8.196705,0.735452,0.268369,0.004325,4336.946527,5.606565
34.200000,22.000000,188.073379,8.197527,0.735598,0.268412,0.004325,4335.675514,5.604922
34.210000,22.000000,188.155358,8.198348,0.735744,0.268455,0.004324,4334.404989,5.603280
34.220000,22.000000,188.237346,8.199169,0.735889,0.268499,0.004323,4333.134950,5.601638
34.230000,22.000000,188.319341,8.199989,0.736035,0.268542,0.004322,4331.865398,5.599997
34.240000,22.000000,188.401345,8.200810,0.736181,0.268585,0.004321,4330.596331,5.598356
34.250000,22.000000,188.483358,8.201630,0.736327,0.268628,0.004320,4329.327750,5.596716
34.260000,22.000000,188.565378,8.202449,0.736473,0.268672,0.004320,4328.059654,5.595077
34.270000,22.000000,188.647407,8.203269,0.736618,0.268715,0.004319,4326.792043,5.593438
34.280000,22.000000,188.729443,8.204088,0.736764,0.268758,0.004318,4325.524917,5.591800
34.290000,22.000000,188.811488,8.204906,0.736910,0.268801,0.004317,4324.258275,5.590162
34.300000,22.000000,188.893542,8.205725,0.737056,0.268844,0.004316,4322.992116,5.588526
34.310000,22.000000,188.975603,8.206543,0.737201,0.268887,0.004315,4321.726441,5.586889
34.320000,22.000000,189.057672,8.207361,0.737347,0.268931,0.004315,4320.461249,5.585254
34.330000,22.000000,189.139750,8.208178,0.737493,0.268974,0.004314,4319.196540,5.583619
34.340000,22.000000,189.221836,8.208995,0.737638,0.269017,0.004313,4317.932314,5.581985
34.350000,22.000000,189.303930,8.209812,0.737784,0.269060,0.004312,4316.668570,5.580351
34.360000,22.000000,189.386032,8.210629,0.737930,0.269103,0.004311,4315.405307,5.578718
34.370000,22.000000,189.468143,8.211445,0.738075,0.269146,0.004310,4314.142526,5.577085
34.380000,22.000000,189.550261,8.212261,0.738221,0.269189,0.004310,4312.880226,5.575454
34.390000,22.000000,189.632388,8.213077,0.738367,0.269232,0.004309,4311.618407,5.573822
34.400000,22.000000,189.714523,8.213892,0.738512,0.269275,0.004308,4310.357068,5.572192
34.410000,22.000000,189.796666,8.214707,0.738658,0.269319,0.004307,4309.096210,5.570562
34.420000,22.000000,189.878817,8.215522,0.738804,0.269362,0.004306,4307.835831,5.568932
34.430000,22.000000,189.960976,8.216336,0.738949,0.269405,0.004305,4306.575931,5.567304
34.440000,22.000000,190.043143,8.217150,0.739095,0.269448,0.004305,4305.316511,5.565676
34.450000,22.000000,190.125319,8.217964,0.739241,0.269491,0.004304,4304.057570,5.564048
34.460000,22.000000,190.207503,8.218777,0.739386,0.269534,0.004303,4302.799107,5.562421
34.470000,22.000000,190.289695,8.219590,0.739532,0.269577,0.004302,4301.541122,5.560795
34.480000,22.000000,190.371895,8.220403,0.739677,0.269620,0.004301,4300.283614,5.559169
34.490000,22.000000,190.454103,8.221216,0.739823,0.269663,0.004300,4299.026585,5.557544
34.500000,22.000000,190.536319,8.222028,0.739968,0.269706,0.004300,4297.770032,5.555920
34.510000,22.000000,190.618543,8.222840,0.740114,0.269749,0.004299,4296.513956,5.554296
34.520000,22.000000,190.700776,8.223651,0.740260,0.269792,0.004298,4295.258357,5.552673
34.530000,22.000000,190.783016,8.224463,0.740405,0.269835,0.004297,4294.003233,5.551050
34.540000,22.000000,190.865265,8.225274,0.740551,0.269878,0.004296,4292.748586,5.549429
34.550000,22.000000,190.947522,8.226084,0.740696,0.269921,0.004296,4291.494414,5.547807
34.560000,22.000000,191.029787,8.226895,0.740842,0.269964,0.004295,4290.240717,5.546186
34.570000,22.000000,191.112060,8.227705,0.740987,0.270007,0.004294,4288.987494,5.544566
34.580000,22.000000,191.194341,8.228514,0.741133,0.270050,0.004293,4287.734747,5.542947
34.590000,22.000000,191.276630,8.229324,0.741278,0.270092,0.004292,4286.482473,5.541328
34.600000,22.000000,191.358927,8.230133,0.741424,0.270135,0.004291,4285.230673,5.539710
34.610000,22.000000,191.441233,8.230942,0.741569,0.270178,0.004291,4283.979346,5.538092
34.620000,22.000000,191.523546,8.231750,0.741714,0.270221,0.004290,4282.728493,5.536475
34.630000,22.000000,191.605868,8.232559,0.741860,0.270264,0.004289,4281.478112,5.534859
34.640000,22.000000,191.688197,8.233366,0.742005,0.270307,0.004288,4280.228204,5.533243
34.650000,22.000000,191.770535,8.234174,0.742151,0.270350,0.004287,4278.978768,5.531628
34.660000,22.000000,191.852881,8.234981,0.742296,0.270393,0.004286,4277.729804,5.530013
34.670000,22.000000,191.935235,8.235788,0.742442,0.270436,0.004286,4276.481311,5.528399
34.680000,22.000000,192.017596,8.236595,0.742587,0.270478,0.004285,4275.233289,5.526786
34.690000,22.000000,192.099966,8.237401,0.742732,0.270521,0.004284,4273.985739,5.525173
34.700000,22.000000,192.182344,8.238208,0.742878,0.270564,0.004283,4272.738658,5.523561
34.710000,22.000000,192.264731,8.239013,0.743023,0.270607,0.004282,4271.492048,5.521949
34.720000,22.000000,192.347125,8.239819,0.743169,0.270650,0.004281,4270.245908,5.520338
34.730000,22.000000,192.429527,8.240624,0.743314,0.270693,0.004281,4269.000237,5.518728
34.740000,22.000000,192.511937,8.241429,0.743459,0.270735,0.004280,4267.755035,5.517118
34.750000,22.000000,192.594356,8.242233,0.743605,0.270778,0.004279,4266.510302,5.515509
34.760000,22.000000,192.676782,8.243038,0.743750,0.270821,0.004278,4265.266038,5.513901
34.770000,22.000000,192.759216,8.243842,0.743895,0.270864,0.004277,4264.022242,5.512293
34.780000,22.000000,192.841659,8.244645,0.744041,0.270906,0.004276,4262.778913,5.510685
34.790000,22.000000,192.924109,8.245449,0.744186,0.270949,0.004276,4261.536053,5.509079
34.800000,22.000000,193.006568,8.246252,0.744331,0.270992,0.004275,4260.293659,5.507473
34.810000,22.000000,193.089034,8.247054,0.744476,0.271035,0.004274,4259.051732,5.505867
34.820000,22.000000,193.171509,8.247857,0.744622,0.271077,0.004273,4257.810272,5.504262
34.830000,22.000000,193.253991,8.248659,0.744767,0.271120,0.004272,4256.569278,5.502658
34.840000,22.000000,193.336482,8.249461,0.744912,0.271163,0.004271,4255.328750,5.501054
34.850000,22.000000,193.418981,8.250262,0.745057,0.271206,0.004271,4254.088688,5.499451
34.860000,22.000000,193.501487,8.251064,0.745203,0.271248,0.004270,4252.849091,5.497849
34.870000,22.000000,193.584002,8.251865,0.745348,0.271291,0.004269,4251.609959,5.496247
34.880000,22.000000,193.666524,8.252665,0.745493,0.271334,0.004268,4250.371291,5.494645
34.890000,22.000000,193.749055,8.253466,0.745638,0.271376,0.004267,4249.133088,5.493045
34.900000,22.000000,193.831594,8.254266,0.745784,0.271419,0.004266,4247.895348,5.491445
34.910000,22.000000,193.914140,8.255065,0.745929,0.271462,0.004266,4246.658073,5.489845
34.920000,22.000000,193.996695,8.255865,0.746074,0.271504,0.004265,4245.421260,5.488246
34.930000,22.000000,194.079258,8.256664,0.746219,0.271547,0.004264,4244.184911,5.486648
34.940000,22.000000,194.161828,8.257463,0.746364,0.271590,0.004263,4242.949024,5.485050
34.950000,22.000000,194.244407,8.258261,0.746510,0.271632,0.004262,4241.713600,5.483453
34.960000,22.000000,194.326994,8.259060,0.746655,0.271675,0.004261,4240.478638,5.481857
34.970000,22.000000,194.409588,8.259858,0.746800,0.271717,0.004261,4239.244137,5.480261
34.980000,22.000000,194.492191,8.260655,0.746945,0.271760,0.004260,4238.010098,5.478666
34.990000,22.000000,194.574801,8.261453,0.747090,0.271803,0.004259,4236.776520,5.477071
35.000000,22.000000,194.657420,8.262250,0.747235,0.271845,0.004258,4235.543403,5.475477
35.010000,22.000000,194.740046,8.263046,0.747380,0.271888,0.004257,4234.310746,5.473883
35.020000,22.000000,194.822681,8.263843,0.747525,0.271930,0.004256,4233.078549,5.472290
35.030000,22.000000,194.905323,8.264639,0.747671,0.271973,0.004256,4231.846812,5.470698
35.040000,22.000000,194.987974,8.265435,0.747816,0.272016,0.004255,4230.615535,5.469106
35.050000,22.000000,195.070632,8.266230,0.747961,0.272058,0.004254,4229.384716,5.467515
35.060000,22.000000,195.153298,8.267026,0.748106,0.272101,0.004253,4228.154357,5.465925
35.070000,22.000000,195.235972,8.267821,0.748251,0.272143,0.004252,4226.924456,5.464335
35.080000,22.000000,195.318655,8.268615,0.748396,0.272186,0.004252,4225.695013,5.462745
35.090000,22.000000,195.401345,8.269410,0.748541,0.272228,0.004251,4224.466029,5.461157
35.100000,22.000000,195.484043,8.270204,0.748686,0.272271,0.004250,4223.237501,5.459568
35.110000,22.000000,195.566749,8.270998,0.748831,0.272313,0.004249,4222.009431,5.457981
35.120000,22.000000,195.649463,8.271791,0.748976,0.272356,0.004248,4220.781818,5.456394
35.130000,22.000000,195.732185,8.272584,0.749121,0.272398,0.004247,4219.554662,5.454807
35.140000,22.000000,195.814914,8.273377,0.749266,0.272441,0.004247,4218.327962,5.453222
35.150000,22.000000,195.897652,8.274170,0.749411,0.272483,0.004246,4217.101717,5.451636
35.160000,22.000000,195.980398,8.274962,0.749556,0.272526,0.004245,4215.875929,5.450052
35.170000,22.000000,196.063151,8.275754,0.749701,0.272568,0.004244,4214.650596,5.448468
35.180000,22.000000,196.145913,8.276546,0.749846,0.272610,0.004243,4213.425718,5.446884
35.190000,22.000000,196.228682,8.277337,0.749991,0.272653,0.004242,4212.201294,5.445301
35.200000,22.000000,196.311460,8.278129,0.750136,0.272695,0.004242,4210.977326,5.443719
35.210000,22.000000,196.394245,8.278919,0.750281,0.272738,0.004241,4209.753811,5.442137
35.220000,22.000000,196.477038,8.279710,0.750426,0.272780,0.004240,4208.530750,5.440556
35.230000,22.000000,196.559839,8.280500,0.750571,0.272822,0.004239,4207.308142,5.438976
35.240000,22.000000,196.642648,8.281290,0.750716,0.272865,0.004238,4206.085988,5.437396
35.250000,22.000000,196.725465,8.282080,0.750860,0.272907,0.004237,4204.864286,5.435817
35.260000,22.000000,196.808290,8.282869,0.751005,0.272950,0.004237,4203.643037,5.434238
35.270000,22.000000,196.891122,8.283658,0.751150,0.272992,0.004236,4202.422240,5.432660
35.280000,22.000000,196.973963,8.284447,0.751295,0.273034,0.004235,4201.201895,5.431082
35.290000,22.000000,197.056811,8.285236,0.751440,0.273077,0.004234,4199.982002,5.429505
35.300000,22.000000,197.139667,8.286024,0.751585,0.273119,0.004233,4198.762560,5.427929
35.310000,22.000000,197.222532,8.286812,0.751730,0.273161,0.004232,4197.543569,5.426353
35.320000,22.000000,197.305404,8.287599,0.751875,0.273204,0.004232,4196.325029,5.424777
35.330000,22.000000,197.388284,8.288387,0.752019,0.273246,0.004231,4195.106939,5.423203
35.340000,22.000000,197.471171,8.289174,0.752164,0.273288,0.004230,4193.889299,5.421629
35.350000,22.000000,197.554067,8.289961,0.752309,0.273331,0.004229,4192.672108,5.420055
35.360000,22.000000,197.636971,8.290747,0.752454,0.273373,0.004228,4191.455368,5.418482
35.370000,22.000000,197.719882,8.291533,0.752599,0.273415,0.004228,4190.239076,5.416910
35.380000,22.000000,197.802801,8.292319,0.752743,0.273457,0.004227,4189.023233,5.415338
35.390000,22.000000,197.885728,8.293105,0.752888,0.273500,0.004226,4187.807838,5.413767
35.400000,22.000000,197.968663,8.293890,0.753033,0.273542,0.004225,4186.592892,5.412196
35.410000,22.000000,198.051606,8.294675,0.753178,0.273584,0.004224,4185.378394,5.410626
35.420000,22.000000,198.134557,8.295460,0.753322,0.273626,0.004223,4184.164343,5.409057
35.430000,22.000000,198.217515,8.296244,0.753467,0.273669,0.004223,4182.950739,5.407488
35.440000,22.000000,198.300482,8.297028,0.753612,0.273711,0.004222,4181.737583,5.405920
35.450000,22.000000,198.383456,8.297812,0.753757,0.273753,0.004221,4180.524873,5.404352
35.460000,22.000000,198.466438,8.298596,0.753901,0.273795,0.004220,4179.312609,5.402785
35.470000,22.000000,198.549428,8.299379,0.754046,0.273837,0.004219,4178.100791,5.401218
35.480000,22.000000,198.632426,8.300162,0.754191,0.273880,0.004218,4176.889420,5.399652
35.490000,22.000000,198.715431,8.300945,0.754336,0.273922,0.004218,4175.678493,5.398087
35.500000,22.000000,198.798444,8.301727,0.754480,0.273964,0.004217,4174.468012,5.396522
35.510000,22.000000,198.881466,8.302509,0.754625,0.274006,0.004216,4173.257975,5.394958
35.520000,22.000000,198.964495,8.303291,0.754770,0.274048,0.004215,4172.048383,5.393394
35.530000,22.000000,199.047532,8.304073,0.754914,0.274090,0.004214,4170.839235,5.391831
35.540000,22.000000,199.130576,8.304854,0.755059,0.274133,0.004213,4169.630531,5.390268
35.550000,22.000000,199.213629,8.305635,0.755203,0.274175,0.004213,4168.422270,5.388706
35.560000,22.000000,199.296689,8.306416,0.755348,0.274217,0.004212,4167.214453,5.387145
35.570000,22.000000,199.379757,8.307196,0.755493,0.274259,0.004211,4166.007079,5.385584
35.580000,22.000000,199.462833,8.307976,0.755637,0.274301,0.004210,4164.800147,5.384024
35.590000,22.000000,199.545916,8.308756,0.755782,0.274343,0.004209,4163.593658,5.382464
35.600000,22.000000,199.629008,8.309536,0.755927,0.274385,0.004209,4162.387611,5.380905
35.610000,22.000000,199.712107,8.310315,0.756071,0.274427,0.004208,4161.182005,5.379346
35.620000,22.000000,199.795214,8.311094,0.756216,0.274469,0.004207,4159.976841,5.377789
35.630000,22.000000,199.878329,8.311873,0.756360,0.274511,0.004206,4158.772119,5.376231
35.640000,22.000000,199.961452,8.312651,0.756505,0.274554,0.004205,4157.567837,5.374674
35.650000,22.000000,200.044582,8.313429,0.756649,0.274596,0.004204,4156.363995,5.373118
35.660000,22.000000,200.127720,8.314207,0.756794,0.274638,0.004204,4155.160594,5.371562
35.670000,22.000000,200.210866,8.314985,0.756939,0.274680,0.004203,4153.957633,5.370007
35.680000,22.000000,200.294020,8.315762,0.757083,0.274722,0.004202,4152.755111,5.368453
35.690000,22.000000,200.377181,8.316539,0.757228,0.274764,0.004201,4151.553028,5.366899
35.700000,22.000000,200.460351,8.317316,0.757372,0.274806,0.004200,4150.351385,5.365345
35.710000,22.000000,200.543528,8.318092,0.757517,0.274848,0.004199,4149.150181,5.363792
35.720000,22.000000,200.626713,8.318868,0.757661,0.274890,0.004199,4147.949414,5.362240
35.730000,22.000000,200.709905,8.319644,0.757806,0.274932,0.004198,4146.749086,5.360688
35.740000,22.000000,200.793105,8.320420,0.757950,0.274974,0.004197,4145.549196,5.359137
35.750000,22.000000,200.876314,8.321195,0.758095,0.275016,0.004196,4144.349743,5.357587
35.760000,22.000000,200.959529,8.321970,0.758239,0.275058,0.004195,4143.150728,5.356037
35.770000,22.000000,201.042753,8.322745,0.758383,0.275100,0.004195,4141.952149,5.354487
35.780000,22.000000,201.125984,8.323519,0.758528,0.275141,0.004194,4140.754007,5.352938
35.790000,22.000000,201.209223,8.324293,0.758672,0.275183,0.004193,4139.556302,5.351390
35.800000,22.000000,201.292470,8.325067,0.758817,0.275225,0.004192,4138.359032,5.349842
35.810000,22.000000,201.375725,8.325841,0.758961,0.275267,0.004191,4137.162198,5.348295
35.820000,22.000000,201.458987,8.326614,0.759106,0.275309,0.004190,4135.965800,5.346748
35.830000,22.000000,201.542257,8.327387,0.759250,0.275351,0.004190,4134.769836,5.345202
35.840000,22.000000,201.625535,8.328160,0.759394,0.275393,0.004189,4133.574308,5.343657
35.850000,22.000000,201.708820,8.328933,0.759539,0.275435,0.004188,4132.379214,5.342112
35.860000,22.000000,201.792113,8.329705,0.759683,0.275477,0.004187,4131.184554,5.340567
35.870000,22.000000,201.875414,8.330477,0.759828,0.275519,0.004186,4129.990329,5.339024
35.880000,22.000000,201.958723,8.331248,0.759972,0.275560,0.004185,4128.796536,5.337480
35.890000,22.000000,202.042039,8.332020,0.760116,0.275602,0.004185,4127.603178,5.335938
35.900000,22.000000,202.125363,8.332791,0.760261,0.275644,0.004184,4126.410252,5.334395
35.910000,22.000000,202.208695,8.333561,0.760405,0.275686,0.004183,4125.217759,5.332854
35.920000,22.000000,202.292034,8.334332,0.760549,0.275728,0.004182,4124.025699,5.331313
35.930000,22.000000,202.375382,8.335102,0.760694,0.275770,0.004181,4122.834070,5.329772
35.940000,22.000000,202.458736,8.335872,0.760838,0.275811,0.004181,4121.642874,5.328232
35.950000,22.000000,202.542099,8.336642,0.760982,0.275853,0.004180,4120.452109,5.326693
35.960000,22.000000,202.625469,8.337411,0.761126,0.275895,0.004179,4119.261775,5.325154
35.970000,22.000000,202.708847,8.338180,0.761271,0.275937,0.004178,4118.071873,5.323616
35.980000,22.000000,202.792233,8.338949,0.761415,0.275979,0.004177,4116.882401,5.322078
35.990000,22.000000,202.875626,8.339718,0.761559,0.276020,0.004176,4115.693359,5.320541
36.000000,22.000000,202.959027,8.340486,0.761704,0.276062,0.004176,4114.504748,5.319005
36.010000,22.000000,203.042436,8.341254,0.761848,0.276104,0.004175,4113.316566,5.317469
36.020000,22.000000,203.125852,8.342022,0.761992,0.276146,0.004174,4112.128814,5.315933
36.030000,22.000000,203.209276,8.342789,0.762136,0.276187,0.004173,4110.941491,5.314398
36.040000,22.000000,203.292708,8.343557,0.762281,0.276229,0.004172,4109.754597,5.312864
36.050000,22.000000,203.376148,8.344323,0.762425,0.276271,0.004172,4108.568132,5.311330
36.060000,22.000000,203.459595,8.345090,0.762569,0.276312,0.004171,4107.382095,5.309797
36.070000,22.000000,203.543049,8.345856,0.762713,0.276354,0.004170,4106.196486,5.308264
36.080000,22.000000,203.626512,8.346622,0.762857,0.276396,0.004169,4105.011305,5.306732
36.090000,22.000000,203.709982,8.347388,0.763002,0.276438,0.004168,4103.826551,5.305201
36.100000,22.000000,203.793460,8.348154,0.763146,0.276479,0.004167,4102.642224,5.303669
36.110000,22.000000,203.876945,8.348919,0.763290,0.276521,0.004167,4101.458325,5.302139
36.120000,22.000000,203.960438,8.349684,0.763434,0.276563,0.004166,4100.274852,5.300609
36.130000,22.000000,204.043939,8.350449,0.763578,0.276604,0.004165,4099.091805,5.299080
36.140000,22.000000,204.127447,8.351213,0.763722,0.276646,0.004164,4097.909184,5.297551
36.150000,22.000000,204.210963,8.351977,0.763866,0.276688,0.004163,4096.726989,5.296023
36.160000,22.000000,204.294486,8.352741,0.764011,0.276729,0.004162,4095.545220,5.294495
36.170000,22.000000,204.378018,8.353505,0.764155,0.276771,0.004162,4094.363875,5.292968
36.180000,22.000000,204.461557,8.354268,0.764299,0.276812,0.004161,4093.182956,5.291441
36.190000,22.000000,204.545103,8.355031,0.764443,0.276854,0.004160,4092.002461,5.289915
36.200000,22.000000,204.628657,8.355794,0.764587,0.276896,0.004159,4090.822390,5.288389
36.210000,22.000000,204.712219,8.356556,0.764731,0.276937,0.004158,4089.642743,5.286864
36.220000,22.000000,204.795788,8.357319,0.764875,0.276979,0.004158,4088.463520,5.285340
36.230000,22.000000,204.879365,8.358080,0.765019,0.277020,0.004157,4087.284721,5.283816
36.240000,22.000000,204.962950,8.358842,0.765163,0.277062,0.004156,4086.106344,5.282293
36.250000,22.000000,205.046542,8.359604,0.765307,0.277103,0.004155,4084.928390,5.280770
36.260000,22.000000,205.130142,8.360365,0.765451,0.277145,0.004154,4083.750859,5.279248
36.270000,22.000000,205.213749,8.361126,0.765595,0.277187,0.004153,4082.573750,5.277726
36.280000,22.000000,205.297364,8.361886,0.765739,0.277228,0.004153,4081.397064,5.276205
36.290000,22.000000,205.380987,8.362646,0.765883,0.277270,0.004152,4080.220798,5.274684
36.300000,22.000000,205.464617,8.363406,0.766027,0.277311,0.004151,4079.044955,5.273164
36.310000,22.000000,205.548255,8.364166,0.766171,0.277353,0.004150,4077.869532,5.271645
36.320000,22.000000,205.631901,8.364926,0.766315,0.277394,0.004149,4076.694530,5.270126
36.330000,22.000000,205.715554,8.365685,0.766459,0.277436,0.004149,4075.519949,5.268607
36.340000,22.000000,205.799214,8.366444,0.766603,0.277477,0.004148,4074.345788,5.267089
36.350000,22.000000,205.882883,8.367203,0.766747,0.277519,0.004147,4073.172047,5.265572
36.360000,22.000000,205.966558,8.367961,0.766891,0.277560,0.004146,4071.998725,5.264055
36.370000,22.000000,206.050242,8.368719,0.767035,0.277601,0.004145,4070.825823,5.262539
36.380000,22.000000,206.133933,8.369477,0.767179,0.277643,0.004144,4069.653341,5.261023
36.390000,22.000000,206.217631,8.370235,0.767323,0.277684,0.004144,4068.481277,5.259508
36.400000,22.000000,206.301338,8.370992,0.767467,0.277726,0.004143,4067.309631,5.257993
36.410000,22.000000,206.385051,8.371749,0.767611,0.277767,0.004142,4066.138404,5.256479
36.420000,22.000000,206.468772,8.372506,0.767755,0.277809,0.004141,4064.967595,5.254966
36.430000,22.000000,206.552501,8.373262,0.767899,0.277850,0.004140,4063.797203,5.253453
36.440000,22.000000,206.636238,8.374019,0.768042,0.277891,0.004140,4062.627229,5.251940
36.450000,22.000000,206.719982,8.374774,0.768186,0.277933,0.004139,4061.457672,5.250428
36.460000,22.000000,206.803733,8.375530,0.768330,0.277974,0.004138,4060.288532,5.248917
36.470000,22.000000,206.887492,8.376286,0.768474,0.278016,0.004137,4059.119808,5.247406
36.480000,22.000000,206.971259,8.377041,0.768618,0.278057,0.004136,4057.951501,5.245896
36.490000,22.000000,207.055033,8.377796,0.768762,0.278098,0.004135,4056.783610,5.244386
36.500000,22.000000,207.138815,8.378550,0.768906,0.278140,0.004135,4055.616134,5.242877
36.510000,22.000000,207.222604,8.379305,0.769049,0.278181,0.004134,4054.449074,5.241368
36.520000,22.000000,207.306401,8.380059,0.769193,0.278222,0.004133,4053.282429,5.239860
36.530000,22.000000,207.390205,8.380813,0.769337,0.278264,0.004132,4052.116199,5.238352
36.540000,22.000000,207.474017,8.381566,0.769481,0.278305,0.004131,4050.950384,5.236845
36.550000,22.000000,207.557837,8.382319,0.769625,0.278346,0.004131,4049.784983,5.235339
36.560000,22.000000,207.641664,8.383072,0.769768,0.278388,0.004130,4048.619996,5.233833
36.570000,22.000000,207.725498,8.383825,0.769912,0.278429,0.004129,4047.455422,5.232327
36.580000,22.000000,207.809340,8.384578,0.770056,0.278470,0.004128,4046.291263,5.230822
36.590000,22.000000,207.893190,8.385330,0.770200,0.278511,0.004127,4045.127516,5.229318
36.600000,22.000000,207.977047,8.386082,0.770343,0.278553,0.004126,4043.964182,5.227814
36.610000,22.000000,208.060911,8.386834,0.770487,0.278594,0.004126,4042.801261,5.226310
36.620000,22.000000,208.144783,8.387585,0.770631,0.278635,0.004125,4041.638752,5.224808
36.630000,22.000000,208.228663,8.388336,0.770775,0.278676,0.004124,4040.476656,5.223305
36.640000,22.000000,208.312550,8.389087,0.770918,0.278718,0.004123,4039.314971,5.221804
36.650000,22.000000,208.396445,8.389838,0.771062,0.278759,0.004122,4038.153698,5.220302
36.660000,22.000000,208.480347,8.390588,0.771206,0.278800,0.004122,4036.992836,5.218802
36.670000,22.000000,208.564256,8.391338,0.771349,0.278841,0.004121,4035.832385,5.217301
36.680000,22.000000,208.648174,8.392088,0.771493,0.278883,0.004120,4034.672344,5.215802
36.690000,22.000000,208.732098,8.392837,0.771637,0.278924,0.004119,4033.512714,5.214303
36.700000,22.000000,208.816030,8.393587,0.771781,0.278965,0.004118,4032.353494,5.212804
36.710000,22.000000,208.899970,8.394336,0.771924,0.279006,0.004117,4031.194684,5.211306
36.720000,22.000000,208.983917,8.395085,0.772068,0.279047,0.004117,4030.036284,5.209809
36.730000,22.000000,209.067872,8.395833,0.772211,0.279088,0.004116,4028.878293,5.208312
36.740000,22.000000,209.151834,8.396581,0.772355,0.279130,0.004115,4027.720711,5.206815
36.750000,22.000000,209.235803,8.397329,0.772499,0.279171,0.004114,4026.563538,5.205319
36.760000,22.000000,209.319780,8.398077,0.772642,0.279212,0.004113,4025.406773,5.203824
36.770000,22.000000,209.403765,8.398824,0.772786,0.279253,0.004113,4024.250416,5.202329
36.780000,22.000000,209.487757,8.399572,0.772930,0.279294,0.004112,4023.094468,5.200835
36.790000,22.000000,209.571756,8.400318,0.773073,0.279335,0.004111,4021.938927,5.199341
36.800000,22.000000,209.655763,8.401065,0.773217,0.279376,0.004110,4020.783793,5.197847
36.810000,22.000000,209.739778,8.401811,0.773360,0.279417,0.004109,4019.629066,5.196355
36.820000,22.000000,209.823799,8.402558,0.773504,0.279459,0.004109,4018.474747,5.194862
36.830000,22.000000,209.907829,8.403303,0.773647,0.279500,0.004108,4017.320834,5.193371
36.840000,22.000000,209.991865,8.404049,0.773791,0.279541,0.004107,4016.167327,5.191880
36.850000,22.000000,210.075910,8.404794,0.773934,0.279582,0.004106,4015.014226,5.190389
36.860000,22.000000,210.159961,8.405539,0.774078,0.279623,0.004105,4013.861531,5.188899
36.870000,22.000000,210.244020,8.406284,0.774222,0.279664,0.004104,4012.709241,5.187409
36.880000,22.000000,210.328087,8.407029,0.774365,0.279705,0.004104,4011.557357,5.185920
36.890000,22.000000,210.412161,8.407773,0.774509,0.279746,0.004103,4010.405877,5.184431
36.900000,22.000000,210.496242,8.408517,0.774652,0.279787,0.004102,4009.254802,5.182943
36.910000,22.000000,210.580331,8.409261,0.774796,0.279828,0.004101,4008.104132,5.181456
36.920000,22.000000,210.664428,8.410004,0.774939,0.279869,0.004100,4006.953866,5.179969
36.930000,22.000000,210.748531,8.410748,0.775083,0.279910,0.004100,4005.804003,5.178482
36.940000,22.000000,210.832643,8.411491,0.775226,0.279951,0.004099,4004.654544,5.176996
36.950000,22.000000,210.916761,8.412233,0.775369,0.279992,0.004098,4003.505488,5.175511
36.960000,22.000000,211.000887,8.412976,0.775513,0.280033,0.004097,4002.356836,5.174026
36.970000,22.000000,211.085021,8.413718,0.775656,0.280074,0.004096,4001.208586,5.172542
36.980000,22.000000,211.169162,8.414460,0.775800,0.280115,0.004095,4000.060738,5.171058
36.990000,22.000000,211.253310,8.415202,0.775943,0.280156,0.004095,3998.913293,5.169574
37.000000,22.000000,211.337466,8.415943,0.776087,0.280197,0.004094,3997.766250,5.168092
37.010000,22.000000,211.421629,8.416684,0.776230,0.280238,0.004093,3996.619608,5.166609
37.020000,22.000000,211.505799,8.417425,0.776373,0.280279,0.004092,3995.473368,5.165128
37.030000,22.000000,211.589977,8.418166,0.776517,0.280320,0.004091,3994.327529,5.163646
37.040000,22.000000,211.674163,8.418906,0.776660,0.280360,0.004091,3993.182091,5.162165
37.050000,22.000000,211.758355,8.419646,0.776804,0.280401,0.004090,3992.037053,5.160685
37.060000,22.000000,211.842556,8.420386,0.776947,0.280442,0.004089,3990.892416,5.159206
37.070000,22.000000,211.926763,8.421126,0.777090,0.280483,0.004088,3989.748178,5.157726
37.080000,22.000000,212.010978,8.421865,0.777234,0.280524,0.004087,3988.604341,5.156248
37.090000,22.000000,212.095200,8.422604,0.777377,0.280565,0.004087,3987.460903,5.154769
37.100000,22.000000,212.179430,8.423343,0.777520,0.280606,0.004086,3986.317864,5.153292
37.110000,22.000000,212.263667,8.424082,0.777664,0.280647,0.004085,3985.175224,5.151815
37.120000,22.000000,212.347912,8.424820,0.777807,0.280687,0.004084,3984.032983,5.150338
37.130000,22.000000,212.432164,8.425558,0.777950,0.280728,0.004083,3982.891141,5.148862
37.140000,22.000000,212.516423,8.426296,0.778094,0.280769,0.004082,3981.749696,5.147386
37.150000,22.000000,212.600690,8.427033,0.778237,0.280810,0.004082,3980.608650,5.145911
37.160000,22.000000,212.684964,8.427771,0.778380,0.280851,0.004081,3979.468001,5.144437
37.170000,22.000000,212.769245,8.428508,0.778523,0.280892,0.004080,3978.327750,5.142963
37.180000,22.000000,212.853534,8.429244,0.778667,0.280932,0.004079,3977.187895,5.141489
37.190000,22.000000,212.937830,8.429981,0.778810,0.280973,0.004078,3976.048438,5.140016
37.200000,22.000000,213.022133,8.430717,0.778953,0.281014,0.004078,3974.909377,5.138544
37.210000,22.000000,213.106444,8.431453,0.779096,0.281055,0.004077,3973.770712,5.137072
37.220000,22.000000,213.190762,8.432189,0.779240,0.281095,0.004076,3972.632444,5.135600
37.230000,22.000000,213.275088,8.432924,0.779383,0.281136,0.004075,3971.494571,5.134129
37.240000,22.000000,213.359421,8.433660,0.779526,0.281177,0.004074,3970.357094,5.132659
37.250000,22.000000,213.443761,8.434395,0.779669,0.281218,0.004074,3969.220012,5.131189
37.260000,22.000000,213.528109,8.435129,0.779812,0.281258,0.004073,3968.083325,5.129719
37.270000,22.000000,213.612464,8.435864,0.779956,0.281299,0.004072,3966.947032,5.128250
37.280000,22.000000,213.696826,8.436598,0.780099,0.281340,0.004071,3965.811135,5.126782
37.290000,22.000000,213.781196,8.437332,0.780242,0.281381,0.004070,3964.675631,5.125314
37.300000,22.000000,213.865573,8.438066,0.780385,0.281421,0.004069,3963.540521,5.123846
37.310000,22.000000,213.949957,8.438799,0.780528,0.281462,0.004069,3962.405805,5.122380
37.320000,22.000000,214.034349,8.439532,0.780671,0.281503,0.004068,3961.271483,5.120913
37.330000,22.000000,214.118748,8.440265,0.780815,0.281543,0.004067,3960.137553,5.119447
37.340000,22.000000,214.203154,8.440998,0.780958,0.281584,0.004066,3959.004017,5.117982
37.350000,22.000000,214.287568,8.441730,0.781101,0.281625,0.004065,3957.870873,5.116517
37.360000,22.000000,214.371989,8.442463,0.781244,0.281665,0.004065,3956.738121,5.115053
37.370000,22.000000,214.456417,8.443195,0.781387,0.281706,0.004064,3955.605762,5.113589
37.380000,22.000000,214.540853,8.443926,0.781530,0.281747,0.004063,3954.473794,5.112126
37.390000,22.000000,214.625296,8.444658,0.781673,0.281787,0.004062,3953.342218,5.110663
37.400000,22.000000,214.709746,8.445389,0.781816,0.281828,0.004061,3952.211033,5.109200
37.410000,22.000000,214.794203,8.446120,0.781959,0.281868,0.004061,3951.080240,5.107739
37.420000,22.000000,214.878668,8.446850,0.782103,0.281909,0.004060,3949.949837,5.106277
37.430000,22.000000,214.963140,8.447581,0.782246,0.281950,0.004059,3948.819824,5.104816
37.440000,22.000000,215.047620,8.448311,0.782389,0.281990,0.004058,3947.690202,5.103356
37.450000,22.000000,215.132107,8.449041,0.782532,0.282031,0.004057,3946.560970,5.101896
37.460000,22.000000,215.216601,8.449771,0.782675,0.282071,0.004057,3945.432128,5.100437
37.470000,22.000000,215.301102,8.450500,0.782818,0.282112,0.004056,3944.303675,5.098978
37.480000,22.000000,215.385611,8.451229,0.782961,0.282152,0.004055,3943.175612,5.097520
37.490000,22.000000,215.470126,8.451958,0.783104,0.282193,0.004054,3942.047937,5.096062
37.500000,22.000000,215.554650,8.452687,0.783247,0.282234,0.004053,3940.920651,5.094605
37.510000,22.000000,215.639180,8.453415,0.783390,0.282274,0.004052,3939.793754,5.093148
37.520000,22.000000,215.723718,8.454143,0.783533,0.282315,0.004052,3938.667244,5.091692
37.530000,22.000000,215.808263,8.454871,0.783676,0.282355,0.004051,3937.541123,5.090236
37.540000,22.000000,215.892815,8.455599,0.783819,0.282396,0.004050,3936.415389,5.088781
37.550000,22.000000,215.977375,8.456326,0.783962,0.282436,0.004049,3935.290043,5.087326
37.560000,22.000000,216.061942,8.457053,0.784105,0.282477,0.004048,3934.165084,5.085872
37.570000,22.000000,216.146516,8.457780,0.784248,0.282517,0.004048,3933.040512,5.084418
37.580000,22.000000,216.231098,8.458507,0.784390,0.282558,0.004047,3931.916326,5.082964
37.590000,22.000000,216.315686,8.459233,0.784533,0.282598,0.004046,3930.792527,5.081512
37.600000,22.000000,216.400282,8.459959,0.784676,0.282638,0.004045,3929.669114,5.080059
37.610000,22.000000,216.484885,8.460685,0.784819,0.282679,0.004044,3928.546087,5.078608
37.620000,22.000000,216.569496,8.461411,0.784962,0.282719,0.004044,3927.423446,5.077156
37.630000,22.000000,216.654114,8.462136,0.785105,0.282760,0.004043,3926.301190,5.075706
37.640000,22.000000,216.738739,8.462862,0.785248,0.282800,0.004042,3925.179319,5.074255
37.650000,22.000000,216.823371,8.463586,0.785391,0.282841,0.004041,3924.057833,5.072805
37.660000,22.000000,216.908010,8.464311,0.785534,0.282881,0.004040,3922.936731,5.071356
37.670000,22.000000,216.992657,8.465035,0.785677,0.282921,0.004040,3921.816014,5.069907
37.680000,22.000000,217.077311,8.465760,0.785819,0.282962,0.004039,3920.695681,5.068459
37.690000,22.000000,217.161972,8.466484,0.785962,0.283002,0.004038,3919.575731,5.067011
37.700000,22.000000,217.246641,8.467207,0.786105,0.283043,0.004037,3918.456166,5.065564
37.710000,22.000000,217.331316,8.467931,0.786248,0.283083,0.004036,3917.336983,5.064117
37.720000,22.000000,217.415999,8.468654,0.786391,0.283123,0.004035,3916.218184,5.062671
37.730000,22.000000,217.500690,8.469377,0.786534,0.283164,0.004035,3915.099768,5.061225
37.740000,22.000000,217.585387,8.470099,0.786676,0.283204,0.004034,3913.981734,5.059780
37.750000,22.000000,217.670092,8.470822,0.786819,0.283244,0.004033,3912.864082,5.058335
37.760000,22.000000,217.754803,8.471544,0.786962,0.283285,0.004032,3911.746812,5.056890
37.770000,22.000000,217.839522,8.472266,0.787105,0.283325,0.004031,3910.629925,5.055447
37.780000,22.000000,217.924249,8.472988,0.787247,0.283365,0.004031,3909.513418,5.054003
37.790000,22.000000,218.008982,8.473709,0.787390,0.283406,0.004030,3908.397293,5.052560
37.800000,22.000000,218.093723,8.474430,0.787533,0.283446,0.004029,3907.281549,5.051118
37.810000,22.000000,218.178471,8.475151,0.787676,0.283486,0.004028,3906.166186,5.049676
37.820000,22.000000,218.263226,8.475872,0.787818,0.283526,0.004027,3905.051204,5.048235
37.830000,22.000000,218.347988,8.476592,0.787961,0.283567,0.004027,3903.936601,5.046794
37.840000,22.000000,218.432758,8.477312,0.788104,0.283607,0.004026,3902.822379,5.045353
37.850000,22.000000,218.517534,8.478032,0.788247,0.283647,0.004025,3901.708537,5.043914
37.860000,22.000000,218.602318,8.478752,0.788389,0.283687,0.004024,3900.595074,5.042474
37.870000,22.000000,218.687109,8.479472,0.788532,0.283728,0.004023,3899.481990,5.041035
37.880000,22.000000,218.771908,8.480191,0.788675,0.283768,0.004023,3898.369285,5.039597
37.890000,22.000000,218.856713,8.480910,0.788817,0.283808,0.004022,3897.256959,5.038159
37.900000,22.000000,218.941526,8.481629,0.788960,0.283848,0.004021,3896.145012,5.036721
37.910000,22.000000,219.026346,8.482347,0.789103,0.283889,0.004020,3895.033443,5.035284
37.920000,22.000000,219.111173,8.483065,0.789245,0.283929,0.004019,3893.922252,5.033848
37.930000,22.000000,219.196007,8.483783,0.789388,0.283969,0.004019,3892.811439,5.032412
37.940000,22.000000,219.280849,8.484501,0.789531,0.284009,0.004018,3891.701003,5.030976
37.950000,22.000000,219.365697,8.485219,0.789673,0.284049,0.004017,3890.590944,5.029541
37.960000,22.000000,219.450553,8.485936,0.789816,0.284089,0.004016,3889.481263,5.028107
37.970000,22.000000,219.535416,8.486653,0.789959,0.284130,0.004015,3888.371958,5.026673
37.980000,22.000000,219.620286,8.487370,0.790101,0.284170,0.004014,3887.263030,5.025239
37.990000,22.000000,219.705163,8.488086,0.790244,0.284210,0.004014,3886.154478,5.023806
38.000000,22.000000,219.790048,8.488803,0.790386,0.284250,0.004013,3885.046302,5.022373
38.010000,22.000000,219.874939,8.489519,0.790529,0.284290,0.004012,3883.938502,5.020941
38.020000,22.000000,219.959838,8.490234,0.790672,0.284330,0.004011,3882.831078,5.019510
38.030000,22.000000,220.044744,8.490950,0.790814,0.284370,0.004010,3881.724028,5.018079
38.040000,22.000000,220.129657,8.491665,0.790957,0.284411,0.004010,3880.617354,5.016648
38.050000,22.000000,220.214577,8.492380,0.791099,0.284451,0.004009,3879.511055,5.015218
38.060000,22.000000,220.299505,8.493095,0.791242,0.284491,0.004008,3878.405130,5.013788
38.070000,22.000000,220.384439,8.493810,0.791384,0.284531,0.004007,3877.299579,5.012359
38.080000,22.000000,220.469381,8.494524,0.791527,0.284571,0.004006,3876.194402,5.010930
38.090000,22.000000,220.554330,8.495238,0.791669,0.284611,0.004006,3875.089600,5.009502
38.100000,22.000000,220.639286,8.495952,0.791812,0.284651,0.004005,3873.985170,5.008074
38.110000,22.000000,220.724249,8.496666,0.791954,0.284691,0.004004,3872.881114,5.006647
38.120000,22.000000,220.809219,8.497379,0.792097,0.284731,0.004003,3871.777432,5.005220
38.130000,22.000000,220.894196,8.498092,0.792239,0.284771,0.004002,3870.674121,5.003794
38.140000,22.000000,220.979181,8.498805,0.792382,0.284811,0.004002,3869.571184,5.002368
38.150000,22.000000,221.064172,8.499518,0.792524,0.284851,0.004001,3868.468619,5.000943
38.160000,22.000000,221.149171,8.500230,0.792667,0.284891,0.004000,3867.366426,4.999518
38.170000,22.000000,221.234177,8.500943,0.792809,0.284931,0.003999,3866.264604,4.998094
38.180000,22.000000,221.319190,8.501654,0.792952,0.284971,0.003998,3865.163155,4.996670
38.190000,22.000000,221.404210,8.502366,0.793094,0.285011,0.003998,3864.062076,4.995246
38.200000,22.000000,221.489237,8.503078,0.793237,0.285051,0.003997,3862.961369,4.993823
38.210000,22.000000,221.574272,8.503789,0.793379,0.285091,0.003996,3861.861033,4.992401
38.220000,22.000000,221.659313,8.504500,0.793521,0.285131,0.003995,3860.761067,4.990979
38.230000,22.000000,221.744362,8.505211,0.793664,0.285171,0.003994,3859.661472,4.989557
38.240000,22.000000,221.829417,8.505921,0.793806,0.285211,0.003994,3858.562246,4.988136
38.250000,22.000000,221.914480,8.506631,0.793949,0.285251,0.003993,3857.463391,4.986716
38.260000,22.000000,221.999550,8.507341,0.794091,0.285291,0.003992,3856.364905,4.985296
38.270000,22.000000,222.084627,8.508051,0.794233,0.285331,0.003991,3855.266789,4.983876
38.280000,22.000000,222.169711,8.508761,0.794376,0.285371,0.003990,3854.169042,4.982457
38.290000,22.000000,222.254802,8.509470,0.794518,0.285410,0.003990,3853.071663,4.981038
38.300000,22.000000,222.339900,8.510179,0.794660,0.285450,0.003989,3851.974654,4.979620
38.310000,22.000000,222.425006,8.510888,0.794803,0.285490,0.003988,3850.878012,4.978203
38.320000,22.000000,222.510118,8.511597,0.794945,0.285530,0.003987,3849.781739,4.976785
38.330000,22.000000,222.595238,8.512305,0.795087,0.285570,0.003986,3848.685834,4.975369
38.340000,22.000000,222.680364,8.513013,0.795230,0.285610,0.003986,3847.590297,4.973952
38.350000,22.000000,222.765498,8.513721,0.795372,0.285650,0.003985,3846.495127,4.972537
38.360000,22.000000,222.850639,8.514429,0.795514,0.285689,0.003984,3845.400324,4.971121
38.370000,22.000000,222.935787,8.515136,0.795657,0.285729,0.003983,3844.305888,4.969707
38.380000,22.000000,223.020941,8.515843,0.795799,0.285769,0.003982,3843.211819,4.968292
38.390000,22.000000,223.106103,8.516550,0.795941,0.285809,0.003982,3842.118116,4.966878
38.400000,22.000000,223.191272,8.517257,0.796084,0.285849,0.003981,3841.024780,4.965465
38.410000,22.000000,223.276449,8.517963,0.796226,0.285889,0.003980,3839.931810,4.964052
38.420000,22.000000,223.361632,8.518670,0.796368,0.285928,0.003979,3838.839205,4.962640
38.430000,22.000000,223.446822,8.519376,0.796510,0.285968,0.003978,3837.746966,4.961228
38.440000,22.000000,223.532019,8.520081,0.796653,0.286008,0.003977,3836.655092,4.959816
38.450000,22.000000,223.617224,8.520787,0.796795,0.286048,0.003977,3835.563584,4.958405
38.460000,22.000000,223.702435,8.521492,0.796937,0.286087,0.003976,3834.472440,4.956994
38.470000,22.000000,223.787653,8.522197,0.797079,0.286127,0.003975,3833.381660,4.955584
38.480000,22.000000,223.872879,8.522902,0.797221,0.286167,0.003974,3832.291245,4.954175
38.490000,22.000000,223.958111,8.523607,0.797364,0.286207,0.003973,3831.201194,4.952766
38.500000,22.000000,224.043351,8.524311,0.797506,0.286246,0.003973,3830.111507,4.951357
38.510000,22.000000,224.128598,8.525015,0.797648,0.286286,0.003972,3829.022184,4.949949
38.520000,22.000000,224.213851,8.525719,0.797790,0.286326,0.003971,3827.933224,4.948541
38.530000,22.000000,224.299112,8.526423,0.797932,0.286366,0.003970,3826.844627,4.947134
38.540000,22.000000,224.384380,8.527126,0.798074,0.286405,0.003969,3825.756393,4.945727
38.550000,22.000000,224.469655,8.527829,0.798217,0.286445,0.003969,3824.668521,4.944320
38.560000,22.000000,224.554936,8.528532,0.798359,0.286485,0.003968,3823.581012,4.942915
38.570000,22.000000,224.640225,8.529235,0.798501,0.286524,0.003967,3822.493866,4.941509
38.580000,22.000000,224.725521,8.529937,0.798643,0.286564,0.003966,3821.407081,4.940104
38.590000,22.000000,224.810824,8.530640,0.798785,0.286604,0.003965,3820.320658,4.938700
38.600000,22.000000,224.896134,8.531342,0.798927,0.286643,0.003965,3819.234596,4.937296
38.610000,22.000000,224.981451,8.532043,0.799069,0.286683,0.003964,3818.148896,4.935892
38.620000,22.000000,225.066775,8.532745,0.799211,0.286723,0.003963,3817.063556,4.934489
38.630000,22.000000,225.152106,8.533446,0.799354,0.286762,0.003962,3815.978578,4.933087
38.640000,22.000000,225.237444,8.534147,0.799496,0.286802,0.003961,3814.893960,4.931684
38.650000,22.000000,225.322789,8.534848,0.799638,0.286841,0.003961,3813.809702,4.930283
38.660000,22.000000,225.408141,8.535549,0.799780,0.286881,0.003960,3812.725804,4.928882
38.670000,22.000000,225.493500,8.536249,0.799922,0.286921,0.003959,3811.642266,4.927481
38.680000,22.000000,225.578866,8.536949,0.800064,0.286960,0.003958,3810.559088,4.926081
38.690000,22.000000,225.664239,8.537649,0.800206,0.287000,0.003957,3809.476269,4.924681
38.700000,22.000000,225.749619,8.538349,0.800348,0.287039,0.003957,3808.393809,4.923281
38.710000,22.000000,225.835006,8.539048,0.800490,0.287079,0.003956,3807.311708,4.921882
38.720000,22.000000,225.920400,8.539747,0.800632,0.287119,0.003955,3806.229966,4.920484
38.730000,22.000000,226.005800,8.540446,0.800774,0.287158,0.003954,3805.148582,4.919086
38.740000,22.000000,226.091208,8.541145,0.800916,0.287198,0.003953,3804.067556,4.917689
38.750000,22.000000,226.176623,8.541844,0.801058,0.287237,0.003953,3802.986888,4.916292
38.760000,22.000000,226.262045,8.542542,0.801200,0.287277,0.003952,3801.906578,4.914895
38.770000,22.000000,226.347474,8.543240,0.801342,0.287316,0.003951,3800.826625,4.913499
38.780000,22.000000,226.432910,8.543938,0.801484,0.287356,0.003950,3799.747030,4.912103
38.790000,22.000000,226.518353,8.544635,0.801626,0.287395,0.003949,3798.667792,4.910708
38.800000,22.000000,226.603803,8.545333,0.801768,0.287435,0.003949,3797.588910,4.909313
38.810000,22.000000,226.689260,8.546030,0.801910,0.287474,0.003948,3796.510385,4.907919
38.820000,22.000000,226.774723,8.546727,0.802052,0.287514,0.003947,3795.432216,4.906525
38.830000,22.000000,226.860194,8.547424,0.802194,0.287553,0.003946,3794.354404,4.905132
38.840000,22.000000,226.945672,8.548120,0.802336,0.287593,0.003945,3793.276947,4.903739
38.850000,22.000000,227.031157,8.548816,0.802477,0.287632,0.003945,3792.199846,4.902347
38.860000,22.000000,227.116648,8.549512,0.802619,0.287671,0.003944,3791.123100,4.900955
38.870000,22.000000,227.202147,8.550208,0.802761,0.287711,0.003943,3790.046709,4.899563
38.880000,22.000000,227.287652,8.550903,0.802903,0.287750,0.003942,3788.970674,4.898172
38.890000,22.000000,227.373165,8.551599,0.803045,0.287790,0.003941,3787.894993,4.896782
38.900000,22.000000,227.458684,8.552294,0.803187,0.287829,0.003941,3786.819666,4.895392
38.910000,22.000000,227.544211,8.552989,0.803329,0.287869,0.003940,3785.744694,4.894002
38.920000,22.000000,227.629744,8.553683,0.803471,0.287908,0.003939,3784.670076,4.892613
38.930000,22.000000,227.715284,8.554378,0.803612,0.287947,0.003938,3783.595811,4.891224
38.940000,22.000000,227.800832,8.555072,0.803754,0.287987,0.003937,3782.521900,4.889836
38.950000,22.000000,227.886386,8.555766,0.803896,0.288026,0.003937,3781.448342,4.888448
38.960000,22.000000,227.971947,8.556459,0.804038,0.288065,0.003936,3780.375138,4.887060
38.970000,22.000000,228.057515,8.557153,0.804180,0.288105,0.003935,3779.302286,4.885673
38.980000,22.000000,228.143090,8.557846,0.804322,0.288144,0.003934,3778.229787,4.884287
38.990000,22.000000,228.228672,8.558539,0.804463,0.288183,0.003933,3777.157640,4.882901
39.000000,22.000000,228.314261,8.559232,0.804605,0.288223,0.003933,3776.085846,4.881515
39.010000,22.000000,228.399857,8.559924,0.804747,0.288262,0.003932,3775.014403,4.880130
39.020000,22.000000,228.485459,8.560617,0.804889,0.288301,0.003931,3773.943312,4.878746
39.030000,22.000000,228.571069,8.561309,0.805031,0.288341,0.003930,3772.872573,4.877361
39.040000,22.000000,228.656685,8.562001,0.805172,0.288380,0.003929,3771.802184,4.875978
39.050000,22.000000,228.742309,8.562692,0.805314,0.288419,0.003929,3770.732147,4.874594
39.060000,22.000000,228.827939,8.563384,0.805456,0.288459,0.003928,3769.662461,4.873212
39.070000,22.000000,228.913577,8.564075,0.805598,0.288498,0.003927,3768.593125,4.871829
39.080000,22.000000,228.999221,8.564766,0.805739,0.288537,0.003926,3767.524139,4.870447
39.090000,22.000000,229.084872,8.565457,0.805881,0.288576,0.003926,3766.455504,4.869066
39.100000,22.000000,229.170530,8.566147,0.806023,0.288616,0.003925,3765.387218,4.867685
39.110000,22.000000,229.256195,8.566838,0.806164,0.288655,0.003924,3764.319282,4.866304
39.120000,22.000000,229.341867,8.567528,0.806306,0.288694,0.003923,3763.251696,4.864924
39.130000,22.000000,229.427545,8.568217,0.806448,0.288733,0.003922,3762.184459,4.863544
39.140000,22.000000,229.513231,8.568907,0.806590,0.288773,0.003922,3761.117570,4.862165
39.150000,22.000000,229.598924,8.569596,0.806731,0.288812,0.003921,3760.051031,4.860786
39.160000,22.000000,229.684623,8.570286,0.806873,0.288851,0.003920,3758.984840,4.859408
39.170000,22.000000,229.770329,8.570975,0.807015,0.288890,0.003919,3757.918997,4.858030
39.180000,22.000000,229.856042,8.571663,0.807156,0.288929,0.003918,3756.853502,4.856653
39.190000,22.000000,229.941763,8.572352,0.807298,0.288969,0.003918,3755.788356,4.855276
39.200000,22.000000,230.027490,8.573040,0.807439,0.289008,0.003917,3754.723556,4.853899
39.210000,22.000000,230.113223,8.573728,0.807581,0.289047,0.003916,3753.659104,4.852523
39.220000,22.000000,230.198964,8.574416,0.807723,0.289086,0.003915,3752.595000,4.851148
39.230000,22.000000,230.284712,8.575103,0.807864,0.289125,0.003914,3751.531242,4.849773
39.240000,22.000000,230.370466,8.575791,0.808006,0.289164,0.003914,3750.467831,4.848398
39.250000,22.000000,230.456227,8.576478,0.808148,0.289203,0.003913,3749.404767,4.847024
39.260000,22.000000,230.541996,8.577165,0.808289,0.289243,0.003912,3748.342048,4.845650
39.270000,22.000000,230.627771,8.577852,0.808431,0.289282,0.003911,3747.279676,4.844276
39.280000,22.000000,230.713553,8.578538,0.808572,0.289321,0.003910,3746.217650,4.842903
39.290000,22.000000,230.799342,8.579224,0.808714,0.289360,0.003910,3745.155969,4.841531
39.300000,22.000000,230.885137,8.579910,0.808855,0.289399,0.003909,3744.094633,4.840159
39.310000,22.000000,230.970940,8.580596,0.808997,0.289438,0.003908,3743.033643,4.838787
39.320000,22.000000,231.056749,8.581282,0.809139,0.289477,0.003907,3741.972998,4.837416
39.330000,22.000000,231.142565,8.581967,0.809280,0.289516,0.003906,3740.912697,4.836046
39.340000,22.000000,231.228388,8.582652,0.809422,0.289555,0.003906,3739.852741,4.834675
39.350000,22.000000,231.314218,8.583337,0.809563,0.289594,0.003905,3738.793129,4.833305
39.360000,22.000000,231.400055,8.584022,0.809705,0.289633,0.003904,3737.733861,4.831936
39.370000,22.000000,231.485899,8.584706,0.809846,0.289672,0.003903,3736.674937,4.830567
39.380000,22.000000,231.571749,8.585390,0.809988,0.289711,0.003902,3735.616357,4.829199
39.390000,22.000000,231.657607,8.586074,0.810129,0.289750,0.003902,3734.558119,4.827831
39.400000,22.000000,231.743471,8.586758,0.810271,0.289789,0.003901,3733.500225,4.826463
39.410000,22.000000,231.829342,8.587442,0.810412,0.289828,0.003900,3732.442674,4.825096
39.420000,22.000000,231.915220,8.588125,0.810554,0.289867,0.003899,3731.385466,4.823729
39.430000,22.000000,232.001104,8.588808,0.810695,0.289906,0.003898,3730.328600,4.822363
39.440000,22.000000,232.086996,8.589491,0.810836,0.289945,0.003898,3729.272077,4.820997
39.450000,22.000000,232.172894,8.590174,0.810978,0.289984,0.003897,3728.215895,4.819632
39.460000,22.000000,232.258799,8.590856,0.811119,0.290023,0.003896,3727.160055,4.818267
39.470000,22.000000,232.344711,8.591539,0.811261,0.290062,0.003895,3726.104557,4.816902
39.480000,22.000000,232.430630,8.592221,0.811402,0.290101,0.003894,3725.049400,4.815538
39.490000,22.000000,232.516556,8.592902,0.811544,0.290140,0.003894,3723.994584,4.814175
39.500000,22.000000,232.602488,8.593584,0.811685,0.290179,0.003893,3722.940110,4.812812
39.510000,22.000000,232.688427,8.594265,0.811826,0.290218,0.003892,3721.885976,4.811449
39.520000,22.000000,232.774373,8.594947,0.811968,0.290257,0.003891,3720.832182,4.810087
39.530000,22.000000,232.860326,8.595627,0.812109,0.290296,0.003891,3719.778729,4.808725
39.540000,22.000000,232.946286,8.596308,0.812251,0.290335,0.003890,3718.725616,4.807363
39.550000,22.000000,233.032252,8.596989,0.812392,0.290374,0.003889,3717.672842,4.806002
39.560000,22.000000,233.118226,8.597669,0.812533,0.290413,0.003888,3716.620409,4.804642
39.570000,22.000000,233.204206,8.598349,0.812675,0.290451,0.003887,3715.568314,4.803282
39.580000,22.000000,233.290193,8.599029,0.812816,0.290490,0.003887,3714.516559,4.801922
39.590000,22.000000,233.376186,8.599708,0.812957,0.290529,0.003886,3713.465143,4.800563
39.600000,22.000000,233.462187,8.600388,0.813099,0.290568,0.003885,3712.414065,4.799204
39.610000,22.000000,233.548194,8.601067,0.813240,0.290607,0.003884,3711.363327,4.797846
39.620000,22.000000,233.634208,8.601746,0.813381,0.290646,0.003883,3710.312926,4.796488
39.630000,22.000000,233.720229,8.602425,0.813523,0.290685,0.003883,3709.262863,4.795130
39.640000,22.000000,233.806257,8.603103,0.813664,0.290723,0.003882,3708.213139,4.793773
39.650000,22.000000,233.892291,8.603781,0.813805,0.290762,0.003881,3707.163752,4.792417
39.660000,22.000000,233.978332,8.604460,0.813946,0.290801,0.003880,3706.114702,4.791061
39.670000,22.000000,234.064380,8.605137,0.814088,0.290840,0.003879,3705.065990,4.789705
39.680000,22.000000,234.150435,8.605815,0.814229,0.290879,0.003879,3704.017614,4.788350
39.690000,22.000000,234.236497,8.606492,0.814370,0.290917,0.003878,3702.969576,4.786995
39.700000,22.000000,234.322565,8.607170,0.814511,0.290956,0.003877,3701.921874,4.785640
39.710000,22.000000,234.408640,8.607847,0.814653,0.290995,0.003876,3700.874508,4.784286
39.720000,22.000000,234.494722,8.608523,0.814794,0.291034,0.003875,3699.827478,4.782933
39.730000,22.000000,234.580810,8.609200,0.814935,0.291072,0.003875,3698.780785,4.781580
39.740000,22.000000,234.666906,8.609876,0.815076,0.291111,0.003874,3697.734427,4.780227
39.750000,22.000000,234.753008,8.610552,0.815218,0.291150,0.003873,3696.688404,4.778875
39.760000,22.000000,234.839117,8.611228,0.815359,0.291189,0.003872,3695.642717,4.777523
39.770000,22.000000,234.925233,8.611904,0.815500,0.291227,0.003871,3694.597365,4.776172
39.780000,22.000000,235.011355,8.612580,0.815641,0.291266,0.003871,3693.552348,4.774821
39.790000,22.000000,235.097484,8.613255,0.815782,0.291305,0.003870,3692.507665,4.773470
39.800000,22.000000,235.183620,8.613930,0.815923,0.291343,0.003869,3691.463317,4.772120
39.810000,22.000000,235.269763,8.614605,0.816065,0.291382,0.003868,3690.419303,4.770770
39.820000,22.000000,235.355912,8.615279,0.816206,0.291421,0.003868,3689.375623,4.769421
39.830000,22.000000,235.442068,8.615954,0.816347,0.291460,0.003867,3688.332277,4.768072
39.840000,22.000000,235.528231,8.616628,0.816488,0.291498,0.003866,3687.289264,4.766724
39.850000,22.000000,235.614401,8.617302,0.816629,0.291537,0.003865,3686.246585,4.765376
39.860000,22.000000,235.700577,8.617976,0.816770,0.291575,0.003864,3685.204238,4.764029
39.870000,22.000000,235.786760,8.618649,0.816911,0.291614,0.003864,3684.162225,4.762682
39.880000,22.000000,235.872950,8.619322,0.817053,0.291653,0.003863,3683.120544,4.761335
39.890000,22.000000,235.959147,8.619995,0.817194,0.291691,0.003862,3682.079196,4.759989
39.900000,22.000000,236.045350,8.620668,0.817335,0.291730,0.003861,3681.038180,4.758643
39.910000,22.000000,236.131560,8.621341,0.817476,0.291769,0.003860,3679.997496,4.757298
39.920000,22.000000,236.217777,8.622014,0.817617,0.291807,0.003860,3678.957144,4.755953
39.930000,22.000000,236.304000,8.622686,0.817758,0.291846,0.003859,3677.917124,4.754608
39.940000,22.000000,236.390231,8.623358,0.817899,0.291884,0.003858,3676.877435,4.753264
39.950000,22.000000,236.476468,8.624030,0.818040,0.291923,0.003857,3675.838077,4.751921
39.960000,22.000000,236.562711,8.624701,0.818181,0.291962,0.003856,3674.799050,4.750577
39.970000,22.000000,236.648962,8.625373,0.818322,0.292000,0.003856,3673.760354,4.749235
39.980000,22.000000,236.735219,8.626044,0.818463,0.292039,0.003855,3672.721989,4.747892
39.990000,22.000000,236.821483,8.626715,0.818604,0.292077,0.003854,3671.683954,4.746550
40.000000,22.000000,236.907753,8.627385,0.818745,0.292116,0.003853,3670.646249,4.745209
40.010000,22.000000,236.994030,8.628056,0.818886,0.292154,0.003853,3669.608874,4.743868
40.020000,22.000000,237.080314,8.628726,0.819027,0.292193,0.003852,3668.571829,4.742527
40.030000,22.000000,237.166605,8.629396,0.819168,0.292231,0.003851,3667.535113,4.741187
40.040000,22.000000,237.252902,8.630066,0.819309,0.292270,0.003850,3666.498726,4.739847
40.050000,22.000000,237.339206,8.630736,0.819450,0.292308,0.003849,3665.462669,4.738508
40.060000,22.000000,237.425517,8.631405,0.819591,0.292347,0.003849,3664.426941,4.737169
40.070000,22.000000,237.511834,8.632075,0.819732,0.292385,0.003848,3663.391541,4.735830
40.080000,22.000000,237.598158,8.632744,0.819873,0.292424,0.003847,3662.356469,4.734492
40.090000,22.000000,237.684489,8.633413,0.820014,0.292462,0.003846,3661.321726,4.733155
40.100000,22.000000,237.770827,8.634081,0.820155,0.292501,0.003845,3660.287311,4.731817
40.110000,22.000000,237.857171,8.634750,0.820296,0.292539,0.003845,3659.253224,4.730481
40.120000,22.000000,237.943522,8.635418,0.820437,0.292578,0.003844,3658.219464,4.729144
40.130000,22.000000,238.029879,8.636086,0.820578,0.292616,0.003843,3657.186032,4.727808
40.140000,22.000000,238.116243,8.636754,0.820719,0.292654,0.003842,3656.152927,4.726473
40.150000,22.000000,238.202614,8.637421,0.820860,0.292693,0.003841,3655.120149,4.725138
40.160000,22.000000,238.288992,8.638089,0.821001,0.292731,0.003841,3654.087698,4.723803
40.170000,22.000000,238.375376,8.638756,0.821141,0.292770,0.003840,3653.055573,4.722469
40.180000,22.000000,238.461767,8.639423,0.821282,0.292808,0.003839,3652.023775,4.721135
40.190000,22.000000,238.548164,8.640089,0.821423,0.292846,0.003838,3650.992303,4.719801
40.200000,22.000000,238.634569,8.640756,0.821564,0.292885,0.003838,3649.961157,4.718468
40.210000,22.000000,238.720979,8.641422,0.821705,0.292923,0.003837,3648.930336,4.717136
40.220000,22.000000,238.807397,8.642088,0.821846,0.292962,0.003836,3647.899842,4.715804
40.230000,22.000000,238.893821,8.642754,0.821987,0.293000,0.003835,3646.869672,4.714472
40.240000,22.000000,238.980252,8.643420,0.822127,0.293038,0.003834,3645.839828,4.713141
40.250000,22.000000,239.066690,8.644085,0.822268,0.293077,0.003834,3644.810308,4.711810
40.260000,22.000000,239.153134,8.644750,0.822409,0.293115,0.003833,3643.781113,4.710479
40.270000,22.000000,239.239585,8.645415,0.822550,0.293153,0.003832,3642.752243,4.709149
40.280000,22.000000,239.326042,8.646080,0.822691,0.293192,0.003831,3641.723697,4.707819
40.290000,22.000000,239.412506,8.646745,0.822832,0.293230,0.003830,3640.695475,4.706490
40.300000,22.000000,239.498977,8.647409,0.822972,0.293268,0.003830,3639.667577,4.705161
40.310000,22.000000,239.585454,8.648074,0.823113,0.293306,0.003829,3638.640002,4.703833
40.320000,22.000000,239.671938,8.648738,0.823254,0.293345,0.003828,3637.612752,4.702505
40.330000,22.000000,239.758429,8.649401,0.823395,0.293383,0.003827,3636.585824,4.701177
40.340000,22.000000,239.844927,8.650065,0.823535,0.293421,0.003827,3635.559219,4.699850
40.350000,22.000000,239.931430,8.650728,0.823676,0.293460,0.003826,3634.532937,4.698524
40.360000,22.000000,240.017941,8.651391,0.823817,0.293498,0.003825,3633.506978,4.697197
40.370000,22.000000,240.104458,8.652054,0.823958,0.293536,0.003824,3632.481342,4.695871
40.380000,22.000000,240.190982,8.652717,0.824098,0.293574,0.003823,3631.456027,4.694546
40.390000,22.000000,240.277513,8.653380,0.824239,0.293613,0.003823,3630.431035,4.693221
40.400000,22.000000,240.364050,8.654042,0.824380,0.293651,0.003822,3629.406364,4.691896
40.410000,22.000000,240.450593,8.654704,0.824521,0.293689,0.003821,3628.382015,4.690572
40.420000,22.000000,240.537144,8.655366,0.824661,0.293727,0.003820,3627.357987,4.689248
40.430000,22.000000,240.623701,8.656028,0.824802,0.293765,0.003819,3626.334281,4.687925
40.440000,22.000000,240.710264,8.656689,0.824943,0.293804,0.003819,3625.310896,4.686602
40.450000,22.000000,240.796835,8.657350,0.825083,0.293842,0.003818,3624.287831,4.685279
40.460000,22.000000,240.883411,8.658011,0.825224,0.293880,0.003817,3623.265087,4.683957
40.470000,22.000000,240.969995,8.658672,0.825365,0.293918,0.003816,3622.242663,4.682635
40.480000,22.000000,241.056585,8.659333,0.825505,0.293956,0.003816,3621.220560,4.681314
40.490000,22.000000,241.143181,8.659993,0.825646,0.293994,0.003815,3620.198777,4.679993
40.500000,22.000000,241.229785,8.660654,0.825787,0.294033,0.003814,3619.177313,4.678673
40.510000,22.000000,241.316395,8.661314,0.825927,0.294071,0.003813,3618.156169,4.677353
40.520000,22.000000,241.403011,8.661974,0.826068,0.294109,0.003812,3617.135344,4.676033
40.530000,22.000000,241.489634,8.662633,0.826208,0.294147,0.003812,3616.114839,4.674714
40.540000,22.000000,241.576264,8.663293,0.826349,0.294185,0.003811,3615.094652,4.673395
40.550000,22.000000,241.662900,8.663952,0.826490,0.294223,0.003810,3614.074784,4.672076
40.560000,22.000000,241.749543,8.664611,0.826630,0.294261,0.003809,3613.055235,4.670758
40.570000,22.000000,241.836192,8.665270,0.826771,0.294299,0.003808,3612.036004,4.669441
40.580000,22.000000,241.922848,8.665928,0.826911,0.294337,0.003808,3611.017091,4.668124
40.590000,22.000000,242.009511,8.666587,0.827052,0.294375,0.003807,3609.998497,4.666807
40.600000,22.000000,242.096180,8.667245,0.827193,0.294414,0.003806,3608.980220,4.665490
40.610000,22.000000,242.182856,8.667903,0.827333,0.294452,0.003805,3607.962260,4.664175
40.620000,22.000000,242.269538,8.668561,0.827474,0.294490,0.003805,3606.944618,4.662859
40.630000,22.000000,242.356227,8.669218,0.827614,0.294528,0.003804,3605.927293,4.661544
40.640000,22.000000,242.442922,8.669876,0.827755,0.294566,0.003803,3604.910285,4.660229
40.650000,22.000000,242.529624,8.670533,0.827895,0.294604,0.003802,3603.893594,4.658915
40.660000,22.000000,242.616333,8.671190,0.828036,0.294642,0.003801,3602.877219,4.657601
40.670000,22.000000,242.703048,8.671846,0.828176,0.294680,0.003801,3601.861161,4.656287
40.680000,22.000000,242.789770,8.672503,0.828317,0.294718,0.003800,3600.845418,4.654974
40.690000,22.000000,242.876498,8.673159,0.828457,0.294756,0.003799,3599.829992,4.653662
40.700000,22.000000,242.963233,8.673816,0.828598,0.294794,0.003798,3598.814882,4.652349
40.710000,22.000000,243.049974,8.674471,0.828738,0.294832,0.003797,3597.800087,4.651037
40.720000,22.000000,243.136722,8.675127,0.828879,0.294870,0.003797,3596.785607,4.649726
40.730000,22.000000,243.223477,8.675783,0.829019,0.294908,0.003796,3595.771443,4.648415
40.740000,22.000000,243.310238,8.676438,0.829160,0.294946,0.003795,3594.757593,4.647104
40.750000,22.000000,243.397006,8.677093,0.829300,0.294984,0.003794,3593.744058,4.645794
40.760000,22.000000,243.483780,8.677748,0.829441,0.295021,0.003794,3592.730838,4.644484
40.770000,22.000000,243.570561,8.678403,0.829581,0.295059,0.003793,3591.717932,4.643175
40.780000,22.000000,243.657348,8.679057,0.829721,0.295097,0.003792,3590.705340,4.641866
40.790000,22.000000,243.744142,8.679712,0.829862,0.295135,0.003791,3589.693062,4.640557
40.800000,22.000000,243.830942,8.680366,0.830002,0.295173,0.003790,3588.681098,4.639249
40.810000,22.000000,243.917749,8.681020,0.830143,0.295211,0.003790,3587.669448,4.637941
40.820000,22.000000,244.004563,8.681673,0.830283,0.295249,0.003789,3586.658111,4.636634
40.830000,22.000000,244.091383,8.682327,0.830423,0.295287,0.003788,3585.647087,4.635327
40.840000,22.000000,244.178209,8.682980,0.830564,0.295325,0.003787,3584.636376,4.634020
40.850000,22.000000,244.265042,8.683633,0.830704,0.295363,0.003786,3583.625978,4.632714
40.860000,22.000000,244.351882,8.684286,0.830845,0.295400,0.003786,3582.615892,4.631408
40.870000,22.000000,244.438728,8.684939,0.830985,0.295438,0.003785,3581.606119,4.630103
40.880000,22.000000,244.525581,8.685591,0.831125,0.295476,0.003784,3580.596657,4.628798
40.890000,22.000000,244.612440,8.686244,0.831266,0.295514,0.003783,3579.587508,4.627493
40.900000,22.000000,244.699305,8.686896,0.831406,0.295552,0.003783,3578.578671,4.626189
40.910000,22.000000,244.786178,8.687548,0.831546,0.295590,0.003782,3577.570145,4.624885
40.920000,22.000000,244.873056,8.688199,0.831687,0.295627,0.003781,3576.561931,4.623582
40.930000,22.000000,244.959942,8.688851,0.831827,0.295665,0.003780,3575.554027,4.622279
40.940000,22.000000,245.046833,8.689502,0.831967,0.295703,0.003779,3574.546435,4.620976
40.950000,22.000000,245.133732,8.690153,0.832108,0.295741,0.003779,3573.539153,4.619674
40.960000,22.000000,245.220636,8.690804,0.832248,0.295779,0.003778,3572.532183,4.618372
40.970000,22.000000,245.307548,8.691455,0.832388,0.295816,0.003777,3571.525522,4.617071
40.980000,22.000000,245.394466,8.692105,0.832528,0.295854,0.003776,3570.519172,4.615770
40.990000,22.000000,245.481390,8.692755,0.832669,0.295892,0.003776,3569.513132,4.614470
41.000000,0.000000,245.568321,8.693406,0.832809,0.295930,0.003775,3568.507401,4.613169
41.010000,0.000000,245.569084,0.000000,0.832810,0.295930,0.000000,3568.498570,4.613158
41.020000,0.000000,245.569084,0.000000,0.832810,0.295930,0.000000,3568.498570,4.613158
41.030000,0.000000,245.569084,0.000000,0.832810,0.295930,0.000000,3568.498570,4.613158
41.040000,0.000000,245.569084,0.000000,0.832810,0.295930,0.000000,3568.498570,4.613158
41.050000,0.000000,245.569084,0.000000,0.832810,0.295930,0.000000,3568.498570,4.613158
41.060000,0.000000,245.569084,0.000000,0.832810,0.295930,0.000000,3568.498570,4.613158
41.070000,0.000000,245.569084,0.000000,0.832810,0.295930,0.000000,3568.498570,4.613158
41.080000,0.000000,245.569084,0.000000,0.832810,0.295930,0.000000,3568.498570,4.613158
41.090000,0.000000,245.569084,0.000000,0.832810,0.295930,0.000000,3568.498570,4.613158
41.100000,0.000000,245.569084,0.000000,0.832810,0.295930,0.000000,3568.498570,4.613158
41.110000,0.000000,245.569084,0.000000,0.832810,0.295930,0.000000,3568.498570,4.613158
41.120000,0.000000,245.569084,0.000000,0.832810,0.295930,0.000000,3568.498570,4.613158
41.130000,0.000000,245.569084,0.000000,0.832810,0.295930,0.000000,3568.498570,4.613158
41.140000,0.000000,245.569084,0.000000,0.832810,0.295930,0.000000,3568.498570,4.613158
41.150000,0.000000,245.569084,0.000000,0.832810,0.295930,0.000000,3568.498570,4.613158
41.160000,0.000000,245.569084,0.000000,0.832810,0.295930,0.000000,3568.498570,4.613158
41.170000,0.000000,245.569084,0.000000,0.832810,0.295930,0.000000,3568.498570,4.613158
41.180000,0.000000,245.569084,0.000000,0.832810,0.295930,0.000000,3568.498570,4.613158
41.190000,0.000000,245.569084,0.000000,0.832810,0.295930,0.000000,3568.498570,4.613158
41.200000,0.000000,245.569084,0.000000,0.832810,0.295930,0.000000,3568.498570,4.613158
41.210000,0.000000,245.569084,0.000000,0.832810,0.295930,0.000000,3568.498570,4.613158
41.220000,0.000000,245.569084,0.000000,0.832810,0.295930,0.000000,3568.498570,4.613158
41.230000,0.000000,245.569084,0.000000,0.832810,0.295930,0.000000,3568.498570,4.613158
41.240000,0.000000,245.569084,0.000000,0.832810,0.295930,0.000000,3568.498570,4.613158
41.250000,0.000000,245.569084,0.000000,0.832810,0.295930,0.000000,3568.498570,4.613158
41.260000,0.000000,245.569084,0.000000,0.832810,0.295930,0.000000,3568.498570,4.613158
41.270000,0.000000,245.569084,0.000000,0.832810,0.295930,0.000000,3568.498570,4.613158
41.280000,0.000000,245.569084,0.000000,0.832810,0.295930,0.000000,3568.498570,4.613158
41.290000,0.000000,245.569084,0.000000,0.832810,0.295930,0.000000,3568.498570,4.613158
41.300000,0.000000,245.569084,0.000000,0.832810,0.295930,0.000000,3568.498570,4.613158
41.310000,0.000000,245.569084,0.000000,0.832810,0.295930,0.000000,3568.498570,4.613158
41.320000,0.000000,245.569084,0.000000,0.832810,0.295930,0.000000,3568.498570,4.613158
41.330000,0.000000,245.569084,0.000000,0.832810,0.295930,0.000000,3568.498570,4.613158
41.340000,0.000000,245.569084,0.000000,0.832810,0.295930,0.000000,3568.498570,4.613158
41.350000,0.000000,245.569084,0.000000,0.832810,0.295930,0.000000,3568.498570,4.613158
41.360000,0.000000,245.569084,0.000000,0.832810,0.295930,0.000000,3568.498570,4.613158
41.370000,0.000000,245.569084,0.000000,0.832810,0.295930,0.000000,3568.498570,4.613158
41.380000,0.000000,245.569084,0.000000,0.832810,0.295930,0.000000,3568.498570,4.613158
41.390000,0.000000,245.569084,0.000000,0.832810,0.295930,0.000000,3568.498570,4.613158
41.400000,0.000000,245.569084,0.000000,0.832810,0.295930,0.000000,3568.498570,4.613158
41.410000,0.000000,245.569084,0.000000,0.832810,0.295930,0.000000,3568.498570,4.613158
41.420000,0.000000,245.569084,0.000000,0.832810,0.295930,0.000000,3568.498570,4.613158
41.430000,0.000000,245.569084,0.000000,0.832810,0.295930,0.000000,3568.498570,4.613158
41.440000,0.000000,245.569084,0.000000,0.832810,0.295930,0.000000,3568.498570,4.613158
41.450000,0.000000,245.569084,0.000000,0.832810,0.295930,0.000000,3568.498570,4.613158
41.460000,0.000000,245.569084,0.000000,0.832810,0.295930,0.000000,3568.498570,4.613158
41.470000,0.000000,245.569084,0.000000,0.832810,0.295930,0.000000,3568.498570,4.613158
41.480000,0.000000,245.569084,0.000000,0.832810,0.295930,0.000000,3568.498570,4.613158
41.490000,0.000000,245.569084,0.000000,0.832810,0.295930,0.000000,3568.498570,4.613158
41.500000,0.000000,245.569084,0.000000,0.832810,0.295930,0.000000,3568.498570,4.613158
41.510000,0.000000,245.569084,0.000000,0.832810,0.295930,0.000000,3568.498570,4.613158
41.520000,0.000000,245.569084,0.000000,0.832810,0.295930,0.000000,3568.498570,4.613158
41.530000,0.000000,245.569084,0.000000,0.832810,0.295930,0.000000,3568.498570,4.613158
41.540000,0.000000,245.569084,0.000000,0.832810,0.295930,0.000000,3568.498570,4.613158
41.550000,0.000000,245.569084,0.000000,0.832810,0.295930,0.000000,3568.498570,4.613158
41.560000,0.000000,245.569084,0.000000,0.832810,0.295930,0.000000,3568.498570,4.613158
41.570000,0.000000,245.569084,0.000000,0.832810,0.295930,0.000000,3568.498570,4.613158
41.580000,0.000000,245.569084,0.000000,0.832810,0.295930,0.000000,3568.498570,4.613158
41.590000,0.000000,245.569084,0.000000,0.832810,0.295930,0.000000,3568.498570,4.613158
41.600000,0.000000,245.569084,0.000000,0.832810,0.295930,0.000000,3568.498570,4.613158
41.610000,0.000000,245.569084,0.000000,0.832810,0.295930,0.000000,3568.498570,4.613158
41.620000,0.000000,245.569084,0.000000,0.832810,0.295930,0.000000,3568.498570,4.613158
41.630000,0.000000,245.569084,0.000000,0.832810,0.295930,0.000000,3568.498570,4.613158
41.640000,0.000000,245.569084,0.000000,0.832810,0.295930,0.000000,3568.498570,4.613158
41.650000,0.000000,245.569084,0.000000,0.832810,0.295930,0.000000,3568.498570,4.613158
41.660000,0.000000,245.569084,0.000000,0.832810,0.295930,0.000000,3568.498570,4.613158
41.670000,0.000000,245.569084,0.000000,0.832810,0.295930,0.000000,3568.498570,4.613158
41.680000,0.000000,245.569084,0.000000,0.832810,0.295930,0.000000,3568.498570,4.613158
41.690000,0.000000,245.569084,0.000000,0.832810,0.295930,0.000000,3568.498570,4.613158
41.700000,0.000000,245.569084,0.000000,0.832810,0.295930,0.000000,3568.498570,4.613158
41.710000,0.000000,245.569084,0.000000,0.832810,0.295930,0.000000,3568.498570,4.613158
41.720000,0.000000,245.569084,0.000000,0.832810,0.295930,0.000000,3568.498570,4.613158
41.730000,0.000000,245.569084,0.000000,0.832810,0.295930,0.000000,3568.498570,4.613158
41.740000,0.000000,245.569084,0.000000,0.832810,0.295930,0.000000,3568.498570,4.613158
41.750000,0.000000,245.569084,0.000000,0.832810,0.295930,0.000000,3568.498570,4.613158
41.760000,0.000000,245.569084,0.000000,0.832810,0.295930,0.000000,3568.498570,4.613158
41.770000,0.000000,245.569084,0.000000,0.832810,0.295930,0.000000,3568.498570,4.613158
41.780000,0.000000,245.569084,0.000000,0.832810,0.295930,0.000000,3568.498570,4.613158
41.790000,0.000000,245.569084,0.000000,0.832810,0.295930,0.000000,3568.498570,4.613158
41.800000,0.000000,245.569084,0.000000,0.832810,0.295930,0.000000,3568.498570,4.613158
41.810000,0.000000,245.569084,0.000000,0.832810,0.295930,0.000000,3568.498570,4.613158
41.820000,0.000000,245.569084,0.000000,0.832810,0.295930,0.000000,3568.498570,4.613158
41.830000,0.000000,245.569084,0.000000,0.832810,0.295930,0.000000,3568.498570,4.613158
41.840000,0.000000,245.569084,0.000000,0.832810,0.295930,0.000000,3568.498570,4.613158
41.850000,0.000000,245.569084,0.000000,0.832810,0.295930,0.000000,3568.498570,4.613158
41.860000,0.000000,245.569084,0.000000,0.832810,0.295930,0.000000,3568.498570,4.613158
41.870000,0.000000,245.569084,0.000000,0.832810,0.295930,0.000000,3568.498570,4.613158
41.880000,0.000000,245.569084,0.000000,0.832810,0.295930,0.000000,3568.498570,4.613158
41.890000,0.000000,245.569084,0.000000,0.832810,0.295930,0.000000,3568.498570,4.613158
41.900000,0.000000,245.569084,0.000000,0.832810,0.295930,0.000000,3568.498570,4.613158
41.910000,0.000000,245.569084,0.000000,0.832810,0.295930,0.000000,3568.498570,4.613158
41.920000,0.000000,245.569084,0.000000,0.832810,0.295930,0.000000,3568.498570,4.613158
41.930000,0.000000,245.569084,0.000000,0.832810,0.295930,0.000000,3568.498570,4.613158
41.940000,0.000000,245.569084,0.000000,0.832810,0.295930,0.000000,3568.498570,4.613158
41.950000,0.000000,245.569084,0.000000,0.832810,0.295930,0.000000,3568.498570,4.613158
41.960000,0.000000,245.569084,0.000000,0.832810,0.295930,0.000000,3568.498570,4.613158
41.970000,0.000000,245.569084,0.000000,0.832810,0.295930,0.000000,3568.498570,4.613158
41.980000,0.000000,245.569084,0.000000,0.832810,0.295930,0.000000,3568.498570,4.613158
41.990000,0.000000,245.569084,0.000000,0.832810,0.295930,0.000000,3568.498570,4.613158
42.000000,0.000000,245.569084,0.000000,0.832810,0.295930,0.000000,3568.498570,4.613158
42.010000,0.000000,245.569084,0.000000,0.832810,0.295930,0.000000,3568.498570,4.613158
42.020000,0.000000,245.569084,0.000000,0.832810,0.295930,0.000000,3568.498570,4.613158
42.030000,0.000000,245.569084,0.000000,0.832810,0.295930,0.000000,3568.498570,4.613158
42.040000,0.000000,245.569084,0.000000,0.832810,0.295930,0.000000,3568.498570,4.613158
42.050000,0.000000,245.569084,0.000000,0.832810,0.295930,0.000000,3568.498570,4.613158
42.060000,0.000000,245.569084,0.000000,0.832810,0.295930,0.000000,3568.498570,4.613158
42.070000,0.000000,245.569084,0.000000,0.832810,0.295930,0.000000,3568.498570,4.613158
42.080000,0.000000,245.569084,0.000000,0.832810,0.295930,0.000000,3568.498570,4.613158
42.090000,0.000000,245.569084,0.000000,0.832810,0.295930,0.000000,3568.498570,4.613158
42.100000,0.000000,245.569084,0.000000,0.832810,0.295930,0.000000,3568.498570,4.613158
42.110000,0.000000,245.569084,0.000000,0.832810,0.295930,0.000000,3568.498570,4.613158
42.120000,0.000000,245.569084,0.000000,0.832810,0.295930,0.000000,3568.498570,4.613158
42.130000,0.000000,245.569084,0.000000,0.832810,0.295930,0.000000,3568.498570,4.613158
42.140000,0.000000,245.569084,0.000000,0.832810,0.295930,0.000000,3568.498570,4.613158
42.150000,0.000000,245.569084,0.000000,0.832810,0.295930,0.000000,3568.498570,4.613158
42.160000,0.000000,245.569084,0.000000,0.832810,0.295930,0.000000,3568.498570,4.613158
42.170000,0.000000,245.569084,0.000000,0.832810,0.295930,0.000000,3568.498570,4.613158
42.180000,0.000000,245.569084,0.000000,0.832810,0.295930,0.000000,3568.498570,4.613158
42.190000,0.000000,245.569084,0.000000,0.832810,0.295930,0.000000,3568.498570,4.613158
42.200000,0.000000,245.569084,0.000000,0.832810,0.295930,0.000000,3568.498570,4.613158
42.210000,0.000000,245.569084,0.000000,0.832810,0.295930,0.000000,3568.498570,4.613158
42.220000,0.000000,245.569084,0.000000,0.832810,0.295930,0.000000,3568.498570,4.613158
42.230000,0.000000,245.569084,0.000000,0.832810,0.295930,0.000000,3568.498570,4.613158
42.240000,0.000000,245.569084,0.000000,0.832810,0.295930,0.000000,3568.498570,4.613158
42.250000,0.000000,245.569084,0.000000,0.832810,0.295930,0.000000,3568.498570,4.613158
42.260000,0.000000,245.569084,0.000000,0.832810,0.295930,0.000000,3568.498570,4.613158
42.270000,0.000000,245.569084,0.000000,0.832810,0.295930,0.000000,3568.498570,4.613158
42.280000,0.000000,245.569084,0.000000,0.832810,0.295930,0.000000,3568.498570,4.613158
42.290000,0.000000,245.569084,0.000000,0.832810,0.295930,0.000000,3568.498570,4.613158
42.300000,0.000000,245.569084,0.000000,0.832810,0.295930,0.000000,3568.498570,4.613158
42.310000,0.000000,245.569084,0.000000,0.832810,0.295930,0.000000,3568.498570,4.613158
42.320000,0.000000,245.569084,0.000000,0.832810,0.295930,0.000000,3568.498570,4.613158
42.330000,0.000000,245.569084,0.000000,0.832810,0.295930,0.000000,3568.498570,4.613158
42.340000,0.000000,245.569084,0.000000,0.832810,0.295930,0.000000,3568.498570,4.613158
42.350000,0.000000,245.569084,0.000000,0.832810,0.295930,0.000000,3568.498570,4.613158
42.360000,0.000000,245.569084,0.000000,0.832810,0.295930,0.000000,3568.498570,4.613158
42.370000,0.000000,245.569084,0.000000,0.832810,0.295930,0.000000,3568.498570,4.613158
42.380000,0.000000,245.569084,0.000000,0.832810,0.295930,0.000000,3568.498570,4.613158
42.390000,0.000000,245.569084,0.000000,0.832810,0.295930,0.000000,3568.498570,4.613158
42.400000,0.000000,245.569084,0.000000,0.832810,0.295930,0.000000,3568.498570,4.613158
42.410000,0.000000,245.569084,0.000000,0.832810,0.295930,0.000000,3568.498570,4.613158
42.420000,0.000000,245.569084,0.000000,0.832810,0.295930,0.000000,3568.498570,4.613158
42.430000,0.000000,245.569084,0.000000,0.832810,0.295930,0.000000,3568.498570,4.613158
42.440000,0.000000,245.569084,0.000000,0.832810,0.295930,0.000000,3568.498570,4.613158
42.450000,0.000000,245.569084,0.000000,0.832810,0.295930,0.000000,3568.498570,4.613158
42.460000,0.000000,245.569084,0.000000,0.832810,0.295930,0.000000,3568.498570,4.613158
42.470000,0.000000,245.569084,0.000000,0.832810,0.295930,0.000000,3568.498570,4.613158
42.480000,0.000000,245.569084,0.000000,0.832810,0.295930,0.000000,3568.498570,4.613158
42.490000,0.000000,245.569084,0.000000,0.832810,0.295930,0.000000,3568.498570,4.613158
42.500000,0.000000,245.569084,0.000000,0.832810,0.295930,0.000000,3568.498570,4.613158
42.510000,0.000000,245.569084,0.000000,0.832810,0.295930,0.000000,3568.498570,4.613158
42.520000,0.000000,245.569084,0.000000,0.832810,0.295930,0.000000,3568.498570,4.613158
42.530000,0.000000,245.569084,0.000000,0.832810,0.295930,0.000000,3568.498570,4.613158
42.540000,0.000000,245.569084,0.000000,0.832810,0.295930,0.000000,3568.498570,4.613158
42.550000,0.000000,245.569084,0.000000,0.832810,0.295930,0.000000,3568.498570,4.613158
42.560000,0.000000,245.569084,0.000000,0.832810,0.295930,0.000000,3568.498570,4.613158
42.570000,0.000000,245.569084,0.000000,0.832810,0.295930,0.000000,3568.498570,4.613158
42.580000,0.000000,245.569084,0.000000,0.832810,0.295930,0.000000,3568.498570,4.613158
42.590000,0.000000,245.569084,0.000000,0.832810,0.295930,0.000000,3568.498570,4.613158
42.600000,0.000000,245.569084,0.000000,0.832810,0.295930,0.000000,3568.498570,4.613158
42.610000,0.000000,245.569084,0.000000,0.832810,0.295930,0.000000,3568.498570,4.613158
42.620000,0.000000,245.569084,0.000000,0.832810,0.295930,0.000000,3568.498570,4.613158
42.630000,0.000000,245.569084,0.000000,0.832810,0.295930,0.000000,3568.498570,4.613158
42.640000,0.000000,245.569084,0.000000,0.832810,0.295930,0.000000,3568.498570,4.613158
42.650000,0.000000,245.569084,0.000000,0.832810,0.295930,0.000000,3568.498570,4.613158
42.660000,0.000000,245.569084,0.000000,0.832810,0.295930,0.000000,3568.498570,4.613158
42.670000,0.000000,245.569084,0.000000,0.832810,0.295930,0.000000,3568.498570,4.613158
42.680000,0.000000,245.569084,0.000000,0.832810,0.295930,0.000000,3568.498570,4.613158
42.690000,0.000000,245.569084,0.000000,0.832810,0.295930,0.000000,3568.498570,4.613158
42.700000,0.000000,245.569084,0.000000,0.832810,0.295930,0.000000,3568.498570,4.613158
42.710000,0.000000,245.569084,0.000000,0.832810,0.295930,0.000000,3568.498570,4.613158
42.720000,0.000000,245.569084,0.000000,0.832810,0.295930,0.000000,3568.498570,4.613158
42.730000,0.000000,245.569084,0.000000,0.832810,0.295930,0.000000,3568.498570,4.613158
42.740000,0.000000,245.569084,0.000000,0.832810,0.295930,0.000000,3568.498570,4.613158
42.750000,0.000000,245.569084,0.000000,0.832810,0.295930,0.000000,3568.498570,4.613158
42.760000,0.000000,245.569084,0.000000,0.832810,0.295930,0.000000,3568.498570,4.613158
42.770000,0.000000,245.569084,0.000000,0.832810,0.295930,0.000000,3568.498570,4.613158
42.780000,0.000000,245.569084,0.000000,0.832810,0.295930,0.000000,3568.498570,4.613158
42.790000,0.000000,245.569084,0.000000,0.832810,0.295930,0.000000,3568.498570,4.613158
42.800000,0.000000,245.569084,0.000000,0.832810,0.295930,0.000000,3568.498570,4.613158
42.810000,0.000000,245.569084,0.000000,0.832810,0.295930,0.000000,3568.498570,4.613158
42.820000,0.000000,245.569084,0.000000,0.832810,0.295930,0.000000,3568.498570,4.613158
42.830000,0.000000,245.569084,0.000000,0.832810,0.295930,0.000000,3568.498570,4.613158
42.840000,0.000000,245.569084,0.000000,0.832810,0.295930,0.000000,3568.498570,4.613158
42.850000,0.000000,245.569084,0.000000,0.832810,0.295930,0.000000,3568.498570,4.613158
42.860000,0.000000,245.569084,0.000000,0.832810,0.295930,0.000000,3568.498570,4.613158
42.870000,0.000000,245.569084,0.000000,0.832810,0.295930,0.000000,3568.498570,4.613158
42.880000,0.000000,245.569084,0.000000,0.832810,0.295930,0.000000,3568.498570,4.613158
42.890000,0.000000,245.569084,0.000000,0.832810,0.295930,0.000000,3568.498570,4.613158
42.900000,0.000000,245.569084,0.000000,0.832810,0.295930,0.000000,3568.498570,4.613158
42.910000,0.000000,245.569084,0.000000,0.832810,0.295930,0.000000,3568.498570,4.613158
42.920000,0.000000,245.569084,0.000000,0.832810,0.295930,0.000000,3568.498570,4.613158
42.930000,0.000000,245.569084,0.000000,0.832810,0.295930,0.000000,3568.498570,4.613158
42.940000,0.000000,245.569084,0.000000,0.832810,0.295930,0.000000,3568.498570,4.613158
42.950000,0.000000,245.569084,0.000000,0.832810,0.295930,0.000000,3568.498570,4.613158
42.960000,0.000000,245.569084,0.000000,0.832810,0.295930,0.000000,3568.498570,4.613158
42.970000,0.000000,245.569084,0.000000,0.832810,0.295930,0.000000,3568.498570,4.613158
42.980000,0.000000,245.569084,0.000000,0.832810,0.295930,0.000000,3568.498570,4.613158
42.990000,0.000000,245.569084,0.000000,0.832810,0.295930,0.000000,3568.498570,4.613158
43.000000,0.000000,245.569084,0.000000,0.832810,0.295930,0.000000,3568.498570,4.613158
43.010000,0.000000,245.569084,0.000000,0.832810,0.295930,0.000000,3568.498570,4.613158
43.020000,0.000000,245.569084,0.000000,0.832810,0.295930,0.000000,3568.498570,4.613158
43.030000,0.000000,245.569084,0.000000,0.832810,0.295930,0.000000,3568.498570,4.613158
43.040000,0.000000,245.569084,0.000000,0.832810,0.295930,0.000000,3568.498570,4.613158
43.050000,0.000000,245.569084,0.000000,0.832810,0.295930,0.000000,3568.498570,4.613158
43.060000,0.000000,245.569084,0.000000,0.832810,0.295930,0.000000,3568.498570,4.613158
43.070000,0.000000,245.569084,0.000000,0.832810,0.295930,0.000000,3568.498570,4.613158
43.080000,0.000000,245.569084,0.000000,0.832810,0.295930,0.000000,3568.498570,4.613158
43.090000,0.000000,245.569084,0.000000,0.832810,0.295930,0.000000,3568.498570,4.613158
43.100000,0.000000,245.569084,0.000000,0.832810,0.295930,0.000000,3568.498570,4.613158
43.110000,0.000000,245.569084,0.000000,0.832810,0.295930,0.000000,3568.498570,4.613158
43.120000,0.000000,245.569084,0.000000,0.832810,0.295930,0.000000,3568.498570,4.613158
43.130000,0.000000,245.569084,0.000000,0.832810,0.295930,0.000000,3568.498570,4.613158
43.140000,0.000000,245.569084,0.000000,0.832810,0.295930,0.000000,3568.498570,4.613158
43.150000,0.000000,245.569084,0.000000,0.832810,0.295930,0.000000,3568.498570,4.613158
43.160000,0.000000,245.569084,0.000000,0.832810,0.295930,0.000000,3568.498570,4.613158
43.170000,0.000000,245.569084,0.000000,0.832810,0.295930,0.000000,3568.498570,4.613158
43.180000,0.000000,245.569084,0.000000,0.832810,0.295930,0.000000,3568.498570,4.613158
43.190000,0.000000,245.569084,0.000000,0.832810,0.295930,0.000000,3568.498570,4.613158
43.200000,0.000000,245.569084,0.000000,0.832810,0.295930,0.000000,3568.498570,4.613158
43.210000,0.000000,245.569084,0.000000,0.832810,0.295930,0.000000,3568.498570,4.613158
43.220000,0.000000,245.569084,0.000000,0.832810,0.295930,0.000000,3568.498570,4.613158
43.230000,0.000000,245.569084,0.000000,0.832810,0.295930,0.000000,3568.498570,4.613158
43.240000,0.000000,245.569084,0.000000,0.832810,0.295930,0.000000,3568.498570,4.613158
43.250000,0.000000,245.569084,0.000000,0.832810,0.295930,0.000000,3568.498570,4.613158
43.260000,0.000000,245.569084,0.000000,0.832810,0.295930,0.000000,3568.498570,4.613158
43.270000,0.000000,245.569084,0.000000,0.832810,0.295930,0.000000,3568.498570,4.613158
43.280000,0.000000,245.569084,0.000000,0.832810,0.295930,0.000000,3568.498570,4.613158
43.290000,0.000000,245.569084,0.000000,0.832810,0.295930,0.000000,3568.498570,4.613158
43.300000,0.000000,245.569084,0.000000,0.832810,0.295930,0.000000,3568.498570,4.613158
43.310000,0.000000,245.569084,0.000000,0.832810,0.295930,0.000000,3568.498570,4.613158
43.320000,0.000000,245.569084,0.000000,0.832810,0.295930,0.000000,3568.498570,4.613158
43.330000,0.000000,245.569084,0.000000,0.832810,0.295930,0.000000,3568.498570,4.613158
43.340000,0.000000,245.569084,0.000000,0.832810,0.295930,0.000000,3568.498570,4.613158
43.350000,0.000000,245.569084,0.000000,0.832810,0.295930,0.000000,3568.498570,4.613158
43.360000,0.000000,245.569084,0.000000,0.832810,0.295930,0.000000,3568.498570,4.613158
43.370000,0.000000,245.569084,0.000000,0.832810,0.295930,0.000000,3568.498570,4.613158
43.380000,0.000000,245.569084,0.000000,0.832810,0.295930,0.000000,3568.498570,4.613158
43.390000,0.000000,245.569084,0.000000,0.832810,0.295930,0.000000,3568.498570,4.613158
43.400000,0.000000,245.569084,0.000000,0.832810,0.295930,0.000000,3568.498570,4.613158
43.410000,0.000000,245.569084,0.000000,0.832810,0.295930,0.000000,3568.498570,4.613158
43.420000,0.000000,245.569084,0.000000,0.832810,0.295930,0.000000,3568.498570,4.613158
43.430000,0.000000,245.569084,0.000000,0.832810,0.295930,0.000000,3568.498570,4.613158
43.440000,0.000000,245.569084,0.000000,0.832810,0.295930,0.000000,3568.498570,4.613158
43.450000,0.000000,245.569084,0.000000,0.832810,0.295930,0.000000,3568.498570,4.613158
43.460000,0.000000,245.569084,0.000000,0.832810,0.295930,0.000000,3568.498570,4.613158
43.470000,0.000000,245.569084,0.000000,0.832810,0.295930,0.000000,3568.498570,4.613158
43.480000,0.000000,245.569084,0.000000,0.832810,0.295930,0.000000,3568.498570,4.613158
43.490000,0.000000,245.569084,0.000000,0.832810,0.295930,0.000000,3568.498570,4.613158
43.500000,0.000000,245.569084,0.000000,0.832810,0.295930,0.000000,3568.498570,4.613158
43.510000,0.000000,245.569084,0.000000,0.832810,0.295930,0.000000,3568.498570,4.613158
43.520000,0.000000,245.569084,0.000000,0.832810,0.295930,0.000000,3568.498570,4.613158
43.530000,0.000000,245.569084,0.000000,0.832810,0.295930,0.000000,3568.498570,4.613158
43.540000,0.000000,245.569084,0.000000,0.832810,0.295930,0.000000,3568.498570,4.613158
43.550000,0.000000,245.569084,0.000000,0.832810,0.295930,0.000000,3568.498570,4.613158
43.560000,0.000000,245.569084,0.000000,0.832810,0.295930,0.000000,3568.498570,4.613158
43.570000,0.000000,245.569084,0.000000,0.832810,0.295930,0.000000,3568.498570,4.613158
43.580000,0.000000,245.569084,0.000000,0.832810,0.295930,0.000000,3568.498570,4.613158
43.590000,0.000000,245.569084,0.000000,0.832810,0.295930,0.000000,3568.498570,4.613158
43.600000,0.000000,245.569084,0.000000,0.832810,0.295930,0.000000,3568.498570,4.613158
43.610000,0.000000,245.569084,0.000000,0.832810,0.295930,0.000000,3568.498570,4.613158
43.620000,0.000000,245.569084,0.000000,0.832810,0.295930,0.000000,3568.498570,4.613158
43.630000,0.000000,245.569084,0.000000,0.832810,0.295930,0.000000,3568.498570,4.613158
43.640000,0.000000,245.569084,0.000000,0.832810,0.295930,0.000000,3568.498570,4.613158
43.650000,0.000000,245.569084,0.000000,0.832810,0.295930,0.000000,3568.498570,4.613158
43.660000,0.000000,245.569084,0.000000,0.832810,0.295930,0.000000,3568.498570,4.613158
43.670000,0.000000,245.569084,0.000000,0.832810,0.295930,0.000000,3568.498570,4.613158
43.680000,0.000000,245.569084,0.000000,0.832810,0.295930,0.000000,3568.498570,4.613158
43.690000,0.000000,245.569084,0.000000,0.832810,0.295930,0.000000,3568.498570,4.613158
43.700000,0.000000,245.569084,0.000000,0.832810,0.295930,0.000000,3568.498570,4.613158
43.710000,0.000000,245.569084,0.000000,0.832810,0.295930,0.000000,3568.498570,4.613158
43.720000,0.000000,245.569084,0.000000,0.832810,0.295930,0.000000,3568.498570,4.613158
43.730000,0.000000,245.569084,0.000000,0.832810,0.295930,0.000000,3568.498570,4.613158
43.740000,0.000000,245.569084,0.000000,0.832810,0.295930,0.000000,3568.498570,4.613158
43.750000,0.000000,245.569084,0.000000,0.832810,0.295930,0.000000,3568.498570,4.613158
43.760000,0.000000,245.569084,0.000000,0.832810,0.295930,0.000000,3568.498570,4.613158
43.770000,0.000000,245.569084,0.000000,0.832810,0.295930,0.000000,3568.498570,4.613158
43.780000,0.000000,245.569084,0.000000,0.832810,0.295930,0.000000,3568.498570,4.613158
43.790000,0.000000,245.569084,0.000000,0.832810,0.295930,0.000000,3568.498570,4.613158
43.800000,0.000000,245.569084,0.000000,0.832810,0.295930,0.000000,3568.498570,4.613158
43.810000,0.000000,245.569084,0.000000,0.832810,0.295930,0.000000,3568.498570,4.613158
43.820000,0.000000,245.569084,0.000000,0.832810,0.295930,0.000000,3568.498570,4.613158
43.830000,0.000000,245.569084,0.000000,0.832810,0.295930,0.000000,3568.498570,4.613158
43.840000,0.000000,245.569084,0.000000,0.832810,0.295930,0.000000,3568.498570,4.613158
43.850000,0.000000,245.569084,0.000000,0.832810,0.295930,0.000000,3568.498570,4.613158
43.860000,0.000000,245.569084,0.000000,0.832810,0.295930,0.000000,3568.498570,4.613158
43.870000,0.000000,245.569084,0.000000,0.832810,0.295930,0.000000,3568.498570,4.613158
43.880000,0.000000,245.569084,0.000000,0.832810,0.295930,0.000000,3568.498570,4.613158
43.890000,0.000000,245.569084,0.000000,0.832810,0.295930,0.000000,3568.498570,4.613158
43.900000,0.000000,245.569084,0.000000,0.832810,0.295930,0.000000,3568.498570,4.613158
43.910000,0.000000,245.569084,0.000000,0.832810,0.295930,0.000000,3568.498570,4.613158
43.920000,0.000000,245.569084,0.000000,0.832810,0.295930,0.000000,3568.498570,4.613158
43.930000,0.000000,245.569084,0.000000,0.832810,0.295930,0.000000,3568.498570,4.613158
43.940000,0.000000,245.569084,0.000000,0.832810,0.295930,0.000000,3568.498570,4.613158
43.950000,0.000000,245.569084,0.000000,0.832810,0.295930,0.000000,3568.498570,4.613158
43.960000,0.000000,245.569084,0.000000,0.832810,0.295930,0.000000,3568.498570,4.613158
43.970000,0.000000,245.569084,0.000000,0.832810,0.295930,0.000000,3568.498570,4.613158
43.980000,0.000000,245.569084,0.000000,0.832810,0.295930,0.000000,3568.498570,4.613158
43.990000,0.000000,245.569084,0.000000,0.832810,0.295930,0.000000,3568.498570,4.613158
44.000000,0.000000,245.569084,0.000000,0.832810,0.295930,0.000000,3568.498570,4.613158
44.010000,0.000000,245.569084,0.000000,0.832810,0.295930,0.000000,3568.498570,4.613158
44.020000,0.000000,245.569084,0.000000,0.832810,0.295930,0.000000,3568.498570,4.613158
44.030000,0.000000,245.569084,0.000000,0.832810,0.295930,0.000000,3568.498570,4.613158
44.040000,0.000000,245.569084,0.000000,0.832810,0.295930,0.000000,3568.498570,4.613158
44.050000,0.000000,245.569084,0.000000,0.832810,0.295930,0.000000,3568.498570,4.613158
44.060000,0.000000,245.569084,0.000000,0.832810,0.295930,0.000000,3568.498570,4.613158
44.070000,0.000000,245.569084,0.000000,0.832810,0.295930,0.000000,3568.498570,4.613158
44.080000,0.000000,245.569084,0.000000,0.832810,0.295930,0.000000,3568.498570,4.613158
44.090000,0.000000,245.569084,0.000000,0.832810,0.295930,0.000000,3568.498570,4.613158
44.100000,0.000000,245.569084,0.000000,0.832810,0.295930,0.000000,3568.498570,4.613158
44.110000,0.000000,245.569084,0.000000,0.832810,0.295930,0.000000,3568.498570,4.613158
44.120000,0.000000,245.569084,0.000000,0.832810,0.295930,0.000000,3568.498570,4.613158
44.130000,0.000000,245.569084,0.000000,0.832810,0.295930,0.000000,3568.498570,4.613158
44.140000,0.000000,245.569084,0.000000,0.832810,0.295930,0.000000,3568.498570,4.613158
44.150000,0.000000,245.569084,0.000000,0.832810,0.295930,0.000000,3568.498570,4.613158
44.160000,0.000000,245.569084,0.000000,0.832810,0.295930,0.000000,3568.498570,4.613158
44.170000,0.000000,245.569084,0.000000,0.832810,0.295930,0.000000,3568.498570,4.613158
44.180000,0.000000,245.569084,0.000000,0.832810,0.295930,0.000000,3568.498570,4.613158
44.190000,0.000000,245.569084,0.000000,0.832810,0.295930,0.000000,3568.498570,4.613158
44.200000,0.000000,245.569084,0.000000,0.832810,0.295930,0.000000,3568.498570,4.613158
44.210000,0.000000,245.569084,0.000000,0.832810,0.295930,0.000000,3568.498570,4.613158
44.220000,0.000000,245.569084,0.000000,0.832810,0.295930,0.000000,3568.498570,4.613158
44.230000,0.000000,245.569084,0.000000,0.832810,0.295930,0.000000,3568.498570,4.613158
44.240000,0.000000,245.569084,0.000000,0.832810,0.295930,0.000000,3568.498570,4.613158
44.250000,0.000000,245.569084,0.000000,0.832810,0.295930,0.000000,3568.498570,4.613158
44.260000,0.000000,245.569084,0.000000,0.832810,0.295930,0.000000,3568.498570,4.613158
44.270000,0.000000,245.569084,0.000000,0.832810,0.295930,0.000000,3568.498570,4.613158
44.280000,0.000000,245.569084,0.000000,0.832810,0.295930,0.000000,3568.498570,4.613158
44.290000,0.000000,245.569084,0.000000,0.832810,0.295930,0.000000,3568.498570,4.613158
44.300000,0.000000,245.569084,0.000000,0.832810,0.295930,0.000000,3568.498570,4.613158
44.310000,0.000000,245.569084,0.000000,0.832810,0.295930,0.000000,3568.498570,4.613158
44.320000,0.000000,245.569084,0.000000,0.832810,0.295930,0.000000,3568.498570,4.613158
44.330000,0.000000,245.569084,0.000000,0.832810,0.295930,0.000000,3568.498570,4.613158
44.340000,0.000000,245.569084,0.000000,0.832810,0.295930,0.000000,3568.498570,4.613158
44.350000,0.000000,245.569084,0.000000,0.832810,0.295930,0.000000,3568.498570,4.613158
44.360000,0.000000,245.569084,0.000000,0.832810,0.295930,0.000000,3568.498570,4.613158
44.370000,0.000000,245.569084,0.000000,0.832810,0.295930,0.000000,3568.498570,4.613158
44.380000,0.000000,245.569084,0.000000,0.832810,0.295930,0.000000,3568.498570,4.613158
44.390000,0.000000,245.569084,0.000000,0.832810,0.295930,0.000000,3568.498570,4.613158
44.400000,0.000000,245.569084,0.000000,0.832810,0.295930,0.000000,3568.498570,4.613158
44.410000,0.000000,245.569084,0.000000,0.832810,0.295930,0.000000,3568.498570,4.613158
44.420000,0.000000,245.569084,0.000000,0.832810,0.295930,0.000000,3568.498570,4.613158
44.430000,0.000000,245.569084,0.000000,0.832810,0.295930,0.000000,3568.498570,4.613158
44.440000,0.000000,245.569084,0.000000,0.832810,0.295930,0.000000,3568.498570,4.613158
44.450000,0.000000,245.569084,0.000000,0.832810,0.295930,0.000000,3568.498570,4.613158
44.460000,0.000000,245.569084,0.000000,0.832810,0.295930,0.000000,3568.498570,4.613158
44.470000,0.000000,245.569084,0.000000,0.832810,0.295930,0.000000,3568.498570,4.613158
44.480000,0.000000,245.569084,0.000000,0.832810,0.295930,0.000000,3568.498570,4.613158
44.490000,0.000000,245.569084,0.000000,0.832810,0.295930,0.000000,3568.498570,4.613158
44.500000,0.000000,245.569084,0.000000,0.832810,0.295930,0.000000,3568.498570,4.613158
44.510000,0.000000,245.569084,0.000000,0.832810,0.295930,0.000000,3568.498570,4.613158
44.520000,0.000000,245.569084,0.000000,0.832810,0.295930,0.000000,3568.498570,4.613158
44.530000,0.000000,245.569084,0.000000,0.832810,0.295930,0.000000,3568.498570,4.613158
44.540000,0.000000,245.569084,0.000000,0.832810,0.295930,0.000000,3568.498570,4.613158
44.550000,0.000000,245.569084,0.000000,0.832810,0.295930,0.000000,3568.498570,4.613158
44.560000,0.000000,245.569084,0.000000,0.832810,0.295930,0.000000,3568.498570,4.613158
44.570000,0.000000,245.569084,0.000000,0.832810,0.295930,0.000000,3568.498570,4.613158
44.580000,0.000000,245.569084,0.000000,0.832810,0.295930,0.000000,3568.498570,4.613158
44.590000,0.000000,245.569084,0.000000,0.832810,0.295930,0.000000,3568.498570,4.613158
44.600000,0.000000,245.569084,0.000000,0.832810,0.295930,0.000000,3568.498570,4.613158
44.610000,0.000000,245.569084,0.000000,0.832810,0.295930,0.000000,3568.498570,4.613158
44.620000,0.000000,245.569084,0.000000,0.832810,0.295930,0.000000,3568.498570,4.613158
44.630000,0.000000,245.569084,0.000000,0.832810,0.295930,0.000000,3568.498570,4.613158
44.640000,0.000000,245.569084,0.000000,0.832810,0.295930,0.000000,3568.498570,4.613158
44.650000,0.000000,245.569084,0.000000,0.832810,0.295930,0.000000,3568.498570,4.613158
44.660000,0.000000,245.569084,0.000000,0.832810,0.295930,0.000000,3568.498570,4.613158
44.670000,0.000000,245.569084,0.000000,0.832810,0.295930,0.000000,3568.498570,4.613158
44.680000,0.000000,245.569084,0.000000,0.832810,0.295930,0.000000,3568.498570,4.613158
44.690000,0.000000,245.569084,0.000000,0.832810,0.295930,0.000000,3568.498570,4.613158
44.700000,0.000000,245.569084,0.000000,0.832810,0.295930,0.000000,3568.498570,4.613158
44.710000,0.000000,245.569084,0.000000,0.832810,0.295930,0.000000,3568.498570,4.613158
44.720000,0.000000,245.569084,0.000000,0.832810,0.295930,0.000000,3568.498570,4.613158
44.730000,0.000000,245.569084,0.000000,0.832810,0.295930,0.000000,3568.498570,4.613158
44.740000,0.000000,245.569084,0.000000,0.832810,0.295930,0.000000,3568.498570,4.613158
44.750000,0.000000,245.569084,0.000000,0.832810,0.295930,0.000000,3568.498570,4.613158
44.760000,0.000000,245.569084,0.000000,0.832810,0.295930,0.000000,3568.498570,4.613158
44.770000,0.000000,245.569084,0.000000,0.832810,0.295930,0.000000,3568.498570,4.613158
44.780000,0.000000,245.569084,0.000000,0.832810,0.295930,0.000000,3568.498570,4.613158
44.790000,0.000000,245.569084,0.000000,0.832810,0.295930,0.000000,3568.498570,4.613158
44.800000,0.000000,245.569084,0.000000,0.832810,0.295930,0.000000,3568.498570,4.613158
44.810000,0.000000,245.569084,0.000000,0.832810,0.295930,0.000000,3568.498570,4.613158
44.820000,0.000000,245.569084,0.000000,0.832810,0.295930,0.000000,3568.498570,4.613158
44.830000,0.000000,245.569084,0.000000,0.832810,0.295930,0.000000,3568.498570,4.613158
44.840000,0.000000,245.569084,0.000000,0.832810,0.295930,0.000000,3568.498570,4.613158
44.850000,0.000000,245.569084,0.000000,0.832810,0.295930,0.000000,3568.498570,4.613158
44.860000,0.000000,245.569084,0.000000,0.832810,0.295930,0.000000,3568.498570,4.613158
44.870000,0.000000,245.569084,0.000000,0.832810,0.295930,0.000000,3568.498570,4.613158
44.880000,0.000000,245.569084,0.000000,0.832810,0.295930,0.000000,3568.498570,4.613158
44.890000,0.000000,245.569084,0.000000,0.832810,0.295930,0.000000,3568.498570,4.613158
44.900000,0.000000,245.569084,0.000000,0.832810,0.295930,0.000000,3568.498570,4.613158
44.910000,0.000000,245.569084,0.000000,0.832810,0.295930,0.000000,3568.498570,4.613158
44.920000,0.000000,245.569084,0.000000,0.832810,0.295930,0.000000,3568.498570,4.613158
44.930000,0.000000,245.569084,0.000000,0.832810,0.295930,0.000000,3568.498570,4.613158
44.940000,0.000000,245.569084,0.000000,0.832810,0.295930,0.000000,3568.498570,4.613158
44.950000,0.000000,245.569084,0.000000,0.832810,0.295930,0.000000,3568.498570,4.613158
44.960000,0.000000,245.569084,0.000000,0.832810,0.295930,0.000000,3568.498570,4.613158
44.970000,0.000000,245.569084,0.000000,0.832810,0.295930,0.000000,3568.498570,4.613158
44.980000,0.000000,245.569084,0.000000,0.832810,0.295930,0.000000,3568.498570,4.613158
44.990000,0.000000,245.569084,0.000000,0.832810,0.295930,0.000000,3568.498570,4.613158
45.000000,0.000000,245.569084,0.000000,0.832810,0.295930,0.000000,3568.498570,4.613158
45.010000,0.000000,245.569084,0.000000,0.832810,0.295930,0.000000,3568.498570,4.613158
45.020000,0.000000,245.569084,0.000000,0.832810,0.295930,0.000000,3568.498570,4.613158
45.030000,0.000000,245.569084,0.000000,0.832810,0.295930,0.000000,3568.498570,4.613158
45.040000,0.000000,245.569084,0.000000,0.832810,0.295930,0.000000,3568.498570,4.613158
45.050000,0.000000,245.569084,0.000000,0.832810,0.295930,0.000000,3568.498570,4.613158
45.060000,0.000000,245.569084,0.000000,0.832810,0.295930,0.000000,3568.498570,4.613158
45.070000,0.000000,245.569084,0.000000,0.832810,0.295930,0.000000,3568.498570,4.613158
45.080000,0.000000,245.569084,0.000000,0.832810,0.295930,0.000000,3568.498570,4.613158
45.090000,0.000000,245.569084,0.000000,0.832810,0.295930,0.000000,3568.498570,4.613158
45.100000,0.000000,245.569084,0.000000,0.832810,0.295930,0.000000,3568.498570,4.613158
45.110000,0.000000,245.569084,0.000000,0.832810,0.295930,0.000000,3568.498570,4.613158
45.120000,0.000000,245.569084,0.000000,0.832810,0.295930,0.000000,3568.498570,4.613158
45.130000,0.000000,245.569084,0.000000,0.832810,0.295930,0.000000,3568.498570,4.613158
45.140000,0.000000,245.569084,0.000000,0.832810,0.295930,0.000000,3568.498570,4.613158
45.150000,0.000000,245.569084,0.000000,0.832810,0.295930,0.000000,3568.498570,4.613158
45.160000,0.000000,245.569084,0.000000,0.832810,0.295930,0.000000,3568.498570,4.613158
45.170000,0.000000,245.569084,0.000000,0.832810,0.295930,0.000000,3568.498570,4.613158
45.180000,0.000000,245.569084,0.000000,0.832810,0.295930,0.000000,3568.498570,4.613158
45.190000,0.000000,245.569084,0.000000,0.832810,0.295930,0.000000,3568.498570,4.613158
45.200000,0.000000,245.569084,0.000000,0.832810,0.295930,0.000000,3568.498570,4.613158
45.210000,0.000000,245.569084,0.000000,0.832810,0.295930,0.000000,3568.498570,4.613158
45.220000,0.000000,245.569084,0.000000,0.832810,0.295930,0.000000,3568.498570,4.613158
45.230000,0.000000,245.569084,0.000000,0.832810,0.295930,0.000000,3568.498570,4.613158
45.240000,0.000000,245.569084,0.000000,0.832810,0.295930,0.000000,3568.498570,4.613158
45.250000,0.000000,245.569084,0.000000,0.832810,0.295930,0.000000,3568.498570,4.613158
45.260000,0.000000,245.569084,0.000000,0.832810,0.295930,0.000000,3568.498570,4.613158
45.270000,0.000000,245.569084,0.000000,0.832810,0.295930,0.000000,3568.498570,4.613158
45.280000,0.000000,245.569084,0.000000,0.832810,0.295930,0.000000,3568.498570,4.613158
45.290000,0.000000,245.569084,0.000000,0.832810,0.295930,0.000000,3568.498570,4.613158
45.300000,0.000000,245.569084,0.000000,0.832810,0.295930,0.000000,3568.498570,4.613158
45.310000,0.000000,245.569084,0.000000,0.832810,0.295930,0.000000,3568.498570,4.613158
45.320000,0.000000,245.569084,0.000000,0.832810,0.295930,0.000000,3568.498570,4.613158
45.330000,0.000000,245.569084,0.000000,0.832810,0.295930,0.000000,3568.498570,4.613158
45.340000,0.000000,245.569084,0.000000,0.832810,0.295930,0.000000,3568.498570,4.613158
45.350000,0.000000,245.569084,0.000000,0.832810,0.295930,0.000000,3568.498570,4.613158
45.360000,0.000000,245.569084,0.000000,0.832810,0.295930,0.000000,3568.498570,4.613158
45.370000,0.000000,245.569084,0.000000,0.832810,0.295930,0.000000,3568.498570,4.613158
45.380000,0.000000,245.569084,0.000000,0.832810,0.295930,0.000000,3568.498570,4.613158
45.390000,0.000000,245.569084,0.000000,0.832810,0.295930,0.000000,3568.498570,4.613158
45.400000,0.000000,245.569084,0.000000,0.832810,0.295930,0.000000,3568.498570,4.613158
45.410000,0.000000,245.569084,0.000000,0.832810,0.295930,0.000000,3568.498570,4.613158
45.420000,0.000000,245.569084,0.000000,0.832810,0.295930,0.000000,3568.498570,4.613158
45.430000,0.000000,245.569084,0.000000,0.832810,0.295930,0.000000,3568.498570,4.613158
45.440000,0.000000,245.569084,0.000000,0.832810,0.295930,0.000000,3568.498570,4.613158
45.450000,0.000000,245.569084,0.000000,0.832810,0.295930,0.000000,3568.498570,4.613158
45.460000,0.000000,245.569084,0.000000,0.832810,0.295930,0.000000,3568.498570,4.613158
45.470000,0.000000,245.569084,0.000000,0.832810,0.295930,0.000000,3568.498570,4.613158
45.480000,0.000000,245.569084,0.000000,0.832810,0.295930,0.000000,3568.498570,4.613158
45.490000,0.000000,245.569084,0.000000,0.832810,0.295930,0.000000,3568.498570,4.613158
45.500000,0.000000,245.569084,0.000000,0.832810,0.295930,0.000000,3568.498570,4.613158
45.510000,0.000000,245.569084,0.000000,0.832810,0.295930,0.000000,3568.498570,4.613158
45.520000,0.000000,245.569084,0.000000,0.832810,0.295930,0.000000,3568.498570,4.613158
45.530000,0.000000,245.569084,0.000000,0.832810,0.295930,0.000000,3568.498570,4.613158
45.540000,0.000000,245.569084,0.000000,0.832810,0.295930,0.000000,3568.498570,4.613158
45.550000,0.000000,245.569084,0.000000,0.832810,0.295930,0.000000,3568.498570,4.613158
45.560000,0.000000,245.569084,0.000000,0.832810,0.295930,0.000000,3568.498570,4.613158
45.570000,0.000000,245.569084,0.000000,0.832810,0.295930,0.000000,3568.498570,4.613158
45.580000,0.000000,245.569084,0.000000,0.832810,0.295930,0.000000,3568.498570,4.613158
45.590000,0.000000,245.569084,0.000000,0.832810,0.295930,0.000000,3568.498570,4.613158
45.600000,0.000000,245.569084,0.000000,0.832810,0.295930,0.000000,3568.498570,4.613158
45.610000,0.000000,245.569084,0.000000,0.832810,0.295930,0.000000,3568.498570,4.613158
45.620000,0.000000,245.569084,0.000000,0.832810,0.295930,0.000000,3568.498570,4.613158
45.630000,0.000000,245.569084,0.000000,0.832810,0.295930,0.000000,3568.498570,4.613158
45.640000,0.000000,245.569084,0.000000,0.832810,0.295930,0.000000,3568.498570,4.613158
45.650000,0.000000,245.569084,0.000000,0.832810,0.295930,0.000000,3568.498570,4.613158
45.660000,0.000000,245.569084,0.000000,0.832810,0.295930,0.000000,3568.498570,4.613158
45.670000,0.000000,245.569084,0.000000,0.832810,0.295930,0.000000,3568.498570,4.613158
45.680000,0.000000,245.569084,0.000000,0.832810,0.295930,0.000000,3568.498570,4.613158
45.690000,0.000000,245.569084,0.000000,0.832810,0.295930,0.000000,3568.498570,4.613158
45.700000,0.000000,245.569084,0.000000,0.832810,0.295930,0.000000,3568.498570,4.613158
45.710000,0.000000,245.569084,0.000000,0.832810,0.295930,0.000000,3568.498570,4.613158
45.720000,0.000000,245.569084,0.000000,0.832810,0.295930,0.000000,3568.498570,4.613158
45.730000,0.000000,245.569084,0.000000,0.832810,0.295930,0.000000,3568.498570,4.613158
45.740000,0.000000,245.569084,0.000000,0.832810,0.295930,0.000000,3568.498570,4.613158
45.750000,0.000000,245.569084,0.000000,0.832810,0.295930,0.000000,3568.498570,4.613158
45.760000,0.000000,245.569084,0.000000,0.832810,0.295930,0.000000,3568.498570,4.613158
45.770000,0.000000,245.569084,0.000000,0.832810,0.295930,0.000000,3568.498570,4.613158
45.780000,0.000000,245.569084,0.000000,0.832810,0.295930,0.000000,3568.498570,4.613158
45.790000,0.000000,245.569084,0.000000,0.832810,0.295930,0.000000,3568.498570,4.613158
45.800000,0.000000,245.569084,0.000000,0.832810,0.295930,0.000000,3568.498570,4.613158
45.810000,0.000000,245.569084,0.000000,0.832810,0.295930,0.000000,3568.498570,4.613158
45.820000,0.000000,245.569084,0.000000,0.832810,0.295930,0.000000,3568.498570,4.613158
45.830000,0.000000,245.569084,0.000000,0.832810,0.295930,0.000000,3568.498570,4.613158
45.840000,0.000000,245.569084,0.000000,0.832810,0.295930,0.000000,3568.498570,4.613158
45.850000,0.000000,245.569084,0.000000,0.832810,0.295930,0.000000,3568.498570,4.613158
45.860000,0.000000,245.569084,0.000000,0.832810,0.295930,0.000000,3568.498570,4.613158
45.870000,0.000000,245.569084,0.000000,0.832810,0.295930,0.000000,3568.498570,4.613158
45.880000,0.000000,245.569084,0.000000,0.832810,0.295930,0.000000,3568.498570,4.613158
45.890000,0.000000,245.569084,0.000000,0.832810,0.295930,0.000000,3568.498570,4.613158
45.900000,0.000000,245.569084,0.000000,0.832810,0.295930,0.000000,3568.498570,4.613158
45.910000,0.000000,245.569084,0.000000,0.832810,0.295930,0.000000,3568.498570,4.613158
45.920000,0.000000,245.569084,0.000000,0.832810,0.295930,0.000000,3568.498570,4.613158
45.930000,0.000000,245.569084,0.000000,0.832810,0.295930,0.000000,3568.498570,4.613158
45.940000,0.000000,245.569084,0.000000,0.832810,0.295930,0.000000,3568.498570,4.613158
45.950000,0.000000,245.569084,0.000000,0.832810,0.295930,0.000000,3568.498570,4.613158
45.960000,0.000000,245.569084,0.000000,0.832810,0.295930,0.000000,3568.498570,4.613158
45.970000,0.000000,245.569084,0.000000,0.832810,0.295930,0.000000,3568.498570,4.613158
45.980000,0.000000,245.569084,0.000000,0.832810,0.295930,0.000000,3568.498570,4.613158
45.990000,0.000000,245.569084,0.000000,0.832810,0.295930,0.000000,3568.498570,4.613158
46.000000,0.000000,245.569084,0.000000,0.832810,0.295930,0.000000,3568.498570,4.613158
46.010000,0.000000,245.569084,0.000000,0.832810,0.295930,0.000000,3568.498570,4.613158
46.020000,0.000000,245.569084,0.000000,0.832810,0.295930,0.000000,3568.498570,4.613158
46.030000,0.000000,245.569084,0.000000,0.832810,0.295930,0.000000,3568.498570,4.613158
46.040000,0.000000,245.569084,0.000000,0.832810,0.295930,0.000000,3568.498570,4.613158
46.050000,0.000000,245.569084,0.000000,0.832810,0.295930,0.000000,3568.498570,4.613158
46.060000,0.000000,245.569084,0.000000,0.832810,0.295930,0.000000,3568.498570,4.613158
46.070000,0.000000,245.569084,0.000000,0.832810,0.295930,0.000000,3568.498570,4.613158
46.080000,0.000000,245.569084,0.000000,0.832810,0.295930,0.000000,3568.498570,4.613158
46.090000,0.000000,245.569084,0.000000,0.832810,0.295930,0.000000,3568.498570,4.613158
46.100000,0.000000,245.569084,0.000000,0.832810,0.295930,0.000000,3568.498570,4.613158
46.110000,0.000000,245.569084,0.000000,0.832810,0.295930,0.000000,3568.498570,4.613158
46.120000,0.000000,245.569084,0.000000,0.832810,0.295930,0.000000,3568.498570,4.613158
46.130000,0.000000,245.569084,0.000000,0.832810,0.295930,0.000000,3568.498570,4.613158
46.140000,0.000000,245.569084,0.000000,0.832810,0.295930,0.000000,3568.498570,4.613158
46.150000,0.000000,245.569084,0.000000,0.832810,0.295930,0.000000,3568.498570,4.613158
46.160000,0.000000,245.569084,0.000000,0.832810,0.295930,0.000000,3568.498570,4.613158
46.170000,0.000000,245.569084,0.000000,0.832810,0.295930,0.000000,3568.498570,4.613158
46.180000,0.000000,245.569084,0.000000,0.832810,0.295930,0.000000,3568.498570,4.613158
46.190000,0.000000,245.569084,0.000000,0.832810,0.295930,0.000000,3568.498570,4.613158
46.200000,0.000000,245.569084,0.000000,0.832810,0.295930,0.000000,3568.498570,4.613158
46.210000,0.000000,245.569084,0.000000,0.832810,0.295930,0.000000,3568.498570,4.613158
46.220000,0.000000,245.569084,0.000000,0.832810,0.295930,0.000000,3568.498570,4.613158
46.230000,0.000000,245.569084,0.000000,0.832810,0.295930,0.000000,3568.498570,4.613158
46.240000,0.000000,245.569084,0.000000,0.832810,0.295930,0.000000,3568.498570,4.613158
46.250000,0.000000,245.569084,0.000000,0.832810,0.295930,0.000000,3568.498570,4.613158
46.260000,0.000000,245.569084,0.000000,0.832810,0.295930,0.000000,3568.498570,4.613158
46.270000,0.000000,245.569084,0.000000,0.832810,0.295930,0.000000,3568.498570,4.613158
46.280000,0.000000,245.569084,0.000000,0.832810,0.295930,0.000000,3568.498570,4.613158
46.290000,0.000000,245.569084,0.000000,0.832810,0.295930,0.000000,3568.498570,4.613158
46.300000,0.000000,245.569084,0.000000,0.832810,0.295930,0.000000,3568.498570,4.613158
46.310000,0.000000,245.569084,0.000000,0.832810,0.295930,0.000000,3568.498570,4.613158
46.320000,0.000000,245.569084,0.000000,0.832810,0.295930,0.000000,3568.498570,4.613158
46.330000,0.000000,245.569084,0.000000,0.832810,0.295930,0.000000,3568.498570,4.613158
46.340000,0.000000,245.569084,0.000000,0.832810,0.295930,0.000000,3568.498570,4.613158
46.350000,0.000000,245.569084,0.000000,0.832810,0.295930,0.000000,3568.498570,4.613158
46.360000,0.000000,245.569084,0.000000,0.832810,0.295930,0.000000,3568.498570,4.613158
46.370000,0.000000,245.569084,0.000000,0.832810,0.295930,0.000000,3568.498570,4.613158
46.380000,0.000000,245.569084,0.000000,0.832810,0.295930,0.000000,3568.498570,4.613158
46.390000,0.000000,245.569084,0.000000,0.832810,0.295930,0.000000,3568.498570,4.613158
46.400000,0.000000,245.569084,0.000000,0.832810,0.295930,0.000000,3568.498570,4.613158
46.410000,0.000000,245.569084,0.000000,0.832810,0.295930,0.000000,3568.498570,4.613158
46.420000,0.000000,245.569084,0.000000,0.832810,0.295930,0.000000,3568.498570,4.613158
46.430000,0.000000,245.569084,0.000000,0.832810,0.295930,0.000000,3568.498570,4.613158
46.440000,0.000000,245.569084,0.000000,0.832810,0.295930,0.000000,3568.498570,4.613158
46.450000,0.000000,245.569084,0.000000,0.832810,0.295930,0.000000,3568.498570,4.613158
46.460000,0.000000,245.569084,0.000000,0.832810,0.295930,0.000000,3568.498570,4.613158
46.470000,0.000000,245.569084,0.000000,0.832810,0.295930,0.000000,3568.498570,4.613158
46.480000,0.000000,245.569084,0.000000,0.832810,0.295930,0.000000,3568.498570,4.613158
46.490000,0.000000,245.569084,0.000000,0.832810,0.295930,0.000000,3568.498570,4.613158
46.500000,0.000000,245.569084,0.000000,0.832810,0.295930,0.000000,3568.498570,4.613158
46.510000,0.000000,245.569084,0.000000,0.832810,0.295930,0.000000,3568.498570,4.613158
46.520000,0.000000,245.569084,0.000000,0.832810,0.295930,0.000000,3568.498570,4.613158
46.530000,0.000000,245.569084,0.000000,0.832810,0.295930,0.000000,3568.498570,4.613158
46.540000,0.000000,245.569084,0.000000,0.832810,0.295930,0.000000,3568.498570,4.613158
46.550000,0.000000,245.569084,0.000000,0.832810,0.295930,0.000000,3568.498570,4.613158
46.560000,0.000000,245.569084,0.000000,0.832810,0.295930,0.000000,3568.498570,4.613158
46.570000,0.000000,245.569084,0.000000,0.832810,0.295930,0.000000,3568.498570,4.613158
46.580000,0.000000,245.569084,0.000000,0.832810,0.295930,0.000000,3568.498570,4.613158
46.590000,0.000000,245.569084,0.000000,0.832810,0.295930,0.000000,3568.498570,4.613158
46.600000,0.000000,245.569084,0.000000,0.832810,0.295930,0.000000,3568.498570,4.613158
46.610000,0.000000,245.569084,0.000000,0.832810,0.295930,0.000000,3568.498570,4.613158
46.620000,0.000000,245.569084,0.000000,0.832810,0.295930,0.000000,3568.498570,4.613158
46.630000,0.000000,245.569084,0.000000,0.832810,0.295930,0.000000,3568.498570,4.613158
46.640000,0.000000,245.569084,0.000000,0.832810,0.295930,0.000000,3568.498570,4.613158
46.650000,0.000000,245.569084,0.000000,0.832810,0.295930,0.000000,3568.498570,4.613158
46.660000,0.000000,245.569084,0.000000,0.832810,0.295930,0.000000,3568.498570,4.613158
46.670000,0.000000,245.569084,0.000000,0.832810,0.295930,0.000000,3568.498570,4.613158
46.680000,0.000000,245.569084,0.000000,0.832810,0.295930,0.000000,3568.498570,4.613158
46.690000,0.000000,245.569084,0.000000,0.832810,0.295930,0.000000,3568.498570,4.613158
46.700000,0.000000,245.569084,0.000000,0.832810,0.295930,0.000000,3568.498570,4.613158
46.710000,0.000000,245.569084,0.000000,0.832810,0.295930,0.000000,3568.498570,4.613158
46.720000,0.000000,245.569084,0.000000,0.832810,0.295930,0.000000,3568.498570,4.613158
46.730000,0.000000,245.569084,0.000000,0.832810,0.295930,0.000000,3568.498570,4.613158
46.740000,0.000000,245.569084,0.000000,0.832810,0.295930,0.000000,3568.498570,4.613158
46.750000,0.000000,245.569084,0.000000,0.832810,0.295930,0.000000,3568.498570,4.613158
46.760000,0.000000,245.569084,0.000000,0.832810,0.295930,0.000000,3568.498570,4.613158
46.770000,0.000000,245.569084,0.000000,0.832810,0.295930,0.000000,3568.498570,4.613158
46.780000,0.000000,245.569084,0.000000,0.832810,0.295930,0.000000,3568.498570,4.613158
46.790000,0.000000,245.569084,0.000000,0.832810,0.295930,0.000000,3568.498570,4.613158
46.800000,0.000000,245.569084,0.000000,0.832810,0.295930,0.000000,3568.498570,4.613158
46.810000,0.000000,245.569084,0.000000,0.832810,0.295930,0.000000,3568.498570,4.613158
46.820000,0.000000,245.569084,0.000000,0.832810,0.295930,0.000000,3568.498570,4.613158
46.830000,0.000000,245.569084,0.000000,0.832810,0.295930,0.000000,3568.498570,4.613158
46.840000,0.000000,245.569084,0.000000,0.832810,0.295930,0.000000,3568.498570,4.613158
46.850000,0.000000,245.569084,0.000000,0.832810,0.295930,0.000000,3568.498570,4.613158
46.860000,0.000000,245.569084,0.000000,0.832810,0.295930,0.000000,3568.498570,4.613158
46.870000,0.000000,245.569084,0.000000,0.832810,0.295930,0.000000,3568.498570,4.613158
46.880000,0.000000,245.569084,0.000000,0.832810,0.295930,0.000000,3568.498570,4.613158
46.890000,0.000000,245.569084,0.000000,0.832810,0.295930,0.000000,3568.498570,4.613158
46.900000,0.000000,245.569084,0.000000,0.832810,0.295930,0.000000,3568.498570,4.613158
46.910000,0.000000,245.569084,0.000000,0.832810,0.295930,0.000000,3568.498570,4.613158
46.920000,0.000000,245.569084,0.000000,0.832810,0.295930,0.000000,3568.498570,4.613158
46.930000,0.000000,245.569084,0.000000,0.832810,0.295930,0.000000,3568.498570,4.613158
46.940000,0.000000,245.569084,0.000000,0.832810,0.295930,0.000000,3568.498570,4.613158
46.950000,0.000000,245.569084,0.000000,0.832810,0.295930,0.000000,3568.498570,4.613158
46.960000,0.000000,245.569084,0.000000,0.832810,0.295930,0.000000,3568.498570,4.613158
46.970000,0.000000,245.569084,0.000000,0.832810,0.295930,0.000000,3568.498570,4.613158
46.980000,0.000000,245.569084,0.000000,0.832810,0.295930,0.000000,3568.498570,4.613158
46.990000,0.000000,245.569084,0.000000,0.832810,0.295930,0.000000,3568.498570,4.613158
47.000000,0.000000,245.569084,0.000000,0.832810,0.295930,0.000000,3568.498570,4.613158
47.010000,0.000000,245.569084,0.000000,0.832810,0.295930,0.000000,3568.498570,4.613158
47.020000,0.000000,245.569084,0.000000,0.832810,0.295930,0.000000,3568.498570,4.613158
47.030000,0.000000,245.569084,0.000000,0.832810,0.295930,0.000000,3568.498570,4.613158
47.040000,0.000000,245.569084,0.000000,0.832810,0.295930,0.000000,3568.498570,4.613158
47.050000,0.000000,245.569084,0.000000,0.832810,0.295930,0.000000,3568.498570,4.613158
47.060000,0.000000,245.569084,0.000000,0.832810,0.295930,0.000000,3568.498570,4.613158
47.070000,0.000000,245.569084,0.000000,0.832810,0.295930,0.000000,3568.498570,4.613158
47.080000,0.000000,245.569084,0.000000,0.832810,0.295930,0.000000,3568.498570,4.613158
47.090000,0.000000,245.569084,0.000000,0.832810,0.295930,0.000000,3568.498570,4.613158
47.100000,0.000000,245.569084,0.000000,0.832810,0.295930,0.000000,3568.498570,4.613158
47.110000,0.000000,245.569084,0.000000,0.832810,0.295930,0.000000,3568.498570,4.613158
47.120000,0.000000,245.569084,0.000000,0.832810,0.295930,0.000000,3568.498570,4.613158
47.130000,0.000000,245.569084,0.000000,0.832810,0.295930,0.000000,3568.498570,4.613158
47.140000,0.000000,245.569084,0.000000,0.832810,0.295930,0.000000,3568.498570,4.613158
47.150000,0.000000,245.569084,0.000000,0.832810,0.295930,0.000000,3568.498570,4.613158
47.160000,0.000000,245.569084,0.000000,0.832810,0.295930,0.000000,3568.498570,4.613158
47.170000,0.000000,245.569084,0.000000,0.832810,0.295930,0.000000,3568.498570,4.613158
47.180000,0.000000,245.569084,0.000000,0.832810,0.295930,0.000000,3568.498570,4.613158
47.190000,0.000000,245.569084,0.000000,0.832810,0.295930,0.000000,3568.498570,4.613158
47.200000,0.000000,245.569084,0.000000,0.832810,0.295930,0.000000,3568.498570,4.613158
47.210000,0.000000,245.569084,0.000000,0.832810,0.295930,0.000000,3568.498570,4.613158
47.220000,0.000000,245.569084,0.000000,0.832810,0.295930,0.000000,3568.498570,4.613158
47.230000,0.000000,245.569084,0.000000,0.832810,0.295930,0.000000,3568.498570,4.613158
47.240000,0.000000,245.569084,0.000000,0.832810,0.295930,0.000000,3568.498570,4.613158
47.250000,0.000000,245.569084,0.000000,0.832810,0.295930,0.000000,3568.498570,4.613158
47.260000,0.000000,245.569084,0.000000,0.832810,0.295930,0.000000,3568.498570,4.613158
47.270000,0.000000,245.569084,0.000000,0.832810,0.295930,0.000000,3568.498570,4.613158
47.280000,0.000000,245.569084,0.000000,0.832810,0.295930,0.000000,3568.498570,4.613158
47.290000,0.000000,245.569084,0.000000,0.832810,0.295930,0.000000,3568.498570,4.613158
47.300000,0.000000,245.569084,0.000000,0.832810,0.295930,0.000000,3568.498570,4.613158
47.310000,0.000000,245.569084,0.000000,0.832810,0.295930,0.000000,3568.498570,4.613158
47.320000,0.000000,245.569084,0.000000,0.832810,0.295930,0.000000,3568.498570,4.613158
47.330000,0.000000,245.569084,0.000000,0.832810,0.295930,0.000000,3568.498570,4.613158
47.340000,0.000000,245.569084,0.000000,0.832810,0.295930,0.000000,3568.498570,4.613158
47.350000,0.000000,245.569084,0.000000,0.832810,0.295930,0.000000,3568.498570,4.613158
47.360000,0.000000,245.569084,0.000000,0.832810,0.295930,0.000000,3568.498570,4.613158
47.370000,0.000000,245.569084,0.000000,0.832810,0.295930,0.000000,3568.498570,4.613158
47.380000,0.000000,245.569084,0.000000,0.832810,0.295930,0.000000,3568.498570,4.613158
47.390000,0.000000,245.569084,0.000000,0.832810,0.295930,0.000000,3568.498570,4.613158
47.400000,0.000000,245.569084,0.000000,0.832810,0.295930,0.000000,3568.498570,4.613158
47.410000,0.000000,245.569084,0.000000,0.832810,0.295930,0.000000,3568.498570,4.613158
47.420000,0.000000,245.569084,0.000000,0.832810,0.295930,0.000000,3568.498570,4.613158
47.430000,0.000000,245.569084,0.000000,0.832810,0.295930,0.000000,3568.498570,4.613158
47.440000,0.000000,245.569084,0.000000,0.832810,0.295930,0.000000,3568.498570,4.613158
47.450000,0.000000,245.569084,0.000000,0.832810,0.295930,0.000000,3568.498570,4.613158
47.460000,0.000000,245.569084,0.000000,0.832810,0.295930,0.000000,3568.498570,4.613158
47.470000,0.000000,245.569084,0.000000,0.832810,0.295930,0.000000,3568.498570,4.613158
47.480000,0.000000,245.569084,0.000000,0.832810,0.295930,0.000000,3568.498570,4.613158
47.490000,0.000000,245.569084,0.000000,0.832810,0.295930,0.000000,3568.498570,4.613158
47.500000,0.000000,245.569084,0.000000,0.832810,0.295930,0.000000,3568.498570,4.613158
47.510000,0.000000,245.569084,0.000000,0.832810,0.295930,0.000000,3568.498570,4.613158
47.520000,0.000000,245.569084,0.000000,0.832810,0.295930,0.000000,3568.498570,4.613158
47.530000,0.000000,245.569084,0.000000,0.832810,0.295930,0.000000,3568.498570,4.613158
47.540000,0.000000,245.569084,0.000000,0.832810,0.295930,0.000000,3568.498570,4.613158
47.550000,0.000000,245.569084,0.000000,0.832810,0.295930,0.000000,3568.498570,4.613158
47.560000,0.000000,245.569084,0.000000,0.832810,0.295930,0.000000,3568.498570,4.613158
47.570000,0.000000,245.569084,0.000000,0.832810,0.295930,0.000000,3568.498570,4.613158
47.580000,0.000000,245.569084,0.000000,0.832810,0.295930,0.000000,3568.498570,4.613158
47.590000,0.000000,245.569084,0.000000,0.832810,0.295930,0.000000,3568.498570,4.613158
47.600000,0.000000,245.569084,0.000000,0.832810,0.295930,0.000000,3568.498570,4.613158
47.610000,0.000000,245.569084,0.000000,0.832810,0.295930,0.000000,3568.498570,4.613158
47.620000,0.000000,245.569084,0.000000,0.832810,0.295930,0.000000,3568.498570,4.613158
47.630000,0.000000,245.569084,0.000000,0.832810,0.295930,0.000000,3568.498570,4.613158
47.640000,0.000000,245.569084,0.000000,0.832810,0.295930,0.000000,3568.498570,4.613158
47.650000,0.000000,245.569084,0.000000,0.832810,0.295930,0.000000,3568.498570,4.613158
47.660000,0.000000,245.569084,0.000000,0.832810,0.295930,0.000000,3568.498570,4.613158
47.670000,0.000000,245.569084,0.000000,0.832810,0.295930,0.000000,3568.498570,4.613158
47.680000,0.000000,245.569084,0.000000,0.832810,0.295930,0.000000,3568.498570,4.613158
47.690000,0.000000,245.569084,0.000000,0.832810,0.295930,0.000000,3568.498570,4.613158
47.700000,0.000000,245.569084,0.000000,0.832810,0.295930,0.000000,3568.498570,4.613158
47.710000,0.000000,245.569084,0.000000,0.832810,0.295930,0.000000,3568.498570,4.613158
47.720000,0.000000,245.569084,0.000000,0.832810,0.295930,0.000000,3568.498570,4.613158
47.730000,0.000000,245.569084,0.000000,0.832810,0.295930,0.000000,3568.498570,4.613158
47.740000,0.000000,245.569084,0.000000,0.832810,0.295930,0.000000,3568.498570,4.613158
47.750000,0.000000,245.569084,0.000000,0.832810,0.295930,0.000000,3568.498570,4.613158
47.760000,0.000000,245.569084,0.000000,0.832810,0.295930,0.000000,3568.498570,4.613158
47.770000,0.000000,245.569084,0.000000,0.832810,0.295930,0.000000,3568.498570,4.613158
47.780000,0.000000,245.569084,0.000000,0.832810,0.295930,0.000000,3568.498570,4.613158
47.790000,0.000000,245.569084,0.000000,0.832810,0.295930,0.000000,3568.498570,4.613158
47.800000,0.000000,245.569084,0.000000,0.832810,0.295930,0.000000,3568.498570,4.613158
47.810000,0.000000,245.569084,0.000000,0.832810,0.295930,0.000000,3568.498570,4.613158
47.820000,0.000000,245.569084,0.000000,0.832810,0.295930,0.000000,3568.498570,4.613158
47.830000,0.000000,245.569084,0.000000,0.832810,0.295930,0.000000,3568.498570,4.613158
47.840000,0.000000,245.569084,0.000000,0.832810,0.295930,0.000000,3568.498570,4.613158
47.850000,0.000000,245.569084,0.000000,0.832810,0.295930,0.000000,3568.498570,4.613158
47.860000,0.000000,245.569084,0.000000,0.832810,0.295930,0.000000,3568.498570,4.613158
47.870000,0.000000,245.569084,0.000000,0.832810,0.295930,0.000000,3568.498570,4.613158
47.880000,0.000000,245.569084,0.000000,0.832810,0.295930,0.000000,3568.498570,4.613158
47.890000,0.000000,245.569084,0.000000,0.832810,0.295930,0.000000,3568.498570,4.613158
47.900000,0.000000,245.569084,0.000000,0.832810,0.295930,0.000000,3568.498570,4.613158
47.910000,0.000000,245.569084,0.000000,0.832810,0.295930,0.000000,3568.498570,4.613158
47.920000,0.000000,245.569084,0.000000,0.832810,0.295930,0.000000,3568.498570,4.613158
47.930000,0.000000,245.569084,0.000000,0.832810,0.295930,0.000000,3568.498570,4.613158
47.940000,0.000000,245.569084,0.000000,0.832810,0.295930,0.000000,3568.498570,4.613158
47.950000,0.000000,245.569084,0.000000,0.832810,0.295930,0.000000,3568.498570,4.613158
47.960000,0.000000,245.569084,0.000000,0.832810,0.295930,0.000000,3568.498570,4.613158
47.970000,0.000000,245.569084,0.000000,0.832810,0.295930,0.000000,3568.498570,4.613158
47.980000,0.000000,245.569084,0.000000,0.832810,0.295930,0.000000,3568.498570,4.613158
47.990000,0.000000,245.569084,0.000000,0.832810,0.295930,0.000000,3568.498570,4.613158
48.000000,0.000000,245.569084,0.000000,0.832810,0.295930,0.000000,3568.498570,4.613158
48.010000,0.000000,245.569084,0.000000,0.832810,0.295930,0.000000,3568.498570,4.613158
48.020000,0.000000,245.569084,0.000000,0.832810,0.295930,0.000000,3568.498570,4.613158
48.030000,0.000000,245.569084,0.000000,0.832810,0.295930,0.000000,3568.498570,4.613158
48.040000,0.000000,245.569084,0.000000,0.832810,0.295930,0.000000,3568.498570,4.613158
48.050000,0.000000,245.569084,0.000000,0.832810,0.295930,0.000000,3568.498570,4.613158
48.060000,0.000000,245.569084,0.000000,0.832810,0.295930,0.000000,3568.498570,4.613158
48.070000,0.000000,245.569084,0.000000,0.832810,0.295930,0.000000,3568.498570,4.613158
48.080000,0.000000,245.569084,0.000000,0.832810,0.295930,0.000000,3568.498570,4.613158
48.090000,0.000000,245.569084,0.000000,0.832810,0.295930,0.000000,3568.498570,4.613158
48.100000,0.000000,245.569084,0.000000,0.832810,0.295930,0.000000,3568.498570,4.613158
48.110000,0.000000,245.569084,0.000000,0.832810,0.295930,0.000000,3568.498570,4.613158
48.120000,0.000000,245.569084,0.000000,0.832810,0.295930,0.000000,3568.498570,4.613158
48.130000,0.000000,245.569084,0.000000,0.832810,0.295930,0.000000,3568.498570,4.613158
48.140000,0.000000,245.569084,0.000000,0.832810,0.295930,0.000000,3568.498570,4.613158
48.150000,0.000000,245.569084,0.000000,0.832810,0.295930,0.000000,3568.498570,4.613158
48.160000,0.000000,245.569084,0.000000,0.832810,0.295930,0.000000,3568.498570,4.613158
48.170000,0.000000,245.569084,0.000000,0.832810,0.295930,0.000000,3568.498570,4.613158
48.180000,0.000000,245.569084,0.000000,0.832810,0.295930,0.000000,3568.498570,4.613158
48.190000,0.000000,245.569084,0.000000,0.832810,0.295930,0.000000,3568.498570,4.613158
48.200000,0.000000,245.569084,0.000000,0.832810,0.295930,0.000000,3568.498570,4.613158
48.210000,0.000000,245.569084,0.000000,0.832810,0.295930,0.000000,3568.498570,4.613158
48.220000,0.000000,245.569084,0.000000,0.832810,0.295930,0.000000,3568.498570,4.613158
48.230000,0.000000,245.569084,0.000000,0.832810,0.295930,0.000000,3568.498570,4.613158
48.240000,0.000000,245.569084,0.000000,0.832810,0.295930,0.000000,3568.498570,4.613158
48.250000,0.000000,245.569084,0.000000,0.832810,0.295930,0.000000,3568.498570,4.613158
48.260000,0.000000,245.569084,0.000000,0.832810,0.295930,0.000000,3568.498570,4.613158
48.270000,0.000000,245.569084,0.000000,0.832810,0.295930,0.000000,3568.498570,4.613158
48.280000,0.000000,245.569084,0.000000,0.832810,0.295930,0.000000,3568.498570,4.613158
48.290000,0.000000,245.569084,0.000000,0.832810,0.295930,0.000000,3568.498570,4.613158
48.300000,0.000000,245.569084,0.000000,0.832810,0.295930,0.000000,3568.498570,4.613158
48.310000,0.000000,245.569084,0.000000,0.832810,0.295930,0.000000,3568.498570,4.613158
48.320000,0.000000,245.569084,0.000000,0.832810,0.295930,0.000000,3568.498570,4.613158
48.330000,0.000000,245.569084,0.000000,0.832810,0.295930,0.000000,3568.498570,4.613158
48.340000,0.000000,245.569084,0.000000,0.832810,0.295930,0.000000,3568.498570,4.613158
48.350000,0.000000,245.569084,0.000000,0.832810,0.295930,0.000000,3568.498570,4.613158
48.360000,0.000000,245.569084,0.000000,0.832810,0.295930,0.000000,3568.498570,4.613158
48.370000,0.000000,245.569084,0.000000,0.832810,0.295930,0.000000,3568.498570,4.613158
48.380000,0.000000,245.569084,0.000000,0.832810,0.295930,0.000000,3568.498570,4.613158
48.390000,0.000000,245.569084,0.000000,0.832810,0.295930,0.000000,3568.498570,4.613158
48.400000,0.000000,245.569084,0.000000,0.832810,0.295930,0.000000,3568.498570,4.613158
48.410000,0.000000,245.569084,0.000000,0.832810,0.295930,0.000000,3568.498570,4.613158
48.420000,0.000000,245.569084,0.000000,0.832810,0.295930,0.000000,3568.498570,4.613158
48.430000,0.000000,245.569084,0.000000,0.832810,0.295930,0.000000,3568.498570,4.613158
48.440000,0.000000,245.569084,0.000000,0.832810,0.295930,0.000000,3568.498570,4.613158
48.450000,0.000000,245.569084,0.000000,0.832810,0.295930,0.000000,3568.498570,4.613158
48.460000,0.000000,245.569084,0.000000,0.832810,0.295930,0.000000,3568.498570,4.613158
48.470000,0.000000,245.569084,0.000000,0.832810,0.295930,0.000000,3568.498570,4.613158
48.480000,0.000000,245.569084,0.000000,0.832810,0.295930,0.000000,3568.498570,4.613158
48.490000,0.000000,245.569084,0.000000,0.832810,0.295930,0.000000,3568.498570,4.613158
48.500000,0.000000,245.569084,0.000000,0.832810,0.295930,0.000000,3568.498570,4.613158
48.510000,0.000000,245.569084,0.000000,0.832810,0.295930,0.000000,3568.498570,4.613158
48.520000,0.000000,245.569084,0.000000,0.832810,0.295930,0.000000,3568.498570,4.613158
48.530000,0.000000,245.569084,0.000000,0.832810,0.295930,0.000000,3568.498570,4.613158
48.540000,0.000000,245.569084,0.000000,0.832810,0.295930,0.000000,3568.498570,4.613158
48.550000,0.000000,245.569084,0.000000,0.832810,0.295930,0.000000,3568.498570,4.613158
48.560000,0.000000,245.569084,0.000000,0.832810,0.295930,0.000000,3568.498570,4.613158
48.570000,0.000000,245.569084,0.000000,0.832810,0.295930,0.000000,3568.498570,4.613158
48.580000,0.000000,245.569084,0.000000,0.832810,0.295930,0.000000,3568.498570,4.613158
48.590000,0.000000,245.569084,0.000000,0.832810,0.295930,0.000000,3568.498570,4.613158
48.600000,0.000000,245.569084,0.000000,0.832810,0.295930,0.000000,3568.498570,4.613158
48.610000,0.000000,245.569084,0.000000,0.832810,0.295930,0.000000,3568.498570,4.613158
48.620000,0.000000,245.569084,0.000000,0.832810,0.295930,0.000000,3568.498570,4.613158
48.630000,0.000000,245.569084,0.000000,0.832810,0.295930,0.000000,3568.498570,4.613158
48.640000,0.000000,245.569084,0.000000,0.832810,0.295930,0.000000,3568.498570,4.613158
48.650000,0.000000,245.569084,0.000000,0.832810,0.295930,0.000000,3568.498570,4.613158
48.660000,0.000000,245.569084,0.000000,0.832810,0.295930,0.000000,3568.498570,4.613158
48.670000,0.000000,245.569084,0.000000,0.832810,0.295930,0.000000,3568.498570,4.613158
48.680000,0.000000,245.569084,0.000000,0.832810,0.295930,0.000000,3568.498570,4.613158
48.690000,0.000000,245.569084,0.000000,0.832810,0.295930,0.000000,3568.498570,4.613158
48.700000,0.000000,245.569084,0.000000,0.832810,0.295930,0.000000,3568.498570,4.613158
48.710000,0.000000,245.569084,0.000000,0.832810,0.295930,0.000000,3568.498570,4.613158
48.720000,0.000000,245.569084,0.000000,0.832810,0.295930,0.000000,3568.498570,4.613158
48.730000,0.000000,245.569084,0.000000,0.832810,0.295930,0.000000,3568.498570,4.613158
48.740000,0.000000,245.569084,0.000000,0.832810,0.295930,0.000000,3568.498570,4.613158
48.750000,0.000000,245.569084,0.000000,0.832810,0.295930,0.000000,3568.498570,4.613158
48.760000,0.000000,245.569084,0.000000,0.832810,0.295930,0.000000,3568.498570,4.613158
48.770000,0.000000,245.569084,0.000000,0.832810,0.295930,0.000000,3568.498570,4.613158
48.780000,0.000000,245.569084,0.000000,0.832810,0.295930,0.000000,3568.498570,4.613158
48.790000,0.000000,245.569084,0.000000,0.832810,0.295930,0.000000,3568.498570,4.613158
48.800000,0.000000,245.569084,0.000000,0.832810,0.295930,0.000000,3568.498570,4.613158
48.810000,0.000000,245.569084,0.000000,0.832810,0.295930,0.000000,3568.498570,4.613158
48.820000,0.000000,245.569084,0.000000,0.832810,0.295930,0.000000,3568.498570,4.613158
48.830000,0.000000,245.569084,0.000000,0.832810,0.295930,0.000000,3568.498570,4.613158
48.840000,0.000000,245.569084,0.000000,0.832810,0.295930,0.000000,3568.498570,4.613158
48.850000,0.000000,245.569084,0.000000,0.832810,0.295930,0.000000,3568.498570,4.613158
48.860000,0.000000,245.569084,0.000000,0.832810,0.295930,0.000000,3568.498570,4.613158
48.870000,0.000000,245.569084,0.000000,0.832810,0.295930,0.000000,3568.498570,4.613158
48.880000,0.000000,245.569084,0.000000,0.832810,0.295930,0.000000,3568.498570,4.613158
48.890000,0.000000,245.569084,0.000000,0.832810,0.295930,0.000000,3568.498570,4.613158
48.900000,0.000000,245.569084,0.000000,0.832810,0.295930,0.000000,3568.498570,4.613158
48.910000,0.000000,245.569084,0.000000,0.832810,0.295930,0.000000,3568.498570,4.613158
48.920000,0.000000,245.569084,0.000000,0.832810,0.295930,0.000000,3568.498570,4.613158
48.930000,0.000000,245.569084,0.000000,0.832810,0.295930,0.000000,3568.498570,4.613158
48.940000,0.000000,245.569084,0.000000,0.832810,0.295930,0.000000,3568.498570,4.613158
48.950000,0.000000,245.569084,0.000000,0.832810,0.295930,0.000000,3568.498570,4.613158
48.960000,0.000000,245.569084,0.000000,0.832810,0.295930,0.000000,3568.498570,4.613158
48.970000,0.000000,245.569084,0.000000,0.832810,0.295930,0.000000,3568.498570,4.613158
48.980000,0.000000,245.569084,0.000000,0.832810,0.295930,0.000000,3568.498570,4.613158
48.990000,0.000000,245.569084,0.000000,0.832810,0.295930,0.000000,3568.498570,4.613158
49.000000,0.000000,245.569084,0.000000,0.832810,0.295930,0.000000,3568.498570,4.613158
49.010000,0.000000,245.569084,0.000000,0.832810,0.295930,0.000000,3568.498570,4.613158
49.020000,0.000000,245.569084,0.000000,0.832810,0.295930,0.000000,3568.498570,4.613158
49.030000,0.000000,245.569084,0.000000,0.832810,0.295930,0.000000,3568.498570,4.613158
49.040000,0.000000,245.569084,0.000000,0.832810,0.295930,0.000000,3568.498570,4.613158
49.050000,0.000000,245.569084,0.000000,0.832810,0.295930,0.000000,3568.498570,4.613158
49.060000,0.000000,245.569084,0.000000,0.832810,0.295930,0.000000,3568.498570,4.613158
49.070000,0.000000,245.569084,0.000000,0.832810,0.295930,0.000000,3568.498570,4.613158
49.080000,0.000000,245.569084,0.000000,0.832810,0.295930,0.000000,3568.498570,4.613158
49.090000,0.000000,245.569084,0.000000,0.832810,0.295930,0.000000,3568.498570,4.613158
49.100000,0.000000,245.569084,0.000000,0.832810,0.295930,0.000000,3568.498570,4.613158
49.110000,0.000000,245.569084,0.000000,0.832810,0.295930,0.000000,3568.498570,4.613158
49.120000,0.000000,245.569084,0.000000,0.832810,0.295930,0.000000,3568.498570,4.613158
49.130000,0.000000,245.569084,0.000000,0.832810,0.295930,0.000000,3568.498570,4.613158
49.140000,0.000000,245.569084,0.000000,0.832810,0.295930,0.000000,3568.498570,4.613158
49.150000,0.000000,245.569084,0.000000,0.832810,0.295930,0.000000,3568.498570,4.613158
49.160000,0.000000,245.569084,0.000000,0.832810,0.295930,0.000000,3568.498570,4.613158
49.170000,0.000000,245.569084,0.000000,0.832810,0.295930,0.000000,3568.498570,4.613158
49.180000,0.000000,245.569084,0.000000,0.832810,0.295930,0.000000,3568.498570,4.613158
49.190000,0.000000,245.569084,0.000000,0.832810,0.295930,0.000000,3568.498570,4.613158
49.200000,0.000000,245.569084,0.000000,0.832810,0.295930,0.000000,3568.498570,4.613158
49.210000,0.000000,245.569084,0.000000,0.832810,0.295930,0.000000,3568.498570,4.613158
49.220000,0.000000,245.569084,0.000000,0.832810,0.295930,0.000000,3568.498570,4.613158
49.230000,0.000000,245.569084,0.000000,0.832810,0.295930,0.000000,3568.498570,4.613158
49.240000,0.000000,245.569084,0.000000,0.832810,0.295930,0.000000,3568.498570,4.613158
49.250000,0.000000,245.569084,0.000000,0.832810,0.295930,0.000000,3568.498570,4.613158
49.260000,0.000000,245.569084,0.000000,0.832810,0.295930,0.000000,3568.498570,4.613158
49.270000,0.000000,245.569084,0.000000,0.832810,0.295930,0.000000,3568.498570,4.613158
49.280000,0.000000,245.569084,0.000000,0.832810,0.295930,0.000000,3568.498570,4.613158
49.290000,0.000000,245.569084,0.000000,0.832810,0.295930,0.000000,3568.498570,4.613158
49.300000,0.000000,245.569084,0.000000,0.832810,0.295930,0.000000,3568.498570,4.613158
49.310000,0.000000,245.569084,0.000000,0.832810,0.295930,0.000000,3568.498570,4.613158
49.320000,0.000000,245.569084,0.000000,0.832810,0.295930,0.000000,3568.498570,4.613158
49.330000,0.000000,245.569084,0.000000,0.832810,0.295930,0.000000,3568.498570,4.613158
49.340000,0.000000,245.569084,0.000000,0.832810,0.295930,0.000000,3568.498570,4.613158
49.350000,0.000000,245.569084,0.000000,0.832810,0.295930,0.000000,3568.498570,4.613158
49.360000,0.000000,245.569084,0.000000,0.832810,0.295930,0.000000,3568.498570,4.613158
49.370000,0.000000,245.569084,0.000000,0.832810,0.295930,0.000000,3568.498570,4.613158
49.380000,0.000000,245.569084,0.000000,0.832810,0.295930,0.000000,3568.498570,4.613158
49.390000,0.000000,245.569084,0.000000,0.832810,0.295930,0.000000,3568.498570,4.613158
49.400000,0.000000,245.569084,0.000000,0.832810,0.295930,0.000000,3568.498570,4.613158
49.410000,0.000000,245.569084,0.000000,0.832810,0.295930,0.000000,3568.498570,4.613158
49.420000,0.000000,245.569084,0.000000,0.832810,0.295930,0.000000,3568.498570,4.613158
49.430000,0.000000,245.569084,0.000000,0.832810,0.295930,0.000000,3568.498570,4.613158
49.440000,0.000000,245.569084,0.000000,0.832810,0.295930,0.000000,3568.498570,4.613158
49.450000,0.000000,245.569084,0.000000,0.832810,0.295930,0.000000,3568.498570,4.613158
49.460000,0.000000,245.569084,0.000000,0.832810,0.295930,0.000000,3568.498570,4.613158
49.470000,0.000000,245.569084,0.000000,0.832810,0.295930,0.000000,3568.498570,4.613158
49.480000,0.000000,245.569084,0.000000,0.832810,0.295930,0.000000,3568.498570,4.613158
49.490000,0.000000,245.569084,0.000000,0.832810,0.295930,0.000000,3568.498570,4.613158
49.500000,0.000000,245.569084,0.000000,0.832810,0.295930,0.000000,3568.498570,4.613158
49.510000,0.000000,245.569084,0.000000,0.832810,0.295930,0.000000,3568.498570,4.613158
49.520000,0.000000,245.569084,0.000000,0.832810,0.295930,0.000000,3568.498570,4.613158
49.530000,0.000000,245.569084,0.000000,0.832810,0.295930,0.000000,3568.498570,4.613158
49.540000,0.000000,245.569084,0.000000,0.832810,0.295930,0.000000,3568.498570,4.613158
49.550000,0.000000,245.569084,0.000000,0.832810,0.295930,0.000000,3568.498570,4.613158
49.560000,0.000000,245.569084,0.000000,0.832810,0.295930,0.000000,3568.498570,4.613158
49.570000,0.000000,245.569084,0.000000,0.832810,0.295930,0.000000,3568.498570,4.613158
49.580000,0.000000,245.569084,0.000000,0.832810,0.295930,0.000000,3568.498570,4.613158
49.590000,0.000000,245.569084,0.000000,0.832810,0.295930,0.000000,3568.498570,4.613158
49.600000,0.000000,245.569084,0.000000,0.832810,0.295930,0.000000,3568.498570,4.613158
49.610000,0.000000,245.569084,0.000000,0.832810,0.295930,0.000000,3568.498570,4.613158
49.620000,0.000000,245.569084,0.000000,0.832810,0.295930,0.000000,3568.498570,4.613158
49.630000,0.000000,245.569084,0.000000,0.832810,0.295930,0.000000,3568.498570,4.613158
49.640000,0.000000,245.569084,0.000000,0.832810,0.295930,0.000000,3568.498570,4.613158
49.650000,0.000000,245.569084,0.000000,0.832810,0.295930,0.000000,3568.498570,4.613158
49.660000,0.000000,245.569084,0.000000,0.832810,0.295930,0.000000,3568.498570,4.613158
49.670000,0.000000,245.569084,0.000000,0.832810,0.295930,0.000000,3568.498570,4.613158
49.680000,0.000000,245.569084,0.000000,0.832810,0.295930,0.000000,3568.498570,4.613158
49.690000,0.000000,245.569084,0.000000,0.832810,0.295930,0.000000,3568.498570,4.613158
49.700000,0.000000,245.569084,0.000000,0.832810,0.295930,0.000000,3568.498570,4.613158
49.710000,0.000000,245.569084,0.000000,0.832810,0.295930,0.000000,3568.498570,4.613158
49.720000,0.000000,245.569084,0.000000,0.832810,0.295930,0.000000,3568.498570,4.613158
49.730000,0.000000,245.569084,0.000000,0.832810,0.295930,0.000000,3568.498570,4.613158
49.740000,0.000000,245.569084,0.000000,0.832810,0.295930,0.000000,3568.498570,4.613158
49.750000,0.000000,245.569084,0.000000,0.832810,0.295930,0.000000,3568.498570,4.613158
49.760000,0.000000,245.569084,0.000000,0.832810,0.295930,0.000000,3568.498570,4.613158
49.770000,0.000000,245.569084,0.000000,0.832810,0.295930,0.000000,3568.498570,4.613158
49.780000,0.000000,245.569084,0.000000,0.832810,0.295930,0.000000,3568.498570,4.613158
49.790000,0.000000,245.569084,0.000000,0.832810,0.295930,0.000000,3568.498570,4.613158
49.800000,0.000000,245.569084,0.000000,0.832810,0.295930,0.000000,3568.498570,4.613158
49.810000,0.000000,245.569084,0.000000,0.832810,0.295930,0.000000,3568.498570,4.613158
49.820000,0.000000,245.569084,0.000000,0.832810,0.295930,0.000000,3568.498570,4.613158
49.830000,0.000000,245.569084,0.000000,0.832810,0.295930,0.000000,3568.498570,4.613158
49.840000,0.000000,245.569084,0.000000,0.832810,0.295930,0.000000,3568.498570,4.613158
49.850000,0.000000,245.569084,0.000000,0.832810,0.295930,0.000000,3568.498570,4.613158
49.860000,0.000000,245.569084,0.000000,0.832810,0.295930,0.000000,3568.498570,4.613158
49.870000,0.000000,245.569084,0.000000,0.832810,0.295930,0.000000,3568.498570,4.613158
49.880000,0.000000,245.569084,0.000000,0.832810,0.295930,0.000000,3568.498570,4.613158
49.890000,0.000000,245.569084,0.000000,0.832810,0.295930,0.000000,3568.498570,4.613158
49.900000,0.000000,245.569084,0.000000,0.832810,0.295930,0.000000,3568.498570,4.613158
49.910000,0.000000,245.569084,0.000000,0.832810,0.295930,0.000000,3568.498570,4.613158
49.920000,0.000000,245.569084,0.000000,0.832810,0.295930,0.000000,3568.498570,4.613158
49.930000,0.000000,245.569084,0.000000,0.832810,0.295930,0.000000,3568.498570,4.613158
49.940000,0.000000,245.569084,0.000000,0.832810,0.295930,0.000000,3568.498570,4.613158
49.950000,0.000000,245.569084,0.000000,0.832810,0.295930,0.000000,3568.498570,4.613158
49.960000,0.000000,245.569084,0.000000,0.832810,0.295930,0.000000,3568.498570,4.613158
49.970000,0.000000,245.569084,0.000000,0.832810,0.295930,0.000000,3568.498570,4.613158
49.980000,0.000000,245.569084,0.000000,0.832810,0.295930,0.000000,3568.498570,4.613158
49.990000,0.000000,245.569084,0.000000,0.832810,0.295930,0.000000,3568.498570,4.613158
50.000000,0.000000,245.569084,0.000000,0.832810,0.295930,0.000000,3568.498570,4.613158
50.010000,0.000000,245.569084,0.000000,0.832810,0.295930,0.000000,3568.498570,4.613158
50.020000,0.000000,245.569084,0.000000,0.832810,0.295930,0.000000,3568.498570,4.613158
50.030000,0.000000,245.569084,0.000000,0.832810,0.295930,0.000000,3568.498570,4.613158
50.040000,0.000000,245.569084,0.000000,0.832810,0.295930,0.000000,3568.498570,4.613158
50.050000,0.000000,245.569084,0.000000,0.832810,0.295930,0.000000,3568.498570,4.613158
50.060000,0.000000,245.569084,0.000000,0.832810,0.295930,0.000000,3568.498570,4.613158
50.070000,0.000000,245.569084,0.000000,0.832810,0.295930,0.000000,3568.498570,4.613158
50.080000,0.000000,245.569084,0.000000,0.832810,0.295930,0.000000,3568.498570,4.613158
50.090000,0.000000,245.569084,0.000000,0.832810,0.295930,0.000000,3568.498570,4.613158
50.100000,0.000000,245.569084,0.000000,0.832810,0.295930,0.000000,3568.498570,4.613158
50.110000,0.000000,245.569084,0.000000,0.832810,0.295930,0.000000,3568.498570,4.613158
50.120000,0.000000,245.569084,0.000000,0.832810,0.295930,0.000000,3568.498570,4.613158
50.130000,0.000000,245.569084,0.000000,0.832810,0.295930,0.000000,3568.498570,4.613158
50.140000,0.000000,245.569084,0.000000,0.832810,0.295930,0.000000,3568.498570,4.613158
50.150000,0.000000,245.569084,0.000000,0.832810,0.295930,0.000000,3568.498570,4.613158
50.160000,0.000000,245.569084,0.000000,0.832810,0.295930,0.000000,3568.498570,4.613158
50.170000,0.000000,245.569084,0.000000,0.832810,0.295930,0.000000,3568.498570,4.613158
50.180000,0.000000,245.569084,0.000000,0.832810,0.295930,0.000000,3568.498570,4.613158
50.190000,0.000000,245.569084,0.000000,0.832810,0.295930,0.000000,3568.498570,4.613158
50.200000,0.000000,245.569084,0.000000,0.832810,0.295930,0.000000,3568.498570,4.613158
50.210000,0.000000,245.569084,0.000000,0.832810,0.295930,0.000000,3568.498570,4.613158
50.220000,0.000000,245.569084,0.000000,0.832810,0.295930,0.000000,3568.498570,4.613158
50.230000,0.000000,245.569084,0.000000,0.832810,0.295930,0.000000,3568.498570,4.613158
50.240000,0.000000,245.569084,0.000000,0.832810,0.295930,0.000000,3568.498570,4.613158
50.250000,0.000000,245.569084,0.000000,0.832810,0.295930,0.000000,3568.498570,4.613158
50.260000,0.000000,245.569084,0.000000,0.832810,0.295930,0.000000,3568.498570,4.613158
50.270000,0.000000,245.569084,0.000000,0.832810,0.295930,0.000000,3568.498570,4.613158
50.280000,0.000000,245.569084,0.000000,0.832810,0.295930,0.000000,3568.498570,4.613158
50.290000,0.000000,245.569084,0.000000,0.832810,0.295930,0.000000,3568.498570,4.613158
50.300000,0.000000,245.569084,0.000000,0.832810,0.295930,0.000000,3568.498570,4.613158
50.310000,0.000000,245.569084,0.000000,0.832810,0.295930,0.000000,3568.498570,4.613158
50.320000,0.000000,245.569084,0.000000,0.832810,0.295930,0.000000,3568.498570,4.613158
50.330000,0.000000,245.569084,0.000000,0.832810,0.295930,0.000000,3568.498570,4.613158
50.340000,0.000000,245.569084,0.000000,0.832810,0.295930,0.000000,3568.498570,4.613158
50.350000,0.000000,245.569084,0.000000,0.832810,0.295930,0.000000,3568.498570,4.613158
50.360000,0.000000,245.569084,0.000000,0.832810,0.295930,0.000000,3568.498570,4.613158
50.370000,0.000000,245.569084,0.000000,0.832810,0.295930,0.000000,3568.498570,4.613158
50.380000,0.000000,245.569084,0.000000,0.832810,0.295930,0.000000,3568.498570,4.613158
50.390000,0.000000,245.569084,0.000000,0.832810,0.295930,0.000000,3568.498570,4.613158
50.400000,0.000000,245.569084,0.000000,0.832810,0.295930,0.000000,3568.498570,4.613158
50.410000,0.000000,245.569084,0.000000,0.832810,0.295930,0.000000,3568.498570,4.613158
50.420000,0.000000,245.569084,0.000000,0.832810,0.295930,0.000000,3568.498570,4.613158
50.430000,0.000000,245.569084,0.000000,0.832810,0.295930,0.000000,3568.498570,4.613158
50.440000,0.000000,245.569084,0.000000,0.832810,0.295930,0.000000,3568.498570,4.613158
50.450000,0.000000,245.569084,0.000000,0.832810,0.295930,0.000000,3568.498570,4.613158
50.460000,0.000000,245.569084,0.000000,0.832810,0.295930,0.000000,3568.498570,4.613158
50.470000,0.000000,245.569084,0.000000,0.832810,0.295930,0.000000,3568.498570,4.613158
50.480000,0.000000,245.569084,0.000000,0.832810,0.295930,0.000000,3568.498570,4.613158
50.490000,0.000000,245.569084,0.000000,0.832810,0.295930,0.000000,3568.498570,4.613158
50.500000,0.000000,245.569084,0.000000,0.832810,0.295930,0.000000,3568.498570,4.613158
50.510000,0.000000,245.569084,0.000000,0.832810,0.295930,0.000000,3568.498570,4.613158
50.520000,0.000000,245.569084,0.000000,0.832810,0.295930,0.000000,3568.498570,4.613158
50.530000,0.000000,245.569084,0.000000,0.832810,0.295930,0.000000,3568.498570,4.613158
50.540000,0.000000,245.569084,0.000000,0.832810,0.295930,0.000000,3568.498570,4.613158
50.550000,0.000000,245.569084,0.000000,0.832810,0.295930,0.000000,3568.498570,4.613158
50.560000,0.000000,245.569084,0.000000,0.832810,0.295930,0.000000,3568.498570,4.613158
50.570000,0.000000,245.569084,0.000000,0.832810,0.295930,0.000000,3568.498570,4.613158
50.580000,0.000000,245.569084,0.000000,0.832810,0.295930,0.000000,3568.498570,4.613158
50.590000,0.000000,245.569084,0.000000,0.832810,0.295930,0.000000,3568.498570,4.613158
50.600000,0.000000,245.569084,0.000000,0.832810,0.295930,0.000000,3568.498570,4.613158
50.610000,0.000000,245.569084,0.000000,0.832810,0.295930,0.000000,3568.498570,4.613158
50.620000,0.000000,245.569084,0.000000,0.832810,0.295930,0.000000,3568.498570,4.613158
50.630000,0.000000,245.569084,0.000000,0.832810,0.295930,0.000000,3568.498570,4.613158
50.640000,0.000000,245.569084,0.000000,0.832810,0.295930,0.000000,3568.498570,4.613158
50.650000,0.000000,245.569084,0.000000,0.832810,0.295930,0.000000,3568.498570,4.613158
50.660000,0.000000,245.569084,0.000000,0.832810,0.295930,0.000000,3568.498570,4.613158
50.670000,0.000000,245.569084,0.000000,0.832810,0.295930,0.000000,3568.498570,4.613158
50.680000,0.000000,245.569084,0.000000,0.832810,0.295930,0.000000,3568.498570,4.613158
50.690000,0.000000,245.569084,0.000000,0.832810,0.295930,0.000000,3568.498570,4.613158
50.700000,0.000000,245.569084,0.000000,0.832810,0.295930,0.000000,3568.498570,4.613158
50.710000,0.000000,245.569084,0.000000,0.832810,0.295930,0.000000,3568.498570,4.613158
50.720000,0.000000,245.569084,0.000000,0.832810,0.295930,0.000000,3568.498570,4.613158
50.730000,0.000000,245.569084,0.000000,0.832810,0.295930,0.000000,3568.498570,4.613158
50.740000,0.000000,245.569084,0.000000,0.832810,0.295930,0.000000,3568.498570,4.613158
50.750000,0.000000,245.569084,0.000000,0.832810,0.295930,0.000000,3568.498570,4.613158
50.760000,0.000000,245.569084,0.000000,0.832810,0.295930,0.000000,3568.498570,4.613158
50.770000,0.000000,245.569084,0.000000,0.832810,0.295930,0.000000,3568.498570,4.613158
50.780000,0.000000,245.569084,0.000000,0.832810,0.295930,0.000000,3568.498570,4.613158
50.790000,0.000000,245.569084,0.000000,0.832810,0.295930,0.000000,3568.498570,4.613158
50.800000,0.000000,245.569084,0.000000,0.832810,0.295930,0.000000,3568.498570,4.613158
50.810000,0.000000,245.569084,0.000000,0.832810,0.295930,0.000000,3568.498570,4.613158
50.820000,0.000000,245.569084,0.000000,0.832810,0.295930,0.000000,3568.498570,4.613158
50.830000,0.000000,245.569084,0.000000,0.832810,0.295930,0.000000,3568.498570,4.613158
50.840000,0.000000,245.569084,0.000000,0.832810,0.295930,0.000000,3568.498570,4.613158
50.850000,0.000000,245.569084,0.000000,0.832810,0.295930,0.000000,3568.498570,4.613158
50.860000,0.000000,245.569084,0.000000,0.832810,0.295930,0.000000,3568.498570,4.613158
50.870000,0.000000,245.569084,0.000000,0.832810,0.295930,0.000000,3568.498570,4.613158
50.880000,0.000000,245.569084,0.000000,0.832810,0.295930,0.000000,3568.498570,4.613158
50.890000,0.000000,245.569084,0.000000,0.832810,0.295930,0.000000,3568.498570,4.613158
50.900000,0.000000,245.569084,0.000000,0.832810,0.295930,0.000000,3568.498570,4.613158
50.910000,0.000000,245.569084,0.000000,0.832810,0.295930,0.000000,3568.498570,4.613158
50.920000,0.000000,245.569084,0.000000,0.832810,0.295930,0.000000,3568.498570,4.613158
50.930000,0.000000,245.569084,0.000000,0.832810,0.295930,0.000000,3568.498570,4.613158
50.940000,0.000000,245.569084,0.000000,0.832810,0.295930,0.000000,3568.498570,4.613158
50.950000,0.000000,245.569084,0.000000,0.832810,0.295930,0.000000,3568.498570,4.613158
50.960000,0.000000,245.569084,0.000000,0.832810,0.295930,0.000000,3568.498570,4.613158
50.970000,0.000000,245.569084,0.000000,0.832810,0.295930,0.000000,3568.498570,4.613158
50.980000,0.000000,245.569084,0.000000,0.832810,0.295930,0.000000,3568.498570,4.613158
50.990000,0.000000,245.569084,0.000000,0.832810,0.295930,0.000000,3568.498570,4.613158
51.000000,0.000000,245.569084,0.000000,0.832810,0.295930,0.000000,3568.498570,4.613158
51.010000,0.000000,245.569084,0.000000,0.832810,0.295930,0.000000,3568.498570,4.613158
51.020000,0.000000,245.569084,0.000000,0.832810,0.295930,0.000000,3568.498570,4.613158
51.030000,0.000000,245.569084,0.000000,0.832810,0.295930,0.000000,3568.498570,4.613158
51.040000,0.000000,245.569084,0.000000,0.832810,0.295930,0.000000,3568.498570,4.613158
51.050000,0.000000,245.569084,0.000000,0.832810,0.295930,0.000000,3568.498570,4.613158
51.060000,0.000000,245.569084,0.000000,0.832810,0.295930,0.000000,3568.498570,4.613158
51.070000,0.000000,245.569084,0.000000,0.832810,0.295930,0.000000,3568.498570,4.613158
51.080000,0.000000,245.569084,0.000000,0.832810,0.295930,0.000000,3568.498570,4.613158
51.090000,0.000000,245.569084,0.000000,0.832810,0.295930,0.000000,3568.498570,4.613158
51.100000,0.000000,245.569084,0.000000,0.832810,0.295930,0.000000,3568.498570,4.613158
51.110000,0.000000,245.569084,0.000000,0.832810,0.295930,0.000000,3568.498570,4.613158
51.120000,0.000000,245.569084,0.000000,0.832810,0.295930,0.000000,3568.498570,4.613158
51.130000,0.000000,245.569084,0.000000,0.832810,0.295930,0.000000,3568.498570,4.613158
51.140000,0.000000,245.569084,0.000000,0.832810,0.295930,0.000000,3568.498570,4.613158
51.150000,0.000000,245.569084,0.000000,0.832810,0.295930,0.000000,3568.498570,4.613158
51.160000,0.000000,245.569084,0.000000,0.832810,0.295930,0.000000,3568.498570,4.613158
51.170000,0.000000,245.569084,0.000000,0.832810,0.295930,0.000000,3568.498570,4.613158
51.180000,0.000000,245.569084,0.000000,0.832810,0.295930,0.000000,3568.498570,4.613158
51.190000,0.000000,245.569084,0.000000,0.832810,0.295930,0.000000,3568.498570,4.613158
51.200000,0.000000,245.569084,0.000000,0.832810,0.295930,0.000000,3568.498570,4.613158
51.210000,0.000000,245.569084,0.000000,0.832810,0.295930,0.000000,3568.498570,4.613158
51.220000,0.000000,245.569084,0.000000,0.832810,0.295930,0.000000,3568.498570,4.613158
51.230000,0.000000,245.569084,0.000000,0.832810,0.295930,0.000000,3568.498570,4.613158
51.240000,0.000000,245.569084,0.000000,0.832810,0.295930,0.000000,3568.498570,4.613158
51.250000,0.000000,245.569084,0.000000,0.832810,0.295930,0.000000,3568.498570,4.613158
51.260000,0.000000,245.569084,0.000000,0.832810,0.295930,0.000000,3568.498570,4.613158
51.270000,0.000000,245.569084,0.000000,0.832810,0.295930,0.000000,3568.498570,4.613158
51.280000,0.000000,245.569084,0.000000,0.832810,0.295930,0.000000,3568.498570,4.613158
51.290000,0.000000,245.569084,0.000000,0.832810,0.295930,0.000000,3568.498570,4.613158
51.300000,0.000000,245.569084,0.000000,0.832810,0.295930,0.000000,3568.498570,4.613158
51.310000,0.000000,245.569084,0.000000,0.832810,0.295930,0.000000,3568.498570,4.613158
51.320000,0.000000,245.569084,0.000000,0.832810,0.295930,0.000000,3568.498570,4.613158
51.330000,0.000000,245.569084,0.000000,0.832810,0.295930,0.000000,3568.498570,4.613158
51.340000,0.000000,245.569084,0.000000,0.832810,0.295930,0.000000,3568.498570,4.613158
51.350000,0.000000,245.569084,0.000000,0.832810,0.295930,0.000000,3568.498570,4.613158
51.360000,0.000000,245.569084,0.000000,0.832810,0.295930,0.000000,3568.498570,4.613158
51.370000,0.000000,245.569084,0.000000,0.832810,0.295930,0.000000,3568.498570,4.613158
51.380000,0.000000,245.569084,0.000000,0.832810,0.295930,0.000000,3568.498570,4.613158
51.390000,0.000000,245.569084,0.000000,0.832810,0.295930,0.000000,3568.498570,4.613158
51.400000,0.000000,245.569084,0.000000,0.832810,0.295930,0.000000,3568.498570,4.613158
51.410000,0.000000,245.569084,0.000000,0.832810,0.295930,0.000000,3568.498570,4.613158
51.420000,0.000000,245.569084,0.000000,0.832810,0.295930,0.000000,3568.498570,4.613158
51.430000,0.000000,245.569084,0.000000,0.832810,0.295930,0.000000,3568.498570,4.613158
51.440000,0.000000,245.569084,0.000000,0.832810,0.295930,0.000000,3568.498570,4.613158
51.450000,0.000000,245.569084,0.000000,0.832810,0.295930,0.000000,3568.498570,4.613158
51.460000,0.000000,245.569084,0.000000,0.832810,0.295930,0.000000,3568.498570,4.613158
51.470000,0.000000,245.569084,0.000000,0.832810,0.295930,0.000000,3568.498570,4.613158
51.480000,0.000000,245.569084,0.000000,0.832810,0.295930,0.000000,3568.498570,4.613158
51.490000,0.000000,245.569084,0.000000,0.832810,0.295930,0.000000,3568.498570,4.613158
51.500000,0.000000,245.569084,0.000000,0.832810,0.295930,0.000000,3568.498570,4.613158
51.510000,0.000000,245.569084,0.000000,0.832810,0.295930,0.000000,3568.498570,4.613158
51.520000,0.000000,245.569084,0.000000,0.832810,0.295930,0.000000,3568.498570,4.613158
51.530000,0.000000,245.569084,0.000000,0.832810,0.295930,0.000000,3568.498570,4.613158
51.540000,0.000000,245.569084,0.000000,0.832810,0.295930,0.000000,3568.498570,4.613158
51.550000,0.000000,245.569084,0.000000,0.832810,0.295930,0.000000,3568.498570,4.613158
51.560000,0.000000,245.569084,0.000000,0.832810,0.295930,0.000000,3568.498570,4.613158
51.570000,0.000000,245.569084,0.000000,0.832810,0.295930,0.000000,3568.498570,4.613158
51.580000,0.000000,245.569084,0.000000,0.832810,0.295930,0.000000,3568.498570,4.613158
51.590000,0.000000,245.569084,0.000000,0.832810,0.295930,0.000000,3568.498570,4.613158
51.600000,0.000000,245.569084,0.000000,0.832810,0.295930,0.000000,3568.498570,4.613158
51.610000,0.000000,245.569084,0.000000,0.832810,0.295930,0.000000,3568.498570,4.613158
51.620000,0.000000,245.569084,0.000000,0.832810,0.295930,0.000000,3568.498570,4.613158
51.630000,0.000000,245.569084,0.000000,0.832810,0.295930,0.000000,3568.498570,4.613158
51.640000,0.000000,245.569084,0.000000,0.832810,0.295930,0.000000,3568.498570,4.613158
51.650000,0.000000,245.569084,0.000000,0.832810,0.295930,0.000000,3568.498570,4.613158
51.660000,0.000000,245.569084,0.000000,0.832810,0.295930,0.000000,3568.498570,4.613158
51.670000,0.000000,245.569084,0.000000,0.832810,0.295930,0.000000,3568.498570,4.613158
51.680000,0.000000,245.569084,0.000000,0.832810,0.295930,0.000000,3568.498570,4.613158
51.690000,0.000000,245.569084,0.000000,0.832810,0.295930,0.000000,3568.498570,4.613158
51.700000,0.000000,245.569084,0.000000,0.832810,0.295930,0.000000,3568.498570,4.613158
51.710000,0.000000,245.569084,0.000000,0.832810,0.295930,0.000000,3568.498570,4.613158
51.720000,0.000000,245.569084,0.000000,0.832810,0.295930,0.000000,3568.498570,4.613158
51.730000,0.000000,245.569084,0.000000,0.832810,0.295930,0.000000,3568.498570,4.613158
51.740000,0.000000,245.569084,0.000000,0.832810,0.295930,0.000000,3568.498570,4.613158
51.750000,0.000000,245.569084,0.000000,0.832810,0.295930,0.000000,3568.498570,4.613158
51.760000,0.000000,245.569084,0.000000,0.832810,0.295930,0.000000,3568.498570,4.613158
51.770000,0.000000,245.569084,0.000000,0.832810,0.295930,0.000000,3568.498570,4.613158
51.780000,0.000000,245.569084,0.000000,0.832810,0.295930,0.000000,3568.498570,4.613158
51.790000,0.000000,245.569084,0.000000,0.832810,0.295930,0.000000,3568.498570,4.613158
51.800000,0.000000,245.569084,0.000000,0.832810,0.295930,0.000000,3568.498570,4.613158
51.810000,0.000000,245.569084,0.000000,0.832810,0.295930,0.000000,3568.498570,4.613158
51.820000,0.000000,245.569084,0.000000,0.832810,0.295930,0.000000,3568.498570,4.613158
51.830000,0.000000,245.569084,0.000000,0.832810,0.295930,0.000000,3568.498570,4.613158
51.840000,0.000000,245.569084,0.000000,0.832810,0.295930,0.000000,3568.498570,4.613158
51.850000,0.000000,245.569084,0.000000,0.832810,0.295930,0.000000,3568.498570,4.613158
51.860000,0.000000,245.569084,0.000000,0.832810,0.295930,0.000000,3568.498570,4.613158
51.870000,0.000000,245.569084,0.000000,0.832810,0.295930,0.000000,3568.498570,4.613158
51.880000,0.000000,245.569084,0.000000,0.832810,0.295930,0.000000,3568.498570,4.613158
51.890000,0.000000,245.569084,0.000000,0.832810,0.295930,0.000000,3568.498570,4.613158
51.900000,0.000000,245.569084,0.000000,0.832810,0.295930,0.000000,3568.498570,4.613158
51.910000,0.000000,245.569084,0.000000,0.832810,0.295930,0.000000,3568.498570,4.613158
51.920000,0.000000,245.569084,0.000000,0.832810,0.295930,0.000000,3568.498570,4.613158
51.930000,0.000000,245.569084,0.000000,0.832810,0.295930,0.000000,3568.498570,4.613158
51.940000,0.000000,245.569084,0.000000,0.832810,0.295930,0.000000,3568.498570,4.613158
51.950000,0.000000,245.569084,0.000000,0.832810,0.295930,0.000000,3568.498570,4.613158
51.960000,0.000000,245.569084,0.000000,0.832810,0.295930,0.000000,3568.498570,4.613158
51.970000,0.000000,245.569084,0.000000,0.832810,0.295930,0.000000,3568.498570,4.613158
51.980000,0.000000,245.569084,0.000000,0.832810,0.295930,0.000000,3568.498570,4.613158
51.990000,0.000000,245.569084,0.000000,0.832810,0.295930,0.000000,3568.498570,4.613158
52.000000,0.000000,245.569084,0.000000,0.832810,0.295930,0.000000,3568.498570,4.613158
52.010000,0.000000,245.569084,0.000000,0.832810,0.295930,0.000000,3568.498570,4.613158
52.020000,0.000000,245.569084,0.000000,0.832810,0.295930,0.000000,3568.498570,4.613158
52.030000,0.000000,245.569084,0.000000,0.832810,0.295930,0.000000,3568.498570,4.613158
52.040000,0.000000,245.569084,0.000000,0.832810,0.295930,0.000000,3568.498570,4.613158
52.050000,0.000000,245.569084,0.000000,0.832810,0.295930,0.000000,3568.498570,4.613158
52.060000,0.000000,245.569084,0.000000,0.832810,0.295930,0.000000,3568.498570,4.613158
52.070000,0.000000,245.569084,0.000000,0.832810,0.295930,0.000000,3568.498570,4.613158
52.080000,0.000000,245.569084,0.000000,0.832810,0.295930,0.000000,3568.498570,4.613158
52.090000,0.000000,245.569084,0.000000,0.832810,0.295930,0.000000,3568.498570,4.613158
52.100000,0.000000,245.569084,0.000000,0.832810,0.295930,0.000000,3568.498570,4.613158
52.110000,0.000000,245.569084,0.000000,0.832810,0.295930,0.000000,3568.498570,4.613158
52.120000,0.000000,245.569084,0.000000,0.832810,0.295930,0.000000,3568.498570,4.613158
52.130000,0.000000,245.569084,0.000000,0.832810,0.295930,0.000000,3568.498570,4.613158
52.140000,0.000000,245.569084,0.000000,0.832810,0.295930,0.000000,3568.498570,4.613158
52.150000,0.000000,245.569084,0.000000,0.832810,0.295930,0.000000,3568.498570,4.613158
52.160000,0.000000,245.569084,0.000000,0.832810,0.295930,0.000000,3568.498570,4.613158
52.170000,0.000000,245.569084,0.000000,0.832810,0.295930,0.000000,3568.498570,4.613158
52.180000,0.000000,245.569084,0.000000,0.832810,0.295930,0.000000,3568.498570,4.613158
52.190000,0.000000,245.569084,0.000000,0.832810,0.295930,0.000000,3568.498570,4.613158
52.200000,0.000000,245.569084,0.000000,0.832810,0.295930,0.000000,3568.498570,4.613158
52.210000,0.000000,245.569084,0.000000,0.832810,0.295930,0.000000,3568.498570,4.613158
52.220000,0.000000,245.569084,0.000000,0.832810,0.295930,0.000000,3568.498570,4.613158
52.230000,0.000000,245.569084,0.000000,0.832810,0.295930,0.000000,3568.498570,4.613158
52.240000,0.000000,245.569084,0.000000,0.832810,0.295930,0.000000,3568.498570,4.613158
52.250000,0.000000,245.569084,0.000000,0.832810,0.295930,0.000000,3568.498570,4.613158
52.260000,0.000000,245.569084,0.000000,0.832810,0.295930,0.000000,3568.498570,4.613158
52.270000,0.000000,245.569084,0.000000,0.832810,0.295930,0.000000,3568.498570,4.613158
52.280000,0.000000,245.569084,0.000000,0.832810,0.295930,0.000000,3568.498570,4.613158
52.290000,0.000000,245.569084,0.000000,0.832810,0.295930,0.000000,3568.498570,4.613158
52.300000,0.000000,245.569084,0.000000,0.832810,0.295930,0.000000,3568.498570,4.613158
52.310000,0.000000,245.569084,0.000000,0.832810,0.295930,0.000000,3568.498570,4.613158
52.320000,0.000000,245.569084,0.000000,0.832810,0.295930,0.000000,3568.498570,4.613158
52.330000,0.000000,245.569084,0.000000,0.832810,0.295930,0.000000,3568.498570,4.613158
52.340000,0.000000,245.569084,0.000000,0.832810,0.295930,0.000000,3568.498570,4.613158
52.350000,0.000000,245.569084,0.000000,0.832810,0.295930,0.000000,3568.498570,4.613158
52.360000,0.000000,245.569084,0.000000,0.832810,0.295930,0.000000,3568.498570,4.613158
52.370000,0.000000,245.569084,0.000000,0.832810,0.295930,0.000000,3568.498570,4.613158
52.380000,0.000000,245.569084,0.000000,0.832810,0.295930,0.000000,3568.498570,4.613158
52.390000,0.000000,245.569084,0.000000,0.832810,0.295930,0.000000,3568.498570,4.613158
52.400000,0.000000,245.569084,0.000000,0.832810,0.295930,0.000000,3568.498570,4.613158
52.410000,0.000000,245.569084,0.000000,0.832810,0.295930,0.000000,3568.498570,4.613158
52.420000,0.000000,245.569084,0.000000,0.832810,0.295930,0.000000,3568.498570,4.613158
52.430000,0.000000,245.569084,0.000000,0.832810,0.295930,0.000000,3568.498570,4.613158
52.440000,0.000000,245.569084,0.000000,0.832810,0.295930,0.000000,3568.498570,4.613158
52.450000,0.000000,245.569084,0.000000,0.832810,0.295930,0.000000,3568.498570,4.613158
52.460000,0.000000,245.569084,0.000000,0.832810,0.295930,0.000000,3568.498570,4.613158
52.470000,0.000000,245.569084,0.000000,0.832810,0.295930,0.000000,3568.498570,4.613158
52.480000,0.000000,245.569084,0.000000,0.832810,0.295930,0.000000,3568.498570,4.613158
52.490000,0.000000,245.569084,0.000000,0.832810,0.295930,0.000000,3568.498570,4.613158
52.500000,0.000000,245.569084,0.000000,0.832810,0.295930,0.000000,3568.498570,4.613158
52.510000,0.000000,245.569084,0.000000,0.832810,0.295930,0.000000,3568.498570,4.613158
52.520000,0.000000,245.569084,0.000000,0.832810,0.295930,0.000000,3568.498570,4.613158
52.530000,0.000000,245.569084,0.000000,0.832810,0.295930,0.000000,3568.498570,4.613158
52.540000,0.000000,245.569084,0.000000,0.832810,0.295930,0.000000,3568.498570,4.613158
52.550000,0.000000,245.569084,0.000000,0.832810,0.295930,0.000000,3568.498570,4.613158
52.560000,0.000000,245.569084,0.000000,0.832810,0.295930,0.000000,3568.498570,4.613158
52.570000,0.000000,245.569084,0.000000,0.832810,0.295930,0.000000,3568.498570,4.613158
52.580000,0.000000,245.569084,0.000000,0.832810,0.295930,0.000000,3568.498570,4.613158
52.590000,0.000000,245.569084,0.000000,0.832810,0.295930,0.000000,3568.498570,4.613158
52.600000,0.000000,245.569084,0.000000,0.832810,0.295930,0.000000,3568.498570,4.613158
52.610000,0.000000,245.569084,0.000000,0.832810,0.295930,0.000000,3568.498570,4.613158
52.620000,0.000000,245.569084,0.000000,0.832810,0.295930,0.000000,3568.498570,4.613158
52.630000,0.000000,245.569084,0.000000,0.832810,0.295930,0.000000,3568.498570,4.613158
52.640000,0.000000,245.569084,0.000000,0.832810,0.295930,0.000000,3568.498570,4.613158
52.650000,0.000000,245.569084,0.000000,0.832810,0.295930,0.000000,3568.498570,4.613158
52.660000,0.000000,245.569084,0.000000,0.832810,0.295930,0.000000,3568.498570,4.613158
52.670000,0.000000,245.569084,0.000000,0.832810,0.295930,0.000000,3568.498570,4.613158
52.680000,0.000000,245.569084,0.000000,0.832810,0.295930,0.000000,3568.498570,4.613158
52.690000,0.000000,245.569084,0.000000,0.832810,0.295930,0.000000,3568.498570,4.613158
52.700000,0.000000,245.569084,0.000000,0.832810,0.295930,0.000000,3568.498570,4.613158
52.710000,0.000000,245.569084,0.000000,0.832810,0.295930,0.000000,3568.498570,4.613158
52.720000,0.000000,245.569084,0.000000,0.832810,0.295930,0.000000,3568.498570,4.613158
52.730000,0.000000,245.569084,0.000000,0.832810,0.295930,0.000000,3568.498570,4.613158
52.740000,0.000000,245.569084,0.000000,0.832810,0.295930,0.000000,3568.498570,4.613158
52.750000,0.000000,245.569084,0.000000,0.832810,0.295930,0.000000,3568.498570,4.613158
52.760000,0.000000,245.569084,0.000000,0.832810,0.295930,0.000000,3568.498570,4.613158
52.770000,0.000000,245.569084,0.000000,0.832810,0.295930,0.000000,3568.498570,4.613158
52.780000,0.000000,245.569084,0.000000,0.832810,0.295930,0.000000,3568.498570,4.613158
52.790000,0.000000,245.569084,0.000000,0.832810,0.295930,0.000000,3568.498570,4.613158
52.800000,0.000000,245.569084,0.000000,0.832810,0.295930,0.000000,3568.498570,4.613158
52.810000,0.000000,245.569084,0.000000,0.832810,0.295930,0.000000,3568.498570,4.613158
52.820000,0.000000,245.569084,0.000000,0.832810,0.295930,0.000000,3568.498570,4.613158
52.830000,0.000000,245.569084,0.000000,0.832810,0.295930,0.000000,3568.498570,4.613158
52.840000,0.000000,245.569084,0.000000,0.832810,0.295930,0.000000,3568.498570,4.613158
52.850000,0.000000,245.569084,0.000000,0.832810,0.295930,0.000000,3568.498570,4.613158
52.860000,0.000000,245.569084,0.000000,0.832810,0.295930,0.000000,3568.498570,4.613158
52.870000,0.000000,245.569084,0.000000,0.832810,0.295930,0.000000,3568.498570,4.613158
52.880000,0.000000,245.569084,0.000000,0.832810,0.295930,0.000000,3568.498570,4.613158
52.890000,0.000000,245.569084,0.000000,0.832810,0.295930,0.000000,3568.498570,4.613158
52.900000,0.000000,245.569084,0.000000,0.832810,0.295930,0.000000,3568.498570,4.613158
52.910000,0.000000,245.569084,0.000000,0.832810,0.295930,0.000000,3568.498570,4.613158
52.920000,0.000000,245.569084,0.000000,0.832810,0.295930,0.000000,3568.498570,4.613158
52.930000,0.000000,245.569084,0.000000,0.832810,0.295930,0.000000,3568.498570,4.613158
52.940000,0.000000,245.569084,0.000000,0.832810,0.295930,0.000000,3568.498570,4.613158
52.950000,0.000000,245.569084,0.000000,0.832810,0.295930,0.000000,3568.498570,4.613158
52.960000,0.000000,245.569084,0.000000,0.832810,0.295930,0.000000,3568.498570,4.613158
52.970000,0.000000,245.569084,0.000000,0.832810,0.295930,0.000000,3568.498570,4.613158
52.980000,0.000000,245.569084,0.000000,0.832810,0.295930,0.000000,3568.498570,4.613158
52.990000,0.000000,245.569084,0.000000,0.832810,0.295930,0.000000,3568.498570,4.613158
53.000000,0.000000,245.569084,0.000000,0.832810,0.295930,0.000000,3568.498570,4.613158
53.010000,0.000000,245.569084,0.000000,0.832810,0.295930,0.000000,3568.498570,4.613158
53.020000,0.000000,245.569084,0.000000,0.832810,0.295930,0.000000,3568.498570,4.613158
53.030000,0.000000,245.569084,0.000000,0.832810,0.295930,0.000000,3568.498570,4.613158
53.040000,0.000000,245.569084,0.000000,0.832810,0.295930,0.000000,3568.498570,4.613158
53.050000,0.000000,245.569084,0.000000,0.832810,0.295930,0.000000,3568.498570,4.613158
53.060000,0.000000,245.569084,0.000000,0.832810,0.295930,0.000000,3568.498570,4.613158
53.070000,0.000000,245.569084,0.000000,0.832810,0.295930,0.000000,3568.498570,4.613158
53.080000,0.000000,245.569084,0.000000,0.832810,0.295930,0.000000,3568.498570,4.613158
53.090000,0.000000,245.569084,0.000000,0.832810,0.295930,0.000000,3568.498570,4.613158
53.100000,0.000000,245.569084,0.000000,0.832810,0.295930,0.000000,3568.498570,4.613158
53.110000,0.000000,245.569084,0.000000,0.832810,0.295930,0.000000,3568.498570,4.613158
53.120000,0.000000,245.569084,0.000000,0.832810,0.295930,0.000000,3568.498570,4.613158
53.130000,0.000000,245.569084,0.000000,0.832810,0.295930,0.000000,3568.498570,4.613158
53.140000,0.000000,245.569084,0.000000,0.832810,0.295930,0.000000,3568.498570,4.613158
53.150000,0.000000,245.569084,0.000000,0.832810,0.295930,0.000000,3568.498570,4.613158
53.160000,0.000000,245.569084,0.000000,0.832810,0.295930,0.000000,3568.498570,4.613158
53.170000,0.000000,245.569084,0.000000,0.832810,0.295930,0.000000,3568.498570,4.613158
53.180000,0.000000,245.569084,0.000000,0.832810,0.295930,0.000000,3568.498570,4.613158
53.190000,0.000000,245.569084,0.000000,0.832810,0.295930,0.000000,3568.498570,4.613158
53.200000,0.000000,245.569084,0.000000,0.832810,0.295930,0.000000,3568.498570,4.613158
53.210000,0.000000,245.569084,0.000000,0.832810,0.295930,0.000000,3568.498570,4.613158
53.220000,0.000000,245.569084,0.000000,0.832810,0.295930,0.000000,3568.498570,4.613158
53.230000,0.000000,245.569084,0.000000,0.832810,0.295930,0.000000,3568.498570,4.613158
53.240000,0.000000,245.569084,0.000000,0.832810,0.295930,0.000000,3568.498570,4.613158
53.250000,0.000000,245.569084,0.000000,0.832810,0.295930,0.000000,3568.498570,4.613158
53.260000,0.000000,245.569084,0.000000,0.832810,0.295930,0.000000,3568.498570,4.613158
53.270000,0.000000,245.569084,0.000000,0.832810,0.295930,0.000000,3568.498570,4.613158
53.280000,0.000000,245.569084,0.000000,0.832810,0.295930,0.000000,3568.498570,4.613158
53.290000,0.000000,245.569084,0.000000,0.832810,0.295930,0.000000,3568.498570,4.613158
53.300000,0.000000,245.569084,0.000000,0.832810,0.295930,0.000000,3568.498570,4.613158
53.310000,0.000000,245.569084,0.000000,0.832810,0.295930,0.000000,3568.498570,4.613158
53.320000,0.000000,245.569084,0.000000,0.832810,0.295930,0.000000,3568.498570,4.613158
53.330000,0.000000,245.569084,0.000000,0.832810,0.295930,0.000000,3568.498570,4.613158
53.340000,0.000000,245.569084,0.000000,0.832810,0.295930,0.000000,3568.498570,4.613158
53.350000,0.000000,245.569084,0.000000,0.832810,0.295930,0.000000,3568.498570,4.613158
53.360000,0.000000,245.569084,0.000000,0.832810,0.295930,0.000000,3568.498570,4.613158
53.370000,0.000000,245.569084,0.000000,0.832810,0.295930,0.000000,3568.498570,4.613158
53.380000,0.000000,245.569084,0.000000,0.832810,0.295930,0.000000,3568.498570,4.613158
53.390000,0.000000,245.569084,0.000000,0.832810,0.295930,0.000000,3568.498570,4.613158
53.400000,0.000000,245.569084,0.000000,0.832810,0.295930,0.000000,3568.498570,4.613158
53.410000,0.000000,245.569084,0.000000,0.832810,0.295930,0.000000,3568.498570,4.613158
53.420000,0.000000,245.569084,0.000000,0.832810,0.295930,0.000000,3568.498570,4.613158
53.430000,0.000000,245.569084,0.000000,0.832810,0.295930,0.000000,3568.498570,4.613158
53.440000,0.000000,245.569084,0.000000,0.832810,0.295930,0.000000,3568.498570,4.613158
53.450000,0.000000,245.569084,0.000000,0.832810,0.295930,0.000000,3568.498570,4.613158
53.460000,0.000000,245.569084,0.000000,0.832810,0.295930,0.000000,3568.498570,4.613158
53.470000,0.000000,245.569084,0.000000,0.832810,0.295930,0.000000,3568.498570,4.613158
53.480000,0.000000,245.569084,0.000000,0.832810,0.295930,0.000000,3568.498570,4.613158
53.490000,0.000000,245.569084,0.000000,0.832810,0.295930,0.000000,3568.498570,4.613158
53.500000,0.000000,245.569084,0.000000,0.832810,0.295930,0.000000,3568.498570,4.613158
53.510000,0.000000,245.569084,0.000000,0.832810,0.295930,0.000000,3568.498570,4.613158
53.520000,0.000000,245.569084,0.000000,0.832810,0.295930,0.000000,3568.498570,4.613158
53.530000,0.000000,245.569084,0.000000,0.832810,0.295930,0.000000,3568.498570,4.613158
53.540000,0.000000,245.569084,0.000000,0.832810,0.295930,0.000000,3568.498570,4.613158
53.550000,0.000000,245.569084,0.000000,0.832810,0.295930,0.000000,3568.498570,4.613158
53.560000,0.000000,245.569084,0.000000,0.832810,0.295930,0.000000,3568.498570,4.613158
53.570000,0.000000,245.569084,0.000000,0.832810,0.295930,0.000000,3568.498570,4.613158
53.580000,0.000000,245.569084,0.000000,0.832810,0.295930,0.000000,3568.498570,4.613158
53.590000,0.000000,245.569084,0.000000,0.832810,0.295930,0.000000,3568.498570,4.613158
53.600000,0.000000,245.569084,0.000000,0.832810,0.295930,0.000000,3568.498570,4.613158
53.610000,0.000000,245.569084,0.000000,0.832810,0.295930,0.000000,3568.498570,4.613158
53.620000,0.000000,245.569084,0.000000,0.832810,0.295930,0.000000,3568.498570,4.613158
53.630000,0.000000,245.569084,0.000000,0.832810,0.295930,0.000000,3568.498570,4.613158
53.640000,0.000000,245.569084,0.000000,0.832810,0.295930,0.000000,3568.498570,4.613158
53.650000,0.000000,245.569084,0.000000,0.832810,0.295930,0.000000,3568.498570,4.613158
53.660000,0.000000,245.569084,0.000000,0.832810,0.295930,0.000000,3568.498570,4.613158
53.670000,0.000000,245.569084,0.000000,0.832810,0.295930,0.000000,3568.498570,4.613158
53.680000,0.000000,245.569084,0.000000,0.832810,0.295930,0.000000,3568.498570,4.613158
53.690000,0.000000,245.569084,0.000000,0.832810,0.295930,0.000000,3568.498570,4.613158
53.700000,0.000000,245.569084,0.000000,0.832810,0.295930,0.000000,3568.498570,4.613158
53.710000,0.000000,245.569084,0.000000,0.832810,0.295930,0.000000,3568.498570,4.613158
53.720000,0.000000,245.569084,0.000000,0.832810,0.295930,0.000000,3568.498570,4.613158
53.730000,0.000000,245.569084,0.000000,0.832810,0.295930,0.000000,3568.498570,4.613158
53.740000,0.000000,245.569084,0.000000,0.832810,0.295930,0.000000,3568.498570,4.613158
53.750000,0.000000,245.569084,0.000000,0.832810,0.295930,0.000000,3568.498570,4.613158
53.760000,0.000000,245.569084,0.000000,0.832810,0.295930,0.000000,3568.498570,4.613158
53.770000,0.000000,245.569084,0.000000,0.832810,0.295930,0.000000,3568.498570,4.613158
53.780000,0.000000,245.569084,0.000000,0.832810,0.295930,0.000000,3568.498570,4.613158
53.790000,0.000000,245.569084,0.000000,0.832810,0.295930,0.000000,3568.498570,4.613158
53.800000,0.000000,245.569084,0.000000,0.832810,0.295930,0.000000,3568.498570,4.613158
53.810000,0.000000,245.569084,0.000000,0.832810,0.295930,0.000000,3568.498570,4.613158
53.820000,0.000000,245.569084,0.000000,0.832810,0.295930,0.000000,3568.498570,4.613158
53.830000,0.000000,245.569084,0.000000,0.832810,0.295930,0.000000,3568.498570,4.613158
53.840000,0.000000,245.569084,0.000000,0.832810,0.295930,0.000000,3568.498570,4.613158
53.850000,0.000000,245.569084,0.000000,0.832810,0.295930,0.000000,3568.498570,4.613158
53.860000,0.000000,245.569084,0.000000,0.832810,0.295930,0.000000,3568.498570,4.613158
53.870000,0.000000,245.569084,0.000000,0.832810,0.295930,0.000000,3568.498570,4.613158
53.880000,0.000000,245.569084,0.000000,0.832810,0.295930,0.000000,3568.498570,4.613158
53.890000,0.000000,245.569084,0.000000,0.832810,0.295930,0.000000,3568.498570,4.613158
53.900000,0.000000,245.569084,0.000000,0.832810,0.295930,0.000000,3568.498570,4.613158
53.910000,0.000000,245.569084,0.000000,0.832810,0.295930,0.000000,3568.498570,4.613158
53.920000,0.000000,245.569084,0.000000,0.832810,0.295930,0.000000,3568.498570,4.613158
53.930000,0.000000,245.569084,0.000000,0.832810,0.295930,0.000000,3568.498570,4.613158
53.940000,0.000000,245.569084,0.000000,0.832810,0.295930,0.000000,3568.498570,4.613158
53.950000,0.000000,245.569084,0.000000,0.832810,0.295930,0.000000,3568.498570,4.613158
53.960000,0.000000,245.569084,0.000000,0.832810,0.295930,0.000000,3568.498570,4.613158
53.970000,0.000000,245.569084,0.000000,0.832810,0.295930,0.000000,3568.498570,4.613158
53.980000,0.000000,245.569084,0.000000,0.832810,0.295930,0.000000,3568.498570,4.613158
53.990000,0.000000,245.569084,0.000000,0.832810,0.295930,0.000000,3568.498570,4.613158
54.000000,0.000000,245.569084,0.000000,0.832810,0.295930,0.000000,3568.498570,4.613158
54.010000,0.000000,245.569084,0.000000,0.832810,0.295930,0.000000,3568.498570,4.613158
54.020000,0.000000,245.569084,0.000000,0.832810,0.295930,0.000000,3568.498570,4.613158
54.030000,0.000000,245.569084,0.000000,0.832810,0.295930,0.000000,3568.498570,4.613158
54.040000,0.000000,245.569084,0.000000,0.832810,0.295930,0.000000,3568.498570,4.613158
54.050000,0.000000,245.569084,0.000000,0.832810,0.295930,0.000000,3568.498570,4.613158
54.060000,0.000000,245.569084,0.000000,0.832810,0.295930,0.000000,3568.498570,4.613158
54.070000,0.000000,245.569084,0.000000,0.832810,0.295930,0.000000,3568.498570,4.613158
54.080000,0.000000,245.569084,0.000000,0.832810,0.295930,0.000000,3568.498570,4.613158
54.090000,0.000000,245.569084,0.000000,0.832810,0.295930,0.000000,3568.498570,4.613158
54.100000,0.000000,245.569084,0.000000,0.832810,0.295930,0.000000,3568.498570,4.613158
54.110000,0.000000,245.569084,0.000000,0.832810,0.295930,0.000000,3568.498570,4.613158
54.120000,0.000000,245.569084,0.000000,0.832810,0.295930,0.000000,3568.498570,4.613158
54.130000,0.000000,245.569084,0.000000,0.832810,0.295930,0.000000,3568.498570,4.613158
54.140000,0.000000,245.569084,0.000000,0.832810,0.295930,0.000000,3568.498570,4.613158
54.150000,0.000000,245.569084,0.000000,0.832810,0.295930,0.000000,3568.498570,4.613158
54.160000,0.000000,245.569084,0.000000,0.832810,0.295930,0.000000,3568.498570,4.613158
54.170000,0.000000,245.569084,0.000000,0.832810,0.295930,0.000000,3568.498570,4.613158
54.180000,0.000000,245.569084,0.000000,0.832810,0.295930,0.000000,3568.498570,4.613158
54.190000,0.000000,245.569084,0.000000,0.832810,0.295930,0.000000,3568.498570,4.613158
54.200000,0.000000,245.569084,0.000000,0.832810,0.295930,0.000000,3568.498570,4.613158
54.210000,0.000000,245.569084,0.000000,0.832810,0.295930,0.000000,3568.498570,4.613158
54.220000,0.000000,245.569084,0.000000,0.832810,0.295930,0.000000,3568.498570,4.613158
54.230000,0.000000,245.569084,0.000000,0.832810,0.295930,0.000000,3568.498570,4.613158
54.240000,0.000000,245.569084,0.000000,0.832810,0.295930,0.000000,3568.498570,4.613158
54.250000,0.000000,245.569084,0.000000,0.832810,0.295930,0.000000,3568.498570,4.613158
54.260000,0.000000,245.569084,0.000000,0.832810,0.295930,0.000000,3568.498570,4.613158
54.270000,0.000000,245.569084,0.000000,0.832810,0.295930,0.000000,3568.498570,4.613158
54.280000,0.000000,245.569084,0.000000,0.832810,0.295930,0.000000,3568.498570,4.613158
54.290000,0.000000,245.569084,0.000000,0.832810,0.295930,0.000000,3568.498570,4.613158
54.300000,0.000000,245.569084,0.000000,0.832810,0.295930,0.000000,3568.498570,4.613158
54.310000,0.000000,245.569084,0.000000,0.832810,0.295930,0.000000,3568.498570,4.613158
54.320000,0.000000,245.569084,0.000000,0.832810,0.295930,0.000000,3568.498570,4.613158
54.330000,0.000000,245.569084,0.000000,0.832810,0.295930,0.000000,3568.498570,4.613158
54.340000,0.000000,245.569084,0.000000,0.832810,0.295930,0.000000,3568.498570,4.613158
54.350000,0.000000,245.569084,0.000000,0.832810,0.295930,0.000000,3568.498570,4.613158
54.360000,0.000000,245.569084,0.000000,0.832810,0.295930,0.000000,3568.498570,4.613158
54.370000,0.000000,245.569084,0.000000,0.832810,0.295930,0.000000,3568.498570,4.613158
54.380000,0.000000,245.569084,0.000000,0.832810,0.295930,0.000000,3568.498570,4.613158
54.390000,0.000000,245.569084,0.000000,0.832810,0.295930,0.000000,3568.498570,4.613158
54.400000,0.000000,245.569084,0.000000,0.832810,0.295930,0.000000,3568.498570,4.613158
54.410000,0.000000,245.569084,0.000000,0.832810,0.295930,0.000000,3568.498570,4.613158
54.420000,0.000000,245.569084,0.000000,0.832810,0.295930,0.000000,3568.498570,4.613158
54.430000,0.000000,245.569084,0.000000,0.832810,0.295930,0.000000,3568.498570,4.613158
54.440000,0.000000,245.569084,0.000000,0.832810,0.295930,0.000000,3568.498570,4.613158
54.450000,0.000000,245.569084,0.000000,0.832810,0.295930,0.000000,3568.498570,4.613158
54.460000,0.000000,245.569084,0.000000,0.832810,0.295930,0.000000,3568.498570,4.613158
54.470000,0.000000,245.569084,0.000000,0.832810,0.295930,0.000000,3568.498570,4.613158
54.480000,0.000000,245.569084,0.000000,0.832810,0.295930,0.000000,3568.498570,4.613158
54.490000,0.000000,245.569084,0.000000,0.832810,0.295930,0.000000,3568.498570,4.613158
54.500000,0.000000,245.569084,0.000000,0.832810,0.295930,0.000000,3568.498570,4.613158
54.510000,0.000000,245.569084,0.000000,0.832810,0.295930,0.000000,3568.498570,4.613158
54.520000,0.000000,245.569084,0.000000,0.832810,0.295930,0.000000,3568.498570,4.613158
54.530000,0.000000,245.569084,0.000000,0.832810,0.295930,0.000000,3568.498570,4.613158
54.540000,0.000000,245.569084,0.000000,0.832810,0.295930,0.000000,3568.498570,4.613158
54.550000,0.000000,245.569084,0.000000,0.832810,0.295930,0.000000,3568.498570,4.613158
54.560000,0.000000,245.569084,0.000000,0.832810,0.295930,0.000000,3568.498570,4.613158
54.570000,0.000000,245.569084,0.000000,0.832810,0.295930,0.000000,3568.498570,4.613158
54.580000,0.000000,245.569084,0.000000,0.832810,0.295930,0.000000,3568.498570,4.613158
54.590000,0.000000,245.569084,0.000000,0.832810,0.295930,0.000000,3568.498570,4.613158
54.600000,0.000000,245.569084,0.000000,0.832810,0.295930,0.000000,3568.498570,4.613158
54.610000,0.000000,245.569084,0.000000,0.832810,0.295930,0.000000,3568.498570,4.613158
54.620000,0.000000,245.569084,0.000000,0.832810,0.295930,0.000000,3568.498570,4.613158
54.630000,0.000000,245.569084,0.000000,0.832810,0.295930,0.000000,3568.498570,4.613158
54.640000,0.000000,245.569084,0.000000,0.832810,0.295930,0.000000,3568.498570,4.613158
54.650000,0.000000,245.569084,0.000000,0.832810,0.295930,0.000000,3568.498570,4.613158
54.660000,0.000000,245.569084,0.000000,0.832810,0.295930,0.000000,3568.498570,4.613158
54.670000,0.000000,245.569084,0.000000,0.832810,0.295930,0.000000,3568.498570,4.613158
54.680000,0.000000,245.569084,0.000000,0.832810,0.295930,0.000000,3568.498570,4.613158
54.690000,0.000000,245.569084,0.000000,0.832810,0.295930,0.000000,3568.498570,4.613158
54.700000,0.000000,245.569084,0.000000,0.832810,0.295930,0.000000,3568.498570,4.613158
54.710000,0.000000,245.569084,0.000000,0.832810,0.295930,0.000000,3568.498570,4.613158
54.720000,0.000000,245.569084,0.000000,0.832810,0.295930,0.000000,3568.498570,4.613158
54.730000,0.000000,245.569084,0.000000,0.832810,0.295930,0.000000,3568.498570,4.613158
54.740000,0.000000,245.569084,0.000000,0.832810,0.295930,0.000000,3568.498570,4.613158
54.750000,0.000000,245.569084,0.000000,0.832810,0.295930,0.000000,3568.498570,4.613158
54.760000,0.000000,245.569084,0.000000,0.832810,0.295930,0.000000,3568.498570,4.613158
54.770000,0.000000,245.569084,0.000000,0.832810,0.295930,0.000000,3568.498570,4.613158
54.780000,0.000000,245.569084,0.000000,0.832810,0.295930,0.000000,3568.498570,4.613158
54.790000,0.000000,245.569084,0.000000,0.832810,0.295930,0.000000,3568.498570,4.613158
54.800000,0.000000,245.569084,0.000000,0.832810,0.295930,0.000000,3568.498570,4.613158
54.810000,0.000000,245.569084,0.000000,0.832810,0.295930,0.000000,3568.498570,4.613158
54.820000,0.000000,245.569084,0.000000,0.832810,0.295930,0.000000,3568.498570,4.613158
54.830000,0.000000,245.569084,0.000000,0.832810,0.295930,0.000000,3568.498570,4.613158
54.840000,0.000000,245.569084,0.000000,0.832810,0.295930,0.000000,3568.498570,4.613158
54.850000,0.000000,245.569084,0.000000,0.832810,0.295930,0.000000,3568.498570,4.613158
54.860000,0.000000,245.569084,0.000000,0.832810,0.295930,0.000000,3568.498570,4.613158
54.870000,0.000000,245.569084,0.000000,0.832810,0.295930,0.000000,3568.498570,4.613158
54.880000,0.000000,245.569084,0.000000,0.832810,0.295930,0.000000,3568.498570,4.613158
54.890000,0.000000,245.569084,0.000000,0.832810,0.295930,0.000000,3568.498570,4.613158
54.900000,0.000000,245.569084,0.000000,0.832810,0.295930,0.000000,3568.498570,4.613158
54.910000,0.000000,245.569084,0.000000,0.832810,0.295930,0.000000,3568.498570,4.613158
54.920000,0.000000,245.569084,0.000000,0.832810,0.295930,0.000000,3568.498570,4.613158
54.930000,0.000000,245.569084,0.000000,0.832810,0.295930,0.000000,3568.498570,4.613158
54.940000,0.000000,245.569084,0.000000,0.832810,0.295930,0.000000,3568.498570,4.613158
54.950000,0.000000,245.569084,0.000000,0.832810,0.295930,0.000000,3568.498570,4.613158
54.960000,0.000000,245.569084,0.000000,0.832810,0.295930,0.000000,3568.498570,4.613158
54.970000,0.000000,245.569084,0.000000,0.832810,0.295930,0.000000,3568.498570,4.613158
54.980000,0.000000,245.569084,0.000000,0.832810,0.295930,0.000000,3568.498570,4.613158
54.990000,0.000000,245.569084,0.000000,0.832810,0.295930,0.000000,3568.498570,4.613158
55.000000,0.000000,245.569084,0.000000,0.832810,0.295930,0.000000,3568.498570,4.613158
55.010000,0.000000,245.569084,0.000000,0.832810,0.295930,0.000000,3568.498570,4.613158
55.020000,0.000000,245.569084,0.000000,0.832810,0.295930,0.000000,3568.498570,4.613158
55.030000,0.000000,245.569084,0.000000,0.832810,0.295930,0.000000,3568.498570,4.613158
55.040000,0.000000,245.569084,0.000000,0.832810,0.295930,0.000000,3568.498570,4.613158
55.050000,0.000000,245.569084,0.000000,0.832810,0.295930,0.000000,3568.498570,4.613158
55.060000,0.000000,245.569084,0.000000,0.832810,0.295930,0.000000,3568.498570,4.613158
55.070000,0.000000,245.569084,0.000000,0.832810,0.295930,0.000000,3568.498570,4.613158
55.080000,0.000000,245.569084,0.000000,0.832810,0.295930,0.000000,3568.498570,4.613158
55.090000,0.000000,245.569084,0.000000,0.832810,0.295930,0.000000,3568.498570,4.613158
55.100000,0.000000,245.569084,0.000000,0.832810,0.295930,0.000000,3568.498570,4.613158
55.110000,0.000000,245.569084,0.000000,0.832810,0.295930,0.000000,3568.498570,4.613158
55.120000,0.000000,245.569084,0.000000,0.832810,0.295930,0.000000,3568.498570,4.613158
55.130000,0.000000,245.569084,0.000000,0.832810,0.295930,0.000000,3568.498570,4.613158
55.140000,0.000000,245.569084,0.000000,0.832810,0.295930,0.000000,3568.498570,4.613158
55.150000,0.000000,245.569084,0.000000,0.832810,0.295930,0.000000,3568.498570,4.613158
55.160000,0.000000,245.569084,0.000000,0.832810,0.295930,0.000000,3568.498570,4.613158
55.170000,0.000000,245.569084,0.000000,0.832810,0.295930,0.000000,3568.498570,4.613158
55.180000,0.000000,245.569084,0.000000,0.832810,0.295930,0.000000,3568.498570,4.613158
55.190000,0.000000,245.569084,0.000000,0.832810,0.295930,0.000000,3568.498570,4.613158
55.200000,0.000000,245.569084,0.000000,0.832810,0.295930,0.000000,3568.498570,4.613158
55.210000,0.000000,245.569084,0.000000,0.832810,0.295930,0.000000,3568.498570,4.613158
55.220000,0.000000,245.569084,0.000000,0.832810,0.295930,0.000000,3568.498570,4.613158
55.230000,0.000000,245.569084,0.000000,0.832810,0.295930,0.000000,3568.498570,4.613158
55.240000,0.000000,245.569084,0.000000,0.832810,0.295930,0.000000,3568.498570,4.613158
55.250000,0.000000,245.569084,0.000000,0.832810,0.295930,0.000000,3568.498570,4.613158
55.260000,0.000000,245.569084,0.000000,0.832810,0.295930,0.000000,3568.498570,4.613158
55.270000,0.000000,245.569084,0.000000,0.832810,0.295930,0.000000,3568.498570,4.613158
55.280000,0.000000,245.569084,0.000000,0.832810,0.295930,0.000000,3568.498570,4.613158
55.290000,0.000000,245.569084,0.000000,0.832810,0.295930,0.000000,3568.498570,4.613158
55.300000,0.000000,245.569084,0.000000,0.832810,0.295930,0.000000,3568.498570,4.613158
55.310000,0.000000,245.569084,0.000000,0.832810,0.295930,0.000000,3568.498570,4.613158
55.320000,0.000000,245.569084,0.000000,0.832810,0.295930,0.000000,3568.498570,4.613158
55.330000,0.000000,245.569084,0.000000,0.832810,0.295930,0.000000,3568.498570,4.613158
55.340000,0.000000,245.569084,0.000000,0.832810,0.295930,0.000000,3568.498570,4.613158
55.350000,0.000000,245.569084,0.000000,0.832810,0.295930,0.000000,3568.498570,4.613158
55.360000,0.000000,245.569084,0.000000,0.832810,0.295930,0.000000,3568.498570,4.613158
55.370000,0.000000,245.569084,0.000000,0.832810,0.295930,0.000000,3568.498570,4.613158
55.380000,0.000000,245.569084,0.000000,0.832810,0.295930,0.000000,3568.498570,4.613158
55.390000,0.000000,245.569084,0.000000,0.832810,0.295930,0.000000,3568.498570,4.613158
55.400000,0.000000,245.569084,0.000000,0.832810,0.295930,0.000000,3568.498570,4.613158
55.410000,0.000000,245.569084,0.000000,0.832810,0.295930,0.000000,3568.498570,4.613158
55.420000,0.000000,245.569084,0.000000,0.832810,0.295930,0.000000,3568.498570,4.613158
55.430000,0.000000,245.569084,0.000000,0.832810,0.295930,0.000000,3568.498570,4.613158
55.440000,0.000000,245.569084,0.000000,0.832810,0.295930,0.000000,3568.498570,4.613158
55.450000,0.000000,245.569084,0.000000,0.832810,0.295930,0.000000,3568.498570,4.613158
55.460000,0.000000,245.569084,0.000000,0.832810,0.295930,0.000000,3568.498570,4.613158
55.470000,0.000000,245.569084,0.000000,0.832810,0.295930,0.000000,3568.498570,4.613158
55.480000,0.000000,245.569084,0.000000,0.832810,0.295930,0.000000,3568.498570,4.613158
55.490000,0.000000,245.569084,0.000000,0.832810,0.295930,0.000000,3568.498570,4.613158
55.500000,0.000000,245.569084,0.000000,0.832810,0.295930,0.000000,3568.498570,4.613158
55.510000,0.000000,245.569084,0.000000,0.832810,0.295930,0.000000,3568.498570,4.613158
55.520000,0.000000,245.569084,0.000000,0.832810,0.295930,0.000000,3568.498570,4.613158
55.530000,0.000000,245.569084,0.000000,0.832810,0.295930,0.000000,3568.498570,4.613158
55.540000,0.000000,245.569084,0.000000,0.832810,0.295930,0.000000,3568.498570,4.613158
55.550000,0.000000,245.569084,0.000000,0.832810,0.295930,0.000000,3568.498570,4.613158
55.560000,0.000000,245.569084,0.000000,0.832810,0.295930,0.000000,3568.498570,4.613158
55.570000,0.000000,245.569084,0.000000,0.832810,0.295930,0.000000,3568.498570,4.613158
55.580000,0.000000,245.569084,0.000000,0.832810,0.295930,0.000000,3568.498570,4.613158
55.590000,0.000000,245.569084,0.000000,0.832810,0.295930,0.000000,3568.498570,4.613158
55.600000,0.000000,245.569084,0.000000,0.832810,0.295930,0.000000,3568.498570,4.613158
55.610000,0.000000,245.569084,0.000000,0.832810,0.295930,0.000000,3568.498570,4.613158
55.620000,0.000000,245.569084,0.000000,0.832810,0.295930,0.000000,3568.498570,4.613158
55.630000,0.000000,245.569084,0.000000,0.832810,0.295930,0.000000,3568.498570,4.613158
55.640000,0.000000,245.569084,0.000000,0.832810,0.295930,0.000000,3568.498570,4.613158
55.650000,0.000000,245.569084,0.000000,0.832810,0.295930,0.000000,3568.498570,4.613158
55.660000,0.000000,245.569084,0.000000,0.832810,0.295930,0.000000,3568.498570,4.613158
55.670000,0.000000,245.569084,0.000000,0.832810,0.295930,0.000000,3568.498570,4.613158
55.680000,0.000000,245.569084,0.000000,0.832810,0.295930,0.000000,3568.498570,4.613158
55.690000,0.000000,245.569084,0.000000,0.832810,0.295930,0.000000,3568.498570,4.613158
55.700000,0.000000,245.569084,0.000000,0.832810,0.295930,0.000000,3568.498570,4.613158
55.710000,0.000000,245.569084,0.000000,0.832810,0.295930,0.000000,3568.498570,4.613158
55.720000,0.000000,245.569084,0.000000,0.832810,0.295930,0.000000,3568.498570,4.613158
55.730000,0.000000,245.569084,0.000000,0.832810,0.295930,0.000000,3568.498570,4.613158
55.740000,0.000000,245.569084,0.000000,0.832810,0.295930,0.000000,3568.498570,4.613158
55.750000,0.000000,245.569084,0.000000,0.832810,0.295930,0.000000,3568.498570,4.613158
55.760000,0.000000,245.569084,0.000000,0.832810,0.295930,0.000000,3568.498570,4.613158
55.770000,0.000000,245.569084,0.000000,0.832810,0.295930,0.000000,3568.498570,4.613158
55.780000,0.000000,245.569084,0.000000,0.832810,0.295930,0.000000,3568.498570,4.613158
55.790000,0.000000,245.569084,0.000000,0.832810,0.295930,0.000000,3568.498570,4.613158
55.800000,0.000000,245.569084,0.000000,0.832810,0.295930,0.000000,3568.498570,4.613158
55.810000,0.000000,245.569084,0.000000,0.832810,0.295930,0.000000,3568.498570,4.613158
55.820000,0.000000,245.569084,0.000000,0.832810,0.295930,0.000000,3568.498570,4.613158
55.830000,0.000000,245.569084,0.000000,0.832810,0.295930,0.000000,3568.498570,4.613158
55.840000,0.000000,245.569084,0.000000,0.832810,0.295930,0.000000,3568.498570,4.613158
55.850000,0.000000,245.569084,0.000000,0.832810,0.295930,0.000000,3568.498570,4.613158
55.860000,0.000000,245.569084,0.000000,0.832810,0.295930,0.000000,3568.498570,4.613158
55.870000,0.000000,245.569084,0.000000,0.832810,0.295930,0.000000,3568.498570,4.613158
55.880000,0.000000,245.569084,0.000000,0.832810,0.295930,0.000000,3568.498570,4.613158
55.890000,0.000000,245.569084,0.000000,0.832810,0.295930,0.000000,3568.498570,4.613158
55.900000,0.000000,245.569084,0.000000,0.832810,0.295930,0.000000,3568.498570,4.613158
55.910000,0.000000,245.569084,0.000000,0.832810,0.295930,0.000000,3568.498570,4.613158
55.920000,0.000000,245.569084,0.000000,0.832810,0.295930,0.000000,3568.498570,4.613158
55.930000,0.000000,245.569084,0.000000,0.832810,0.295930,0.000000,3568.498570,4.613158
55.940000,0.000000,245.569084,0.000000,0.832810,0.295930,0.000000,3568.498570,4.613158
55.950000,0.000000,245.569084,0.000000,0.832810,0.295930,0.000000,3568.498570,4.613158
55.960000,0.000000,245.569084,0.000000,0.832810,0.295930,0.000000,3568.498570,4.613158
55.970000,0.000000,245.569084,0.000000,0.832810,0.295930,0.000000,3568.498570,4.613158
55.980000,0.000000,245.569084,0.000000,0.832810,0.295930,0.000000,3568.498570,4.613158
55.990000,0.000000,245.569084,0.000000,0.832810,0.295930,0.000000,3568.498570,4.613158
56.000000,0.000000,245.569084,0.000000,0.832810,0.295930,0.000000,3568.498570,4.613158
56.010000,0.000000,245.569084,0.000000,0.832810,0.295930,0.000000,3568.498570,4.613158
56.020000,0.000000,245.569084,0.000000,0.832810,0.295930,0.000000,3568.498570,4.613158
56.030000,0.000000,245.569084,0.000000,0.832810,0.295930,0.000000,3568.498570,4.613158
56.040000,0.000000,245.569084,0.000000,0.832810,0.295930,0.000000,3568.498570,4.613158
56.050000,0.000000,245.569084,0.000000,0.832810,0.295930,0.000000,3568.498570,4.613158
56.060000,0.000000,245.569084,0.000000,0.832810,0.295930,0.000000,3568.498570,4.613158
56.070000,0.000000,245.569084,0.000000,0.832810,0.295930,0.000000,3568.498570,4.613158
56.080000,0.000000,245.569084,0.000000,0.832810,0.295930,0.000000,3568.498570,4.613158
56.090000,0.000000,245.569084,0.000000,0.832810,0.295930,0.000000,3568.498570,4.613158
56.100000,0.000000,245.569084,0.000000,0.832810,0.295930,0.000000,3568.498570,4.613158
56.110000,0.000000,245.569084,0.000000,0.832810,0.295930,0.000000,3568.498570,4.613158
56.120000,0.000000,245.569084,0.000000,0.832810,0.295930,0.000000,3568.498570,4.613158
56.130000,0.000000,245.569084,0.000000,0.832810,0.295930,0.000000,3568.498570,4.613158
56.140000,0.000000,245.569084,0.000000,0.832810,0.295930,0.000000,3568.498570,4.613158
56.150000,0.000000,245.569084,0.000000,0.832810,0.295930,0.000000,3568.498570,4.613158
56.160000,0.000000,245.569084,0.000000,0.832810,0.295930,0.000000,3568.498570,4.613158
56.170000,0.000000,245.569084,0.000000,0.832810,0.295930,0.000000,3568.498570,4.613158
56.180000,0.000000,245.569084,0.000000,0.832810,0.295930,0.000000,3568.498570,4.613158
56.190000,0.000000,245.569084,0.000000,0.832810,0.295930,0.000000,3568.498570,4.613158
56.200000,0.000000,245.569084,0.000000,0.832810,0.295930,0.000000,3568.498570,4.613158
56.210000,0.000000,245.569084,0.000000,0.832810,0.295930,0.000000,3568.498570,4.613158
56.220000,0.000000,245.569084,0.000000,0.832810,0.295930,0.000000,3568.498570,4.613158
56.230000,0.000000,245.569084,0.000000,0.832810,0.295930,0.000000,3568.498570,4.613158
56.240000,0.000000,245.569084,0.000000,0.832810,0.295930,0.000000,3568.498570,4.613158
56.250000,0.000000,245.569084,0.000000,0.832810,0.295930,0.000000,3568.498570,4.613158
56.260000,0.000000,245.569084,0.000000,0.832810,0.295930,0.000000,3568.498570,4.613158
56.270000,0.000000,245.569084,0.000000,0.832810,0.295930,0.000000,3568.498570,4.613158
56.280000,0.000000,245.569084,0.000000,0.832810,0.295930,0.000000,3568.498570,4.613158
56.290000,0.000000,245.569084,0.000000,0.832810,0.295930,0.000000,3568.498570,4.613158
56.300000,0.000000,245.569084,0.000000,0.832810,0.295930,0.000000,3568.498570,4.613158
56.310000,0.000000,245.569084,0.000000,0.832810,0.295930,0.000000,3568.498570,4.613158
56.320000,0.000000,245.569084,0.000000,0.832810,0.295930,0.000000,3568.498570,4.613158
56.330000,0.000000,245.569084,0.000000,0.832810,0.295930,0.000000,3568.498570,4.613158
56.340000,0.000000,245.569084,0.000000,0.832810,0.295930,0.000000,3568.498570,4.613158
56.350000,0.000000,245.569084,0.000000,0.832810,0.295930,0.000000,3568.498570,4.613158
56.360000,0.000000,245.569084,0.000000,0.832810,0.295930,0.000000,3568.498570,4.613158
56.370000,0.000000,245.569084,0.000000,0.832810,0.295930,0.000000,3568.498570,4.613158
56.380000,0.000000,245.569084,0.000000,0.832810,0.295930,0.000000,3568.498570,4.613158
56.390000,0.000000,245.569084,0.000000,0.832810,0.295930,0.000000,3568.498570,4.613158
56.400000,0.000000,245.569084,0.000000,0.832810,0.295930,0.000000,3568.498570,4.613158
56.410000,0.000000,245.569084,0.000000,0.832810,0.295930,0.000000,3568.498570,4.613158
56.420000,0.000000,245.569084,0.000000,0.832810,0.295930,0.000000,3568.498570,4.613158
56.430000,0.000000,245.569084,0.000000,0.832810,0.295930,0.000000,3568.498570,4.613158
56.440000,0.000000,245.569084,0.000000,0.832810,0.295930,0.000000,3568.498570,4.613158
56.450000,0.000000,245.569084,0.000000,0.832810,0.295930,0.000000,3568.498570,4.613158
56.460000,0.000000,245.569084,0.000000,0.832810,0.295930,0.000000,3568.498570,4.613158
56.470000,0.000000,245.569084,0.000000,0.832810,0.295930,0.000000,3568.498570,4.613158
56.480000,0.000000,245.569084,0.000000,0.832810,0.295930,0.000000,3568.498570,4.613158
56.490000,0.000000,245.569084,0.000000,0.832810,0.295930,0.000000,3568.498570,4.613158
56.500000,0.000000,245.569084,0.000000,0.832810,0.295930,0.000000,3568.498570,4.613158
56.510000,0.000000,245.569084,0.000000,0.832810,0.295930,0.000000,3568.498570,4.613158
56.520000,0.000000,245.569084,0.000000,0.832810,0.295930,0.000000,3568.498570,4.613158
56.530000,0.000000,245.569084,0.000000,0.832810,0.295930,0.000000,3568.498570,4.613158
56.540000,0.000000,245.569084,0.000000,0.832810,0.295930,0.000000,3568.498570,4.613158
56.550000,0.000000,245.569084,0.000000,0.832810,0.295930,0.000000,3568.498570,4.613158
56.560000,0.000000,245.569084,0.000000,0.832810,0.295930,0.000000,3568.498570,4.613158
56.570000,0.000000,245.569084,0.000000,0.832810,0.295930,0.000000,3568.498570,4.613158
56.580000,0.000000,245.569084,0.000000,0.832810,0.295930,0.000000,3568.498570,4.613158
56.590000,0.000000,245.569084,0.000000,0.832810,0.295930,0.000000,3568.498570,4.613158
56.600000,0.000000,245.569084,0.000000,0.832810,0.295930,0.000000,3568.498570,4.613158
56.610000,0.000000,245.569084,0.000000,0.832810,0.295930,0.000000,3568.498570,4.613158
56.620000,0.000000,245.569084,0.000000,0.832810,0.295930,0.000000,3568.498570,4.613158
56.630000,0.000000,245.569084,0.000000,0.832810,0.295930,0.000000,3568.498570,4.613158
56.640000,0.000000,245.569084,0.000000,0.832810,0.295930,0.000000,3568.498570,4.613158
56.650000,0.000000,245.569084,0.000000,0.832810,0.295930,0.000000,3568.498570,4.613158
56.660000,0.000000,245.569084,0.000000,0.832810,0.295930,0.000000,3568.498570,4.613158
56.670000,0.000000,245.569084,0.000000,0.832810,0.295930,0.000000,3568.498570,4.613158
56.680000,0.000000,245.569084,0.000000,0.832810,0.295930,0.000000,3568.498570,4.613158
56.690000,0.000000,245.569084,0.000000,0.832810,0.295930,0.000000,3568.498570,4.613158
56.700000,0.000000,245.569084,0.000000,0.832810,0.295930,0.000000,3568.498570,4.613158
56.710000,0.000000,245.569084,0.000000,0.832810,0.295930,0.000000,3568.498570,4.613158
56.720000,0.000000,245.569084,0.000000,0.832810,0.295930,0.000000,3568.498570,4.613158
56.730000,0.000000,245.569084,0.000000,0.832810,0.295930,0.000000,3568.498570,4.613158
56.740000,0.000000,245.569084,0.000000,0.832810,0.295930,0.000000,3568.498570,4.613158
56.750000,0.000000,245.569084,0.000000,0.832810,0.295930,0.000000,3568.498570,4.613158
56.760000,0.000000,245.569084,0.000000,0.832810,0.295930,0.000000,3568.498570,4.613158
56.770000,0.000000,245.569084,0.000000,0.832810,0.295930,0.000000,3568.498570,4.613158
56.780000,0.000000,245.569084,0.000000,0.832810,0.295930,0.000000,3568.498570,4.613158
56.790000,0.000000,245.569084,0.000000,0.832810,0.295930,0.000000,3568.498570,4.613158
56.800000,0.000000,245.569084,0.000000,0.832810,0.295930,0.000000,3568.498570,4.613158
56.810000,0.000000,245.569084,0.000000,0.832810,0.295930,0.000000,3568.498570,4.613158
56.820000,0.000000,245.569084,0.000000,0.832810,0.295930,0.000000,3568.498570,4.613158
56.830000,0.000000,245.569084,0.000000,0.832810,0.295930,0.000000,3568.498570,4.613158
56.840000,0.000000,245.569084,0.000000,0.832810,0.295930,0.000000,3568.498570,4.613158
56.850000,0.000000,245.569084,0.000000,0.832810,0.295930,0.000000,3568.498570,4.613158
56.860000,0.000000,245.569084,0.000000,0.832810,0.295930,0.000000,3568.498570,4.613158
56.870000,0.000000,245.569084,0.000000,0.832810,0.295930,0.000000,3568.498570,4.613158
56.880000,0.000000,245.569084,0.000000,0.832810,0.295930,0.000000,3568.498570,4.613158
56.890000,0.000000,245.569084,0.000000,0.832810,0.295930,0.000000,3568.498570,4.613158
56.900000,0.000000,245.569084,0.000000,0.832810,0.295930,0.000000,3568.498570,4.613158
56.910000,0.000000,245.569084,0.000000,0.832810,0.295930,0.000000,3568.498570,4.613158
56.920000,0.000000,245.569084,0.000000,0.832810,0.295930,0.000000,3568.498570,4.613158
56.930000,0.000000,245.569084,0.000000,0.832810,0.295930,0.000000,3568.498570,4.613158
56.940000,0.000000,245.569084,0.000000,0.832810,0.295930,0.000000,3568.498570,4.613158
56.950000,0.000000,245.569084,0.000000,0.832810,0.295930,0.000000,3568.498570,4.613158
56.960000,0.000000,245.569084,0.000000,0.832810,0.295930,0.000000,3568.498570,4.613158
56.970000,0.000000,245.569084,0.000000,0.832810,0.295930,0.000000,3568.498570,4.613158
56.980000,0.000000,245.569084,0.000000,0.832810,0.295930,0.000000,3568.498570,4.613158
56.990000,0.000000,245.569084,0.000000,0.832810,0.295930,0.000000,3568.498570,4.613158
57.000000,0.000000,245.569084,0.000000,0.832810,0.295930,0.000000,3568.498570,4.613158
57.010000,0.000000,245.569084,0.000000,0.832810,0.295930,0.000000,3568.498570,4.613158
57.020000,0.000000,245.569084,0.000000,0.832810,0.295930,0.000000,3568.498570,4.613158
57.030000,0.000000,245.569084,0.000000,0.832810,0.295930,0.000000,3568.498570,4.613158
57.040000,0.000000,245.569084,0.000000,0.832810,0.295930,0.000000,3568.498570,4.613158
57.050000,0.000000,245.569084,0.000000,0.832810,0.295930,0.000000,3568.498570,4.613158
57.060000,0.000000,245.569084,0.000000,0.832810,0.295930,0.000000,3568.498570,4.613158
57.070000,0.000000,245.569084,0.000000,0.832810,0.295930,0.000000,3568.498570,4.613158
57.080000,0.000000,245.569084,0.000000,0.832810,0.295930,0.000000,3568.498570,4.613158
57.090000,0.000000,245.569084,0.000000,0.832810,0.295930,0.000000,3568.498570,4.613158
57.100000,0.000000,245.569084,0.000000,0.832810,0.295930,0.000000,3568.498570,4.613158
57.110000,0.000000,245.569084,0.000000,0.832810,0.295930,0.000000,3568.498570,4.613158
57.120000,0.000000,245.569084,0.000000,0.832810,0.295930,0.000000,3568.498570,4.613158
57.130000,0.000000,245.569084,0.000000,0.832810,0.295930,0.000000,3568.498570,4.613158
57.140000,0.000000,245.569084,0.000000,0.832810,0.295930,0.000000,3568.498570,4.613158
57.150000,0.000000,245.569084,0.000000,0.832810,0.295930,0.000000,3568.498570,4.613158
57.160000,0.000000,245.569084,0.000000,0.832810,0.295930,0.000000,3568.498570,4.613158
57.170000,0.000000,245.569084,0.000000,0.832810,0.295930,0.000000,3568.498570,4.613158
57.180000,0.000000,245.569084,0.000000,0.832810,0.295930,0.000000,3568.498570,4.613158
57.190000,0.000000,245.569084,0.000000,0.832810,0.295930,0.000000,3568.498570,4.613158
57.200000,0.000000,245.569084,0.000000,0.832810,0.295930,0.000000,3568.498570,4.613158
57.210000,0.000000,245.569084,0.000000,0.832810,0.295930,0.000000,3568.498570,4.613158
57.220000,0.000000,245.569084,0.000000,0.832810,0.295930,0.000000,3568.498570,4.613158
57.230000,0.000000,245.569084,0.000000,0.832810,0.295930,0.000000,3568.498570,4.613158
57.240000,0.000000,245.569084,0.000000,0.832810,0.295930,0.000000,3568.498570,4.613158
57.250000,0.000000,245.569084,0.000000,0.832810,0.295930,0.000000,3568.498570,4.613158
57.260000,0.000000,245.569084,0.000000,0.832810,0.295930,0.000000,3568.498570,4.613158
57.270000,0.000000,245.569084,0.000000,0.832810,0.295930,0.000000,3568.498570,4.613158
57.280000,0.000000,245.569084,0.000000,0.832810,0.295930,0.000000,3568.498570,4.613158
57.290000,0.000000,245.569084,0.000000,0.832810,0.295930,0.000000,3568.498570,4.613158
57.300000,0.000000,245.569084,0.000000,0.832810,0.295930,0.000000,3568.498570,4.613158
57.310000,0.000000,245.569084,0.000000,0.832810,0.295930,0.000000,3568.498570,4.613158
57.320000,0.000000,245.569084,0.000000,0.832810,0.295930,0.000000,3568.498570,4.613158
57.330000,0.000000,245.569084,0.000000,0.832810,0.295930,0.000000,3568.498570,4.613158
57.340000,0.000000,245.569084,0.000000,0.832810,0.295930,0.000000,3568.498570,4.613158
57.350000,0.000000,245.569084,0.000000,0.832810,0.295930,0.000000,3568.498570,4.613158
57.360000,0.000000,245.569084,0.000000,0.832810,0.295930,0.000000,3568.498570,4.613158
57.370000,0.000000,245.569084,0.000000,0.832810,0.295930,0.000000,3568.498570,4.613158
57.380000,0.000000,245.569084,0.000000,0.832810,0.295930,0.000000,3568.498570,4.613158
57.390000,0.000000,245.569084,0.000000,0.832810,0.295930,0.000000,3568.498570,4.613158
57.400000,0.000000,245.569084,0.000000,0.832810,0.295930,0.000000,3568.498570,4.613158
57.410000,0.000000,245.569084,0.000000,0.832810,0.295930,0.000000,3568.498570,4.613158
57.420000,0.000000,245.569084,0.000000,0.832810,0.295930,0.000000,3568.498570,4.613158
57.430000,0.000000,245.569084,0.000000,0.832810,0.295930,0.000000,3568.498570,4.613158
57.440000,0.000000,245.569084,0.000000,0.832810,0.295930,0.000000,3568.498570,4.613158
57.450000,0.000000,245.569084,0.000000,0.832810,0.295930,0.000000,3568.498570,4.613158
57.460000,0.000000,245.569084,0.000000,0.832810,0.295930,0.000000,3568.498570,4.613158
57.470000,0.000000,245.569084,0.000000,0.832810,0.295930,0.000000,3568.498570,4.613158
57.480000,0.000000,245.569084,0.000000,0.832810,0.295930,0.000000,3568.498570,4.613158
57.490000,0.000000,245.569084,0.000000,0.832810,0.295930,0.000000,3568.498570,4.613158
57.500000,0.000000,245.569084,0.000000,0.832810,0.295930,0.000000,3568.498570,4.613158
57.510000,0.000000,245.569084,0.000000,0.832810,0.295930,0.000000,3568.498570,4.613158
57.520000,0.000000,245.569084,0.000000,0.832810,0.295930,0.000000,3568.498570,4.613158
57.530000,0.000000,245.569084,0.000000,0.832810,0.295930,0.000000,3568.498570,4.613158
57.540000,0.000000,245.569084,0.000000,0.832810,0.295930,0.000000,3568.498570,4.613158
57.550000,0.000000,245.569084,0.000000,0.832810,0.295930,0.000000,3568.498570,4.613158
57.560000,0.000000,245.569084,0.000000,0.832810,0.295930,0.000000,3568.498570,4.613158
57.570000,0.000000,245.569084,0.000000,0.832810,0.295930,0.000000,3568.498570,4.613158
57.580000,0.000000,245.569084,0.000000,0.832810,0.295930,0.000000,3568.498570,4.613158
57.590000,0.000000,245.569084,0.000000,0.832810,0.295930,0.000000,3568.498570,4.613158
57.600000,0.000000,245.569084,0.000000,0.832810,0.295930,0.000000,3568.498570,4.613158
57.610000,0.000000,245.569084,0.000000,0.832810,0.295930,0.000000,3568.498570,4.613158
57.620000,0.000000,245.569084,0.000000,0.832810,0.295930,0.000000,3568.498570,4.613158
57.630000,0.000000,245.569084,0.000000,0.832810,0.295930,0.000000,3568.498570,4.613158
57.640000,0.000000,245.569084,0.000000,0.832810,0.295930,0.000000,3568.498570,4.613158
57.650000,0.000000,245.569084,0.000000,0.832810,0.295930,0.000000,3568.498570,4.613158
57.660000,0.000000,245.569084,0.000000,0.832810,0.295930,0.000000,3568.498570,4.613158
57.670000,0.000000,245.569084,0.000000,0.832810,0.295930,0.000000,3568.498570,4.613158
57.680000,0.000000,245.569084,0.000000,0.832810,0.295930,0.000000,3568.498570,4.613158
57.690000,0.000000,245.569084,0.000000,0.832810,0.295930,0.000000,3568.498570,4.613158
57.700000,0.000000,245.569084,0.000000,0.832810,0.295930,0.000000,3568.498570,4.613158
57.710000,0.000000,245.569084,0.000000,0.832810,0.295930,0.000000,3568.498570,4.613158
57.720000,0.000000,245.569084,0.000000,0.832810,0.295930,0.000000,3568.498570,4.613158
57.730000,0.000000,245.569084,0.000000,0.832810,0.295930,0.000000,3568.498570,4.613158
57.740000,0.000000,245.569084,0.000000,0.832810,0.295930,0.000000,3568.498570,4.613158
57.750000,0.000000,245.569084,0.000000,0.832810,0.295930,0.000000,3568.498570,4.613158
57.760000,0.000000,245.569084,0.000000,0.832810,0.295930,0.000000,3568.498570,4.613158
57.770000,0.000000,245.569084,0.000000,0.832810,0.295930,0.000000,3568.498570,4.613158
57.780000,0.000000,245.569084,0.000000,0.832810,0.295930,0.000000,3568.498570,4.613158
57.790000,0.000000,245.569084,0.000000,0.832810,0.295930,0.000000,3568.498570,4.613158
57.800000,0.000000,245.569084,0.000000,0.832810,0.295930,0.000000,3568.498570,4.613158
57.810000,0.000000,245.569084,0.000000,0.832810,0.295930,0.000000,3568.498570,4.613158
57.820000,0.000000,245.569084,0.000000,0.832810,0.295930,0.000000,3568.498570,4.613158
57.830000,0.000000,245.569084,0.000000,0.832810,0.295930,0.000000,3568.498570,4.613158
57.840000,0.000000,245.569084,0.000000,0.832810,0.295930,0.000000,3568.498570,4.613158
57.850000,0.000000,245.569084,0.000000,0.832810,0.295930,0.000000,3568.498570,4.613158
57.860000,0.000000,245.569084,0.000000,0.832810,0.295930,0.000000,3568.498570,4.613158
57.870000,0.000000,245.569084,0.000000,0.832810,0.295930,0.000000,3568.498570,4.613158
57.880000,0.000000,245.569084,0.000000,0.832810,0.295930,0.000000,3568.498570,4.613158
57.890000,0.000000,245.569084,0.000000,0.832810,0.295930,0.000000,3568.498570,4.613158
57.900000,0.000000,245.569084,0.000000,0.832810,0.295930,0.000000,3568.498570,4.613158
57.910000,0.000000,245.569084,0.000000,0.832810,0.295930,0.000000,3568.498570,4.613158
57.920000,0.000000,245.569084,0.000000,0.832810,0.295930,0.000000,3568.498570,4.613158
57.930000,0.000000,245.569084,0.000000,0.832810,0.295930,0.000000,3568.498570,4.613158
57.940000,0.000000,245.569084,0.000000,0.832810,0.295930,0.000000,3568.498570,4.613158
57.950000,0.000000,245.569084,0.000000,0.832810,0.295930,0.000000,3568.498570,4.613158
57.960000,0.000000,245.569084,0.000000,0.832810,0.295930,0.000000,3568.498570,4.613158
57.970000,0.000000,245.569084,0.000000,0.832810,0.295930,0.000000,3568.498570,4.613158
57.980000,0.000000,245.569084,0.000000,0.832810,0.295930,0.000000,3568.498570,4.613158
57.990000,0.000000,245.569084,0.000000,0.832810,0.295930,0.000000,3568.498570,4.613158
58.000000,0.000000,245.569084,0.000000,0.832810,0.295930,0.000000,3568.498570,4.613158
58.010000,0.000000,245.569084,0.000000,0.832810,0.295930,0.000000,3568.498570,4.613158
58.020000,0.000000,245.569084,0.000000,0.832810,0.295930,0.000000,3568.498570,4.613158
58.030000,0.000000,245.569084,0.000000,0.832810,0.295930,0.000000,3568.498570,4.613158
58.040000,0.000000,245.569084,0.000000,0.832810,0.295930,0.000000,3568.498570,4.613158
58.050000,0.000000,245.569084,0.000000,0.832810,0.295930,0.000000,3568.498570,4.613158
58.060000,0.000000,245.569084,0.000000,0.832810,0.295930,0.000000,3568.498570,4.613158
58.070000,0.000000,245.569084,0.000000,0.832810,0.295930,0.000000,3568.498570,4.613158
58.080000,0.000000,245.569084,0.000000,0.832810,0.295930,0.000000,3568.498570,4.613158
58.090000,0.000000,245.569084,0.000000,0.832810,0.295930,0.000000,3568.498570,4.613158
58.100000,0.000000,245.569084,0.000000,0.832810,0.295930,0.000000,3568.498570,4.613158
58.110000,0.000000,245.569084,0.000000,0.832810,0.295930,0.000000,3568.498570,4.613158
58.120000,0.000000,245.569084,0.000000,0.832810,0.295930,0.000000,3568.498570,4.613158
58.130000,0.000000,245.569084,0.000000,0.832810,0.295930,0.000000,3568.498570,4.613158
58.140000,0.000000,245.569084,0.000000,0.832810,0.295930,0.000000,3568.498570,4.613158
58.150000,0.000000,245.569084,0.000000,0.832810,0.295930,0.000000,3568.498570,4.613158
58.160000,0.000000,245.569084,0.000000,0.832810,0.295930,0.000000,3568.498570,4.613158
58.170000,0.000000,245.569084,0.000000,0.832810,0.295930,0.000000,3568.498570,4.613158
58.180000,0.000000,245.569084,0.000000,0.832810,0.295930,0.000000,3568.498570,4.613158
58.190000,0.000000,245.569084,0.000000,0.832810,0.295930,0.000000,3568.498570,4.613158
58.200000,0.000000,245.569084,0.000000,0.832810,0.295930,0.000000,3568.498570,4.613158
58.210000,0.000000,245.569084,0.000000,0.832810,0.295930,0.000000,3568.498570,4.613158
58.220000,0.000000,245.569084,0.000000,0.832810,0.295930,0.000000,3568.498570,4.613158
58.230000,0.000000,245.569084,0.000000,0.832810,0.295930,0.000000,3568.498570,4.613158
58.240000,0.000000,245.569084,0.000000,0.832810,0.295930,0.000000,3568.498570,4.613158
58.250000,0.000000,245.569084,0.000000,0.832810,0.295930,0.000000,3568.498570,4.613158
58.260000,0.000000,245.569084,0.000000,0.832810,0.295930,0.000000,3568.498570,4.613158
58.270000,0.000000,245.569084,0.000000,0.832810,0.295930,0.000000,3568.498570,4.613158
58.280000,0.000000,245.569084,0.000000,0.832810,0.295930,0.000000,3568.498570,4.613158
58.290000,0.000000,245.569084,0.000000,0.832810,0.295930,0.000000,3568.498570,4.613158
58.300000,0.000000,245.569084,0.000000,0.832810,0.295930,0.000000,3568.498570,4.613158
58.310000,0.000000,245.569084,0.000000,0.832810,0.295930,0.000000,3568.498570,4.613158
58.320000,0.000000,245.569084,0.000000,0.832810,0.295930,0.000000,3568.498570,4.613158
58.330000,0.000000,245.569084,0.000000,0.832810,0.295930,0.000000,3568.498570,4.613158
58.340000,0.000000,245.569084,0.000000,0.832810,0.295930,0.000000,3568.498570,4.613158
58.350000,0.000000,245.569084,0.000000,0.832810,0.295930,0.000000,3568.498570,4.613158
58.360000,0.000000,245.569084,0.000000,0.832810,0.295930,0.000000,3568.498570,4.613158
58.370000,0.000000,245.569084,0.000000,0.832810,0.295930,0.000000,3568.498570,4.613158
58.380000,0.000000,245.569084,0.000000,0.832810,0.295930,0.000000,3568.498570,4.613158
58.390000,0.000000,245.569084,0.000000,0.832810,0.295930,0.000000,3568.498570,4.613158
58.400000,0.000000,245.569084,0.000000,0.832810,0.295930,0.000000,3568.498570,4.613158
58.410000,0.000000,245.569084,0.000000,0.832810,0.295930,0.000000,3568.498570,4.613158
58.420000,0.000000,245.569084,0.000000,0.832810,0.295930,0.000000,3568.498570,4.613158
58.430000,0.000000,245.569084,0.000000,0.832810,0.295930,0.000000,3568.498570,4.613158
58.440000,0.000000,245.569084,0.000000,0.832810,0.295930,0.000000,3568.498570,4.613158
58.450000,0.000000,245.569084,0.000000,0.832810,0.295930,0.000000,3568.498570,4.613158
58.460000,0.000000,245.569084,0.000000,0.832810,0.295930,0.000000,3568.498570,4.613158
58.470000,0.000000,245.569084,0.000000,0.832810,0.295930,0.000000,3568.498570,4.613158
58.480000,0.000000,245.569084,0.000000,0.832810,0.295930,0.000000,3568.498570,4.613158
58.490000,0.000000,245.569084,0.000000,0.832810,0.295930,0.000000,3568.498570,4.613158
58.500000,0.000000,245.569084,0.000000,0.832810,0.295930,0.000000,3568.498570,4.613158
58.510000,0.000000,245.569084,0.000000,0.832810,0.295930,0.000000,3568.498570,4.613158
58.520000,0.000000,245.569084,0.000000,0.832810,0.295930,0.000000,3568.498570,4.613158
58.530000,0.000000,245.569084,0.000000,0.832810,0.295930,0.000000,3568.498570,4.613158
58.540000,0.000000,245.569084,0.000000,0.832810,0.295930,0.000000,3568.498570,4.613158
58.550000,0.000000,245.569084,0.000000,0.832810,0.295930,0.000000,3568.498570,4.613158
58.560000,0.000000,245.569084,0.000000,0.832810,0.295930,0.000000,3568.498570,4.613158
58.570000,0.000000,245.569084,0.000000,0.832810,0.295930,0.000000,3568.498570,4.613158
58.580000,0.000000,245.569084,0.000000,0.832810,0.295930,0.000000,3568.498570,4.613158
58.590000,0.000000,245.569084,0.000000,0.832810,0.295930,0.000000,3568.498570,4.613158
58.600000,0.000000,245.569084,0.000000,0.832810,0.295930,0.000000,3568.498570,4.613158
58.610000,0.000000,245.569084,0.000000,0.832810,0.295930,0.000000,3568.498570,4.613158
58.620000,0.000000,245.569084,0.000000,0.832810,0.295930,0.000000,3568.498570,4.613158
58.630000,0.000000,245.569084,0.000000,0.832810,0.295930,0.000000,3568.498570,4.613158
58.640000,0.000000,245.569084,0.000000,0.832810,0.295930,0.000000,3568.498570,4.613158
58.650000,0.000000,245.569084,0.000000,0.832810,0.295930,0.000000,3568.498570,4.613158
58.660000,0.000000,245.569084,0.000000,0.832810,0.295930,0.000000,3568.498570,4.613158
58.670000,0.000000,245.569084,0.000000,0.832810,0.295930,0.000000,3568.498570,4.613158
58.680000,0.000000,245.569084,0.000000,0.832810,0.295930,0.000000,3568.498570,4.613158
58.690000,0.000000,245.569084,0.000000,0.832810,0.295930,0.000000,3568.498570,4.613158
58.700000,0.000000,245.569084,0.000000,0.832810,0.295930,0.000000,3568.498570,4.613158
58.710000,0.000000,245.569084,0.000000,0.832810,0.295930,0.000000,3568.498570,4.613158
58.720000,0.000000,245.569084,0.000000,0.832810,0.295930,0.000000,3568.498570,4.613158
58.730000,0.000000,245.569084,0.000000,0.832810,0.295930,0.000000,3568.498570,4.613158
58.740000,0.000000,245.569084,0.000000,0.832810,0.295930,0.000000,3568.498570,4.613158
58.750000,0.000000,245.569084,0.000000,0.832810,0.295930,0.000000,3568.498570,4.613158
58.760000,0.000000,245.569084,0.000000,0.832810,0.295930,0.000000,3568.498570,4.613158
58.770000,0.000000,245.569084,0.000000,0.832810,0.295930,0.000000,3568.498570,4.613158
58.780000,0.000000,245.569084,0.000000,0.832810,0.295930,0.000000,3568.498570,4.613158
58.790000,0.000000,245.569084,0.000000,0.832810,0.295930,0.000000,3568.498570,4.613158
58.800000,0.000000,245.569084,0.000000,0.832810,0.295930,0.000000,3568.498570,4.613158
58.810000,0.000000,245.569084,0.000000,0.832810,0.295930,0.000000,3568.498570,4.613158
58.820000,0.000000,245.569084,0.000000,0.832810,0.295930,0.000000,3568.498570,4.613158
58.830000,0.000000,245.569084,0.000000,0.832810,0.295930,0.000000,3568.498570,4.613158
58.840000,0.000000,245.569084,0.000000,0.832810,0.295930,0.000000,3568.498570,4.613158
58.850000,0.000000,245.569084,0.000000,0.832810,0.295930,0.000000,3568.498570,4.613158
58.860000,0.000000,245.569084,0.000000,0.832810,0.295930,0.000000,3568.498570,4.613158
58.870000,0.000000,245.569084,0.000000,0.832810,0.295930,0.000000,3568.498570,4.613158
58.880000,0.000000,245.569084,0.000000,0.832810,0.295930,0.000000,3568.498570,4.613158
58.890000,0.000000,245.569084,0.000000,0.832810,0.295930,0.000000,3568.498570,4.613158
58.900000,0.000000,245.569084,0.000000,0.832810,0.295930,0.000000,3568.498570,4.613158
58.910000,0.000000,245.569084,0.000000,0.832810,0.295930,0.000000,3568.498570,4.613158
58.920000,0.000000,245.569084,0.000000,0.832810,0.295930,0.000000,3568.498570,4.613158
58.930000,0.000000,245.569084,0.000000,0.832810,0.295930,0.000000,3568.498570,4.613158
58.940000,0.000000,245.569084,0.000000,0.832810,0.295930,0.000000,3568.498570,4.613158
58.950000,0.000000,245.569084,0.000000,0.832810,0.295930,0.000000,3568.498570,4.613158
58.960000,0.000000,245.569084,0.000000,0.832810,0.295930,0.000000,3568.498570,4.613158
58.970000,0.000000,245.569084,0.000000,0.832810,0.295930,0.000000,3568.498570,4.613158
58.980000,0.000000,245.569084,0.000000,0.832810,0.295930,0.000000,3568.498570,4.613158
58.990000,0.000000,245.569084,0.000000,0.832810,0.295930,0.000000,3568.498570,4.613158
59.000000,0.000000,245.569084,0.000000,0.832810,0.295930,0.000000,3568.498570,4.613158
59.010000,0.000000,245.569084,0.000000,0.832810,0.295930,0.000000,3568.498570,4.613158
59.020000,0.000000,245.569084,0.000000,0.832810,0.295930,0.000000,3568.498570,4.613158
59.030000,0.000000,245.569084,0.000000,0.832810,0.295930,0.000000,3568.498570,4.613158
59.040000,0.000000,245.569084,0.000000,0.832810,0.295930,0.000000,3568.498570,4.613158
59.050000,0.000000,245.569084,0.000000,0.832810,0.295930,0.000000,3568.498570,4.613158
59.060000,0.000000,245.569084,0.000000,0.832810,0.295930,0.000000,3568.498570,4.613158
59.070000,0.000000,245.569084,0.000000,0.832810,0.295930,0.000000,3568.498570,4.613158
59.080000,0.000000,245.569084,0.000000,0.832810,0.295930,0.000000,3568.498570,4.613158
59.090000,0.000000,245.569084,0.000000,0.832810,0.295930,0.000000,3568.498570,4.613158
59.100000,0.000000,245.569084,0.000000,0.832810,0.295930,0.000000,3568.498570,4.613158
59.110000,0.000000,245.569084,0.000000,0.832810,0.295930,0.000000,3568.498570,4.613158
59.120000,0.000000,245.569084,0.000000,0.832810,0.295930,0.000000,3568.498570,4.613158
59.130000,0.000000,245.569084,0.000000,0.832810,0.295930,0.000000,3568.498570,4.613158
59.140000,0.000000,245.569084,0.000000,0.832810,0.295930,0.000000,3568.498570,4.613158
59.150000,0.000000,245.569084,0.000000,0.832810,0.295930,0.000000,3568.498570,4.613158
59.160000,0.000000,245.569084,0.000000,0.832810,0.295930,0.000000,3568.498570,4.613158
59.170000,0.000000,245.569084,0.000000,0.832810,0.295930,0.000000,3568.498570,4.613158
59.180000,0.000000,245.569084,0.000000,0.832810,0.295930,0.000000,3568.498570,4.613158
59.190000,0.000000,245.569084,0.000000,0.832810,0.295930,0.000000,3568.498570,4.613158
59.200000,0.000000,245.569084,0.000000,0.832810,0.295930,0.000000,3568.498570,4.613158
59.210000,0.000000,245.569084,0.000000,0.832810,0.295930,0.000000,3568.498570,4.613158
59.220000,0.000000,245.569084,0.000000,0.832810,0.295930,0.000000,3568.498570,4.613158
59.230000,0.000000,245.569084,0.000000,0.832810,0.295930,0.000000,3568.498570,4.613158
59.240000,0.000000,245.569084,0.000000,0.832810,0.295930,0.000000,3568.498570,4.613158
59.250000,0.000000,245.569084,0.000000,0.832810,0.295930,0.000000,3568.498570,4.613158
59.260000,0.000000,245.569084,0.000000,0.832810,0.295930,0.000000,3568.498570,4.613158
59.270000,0.000000,245.569084,0.000000,0.832810,0.295930,0.000000,3568.498570,4.613158
59.280000,0.000000,245.569084,0.000000,0.832810,0.295930,0.000000,3568.498570,4.613158
59.290000,0.000000,245.569084,0.000000,0.832810,0.295930,0.000000,3568.498570,4.613158
59.300000,0.000000,245.569084,0.000000,0.832810,0.295930,0.000000,3568.498570,4.613158
59.310000,0.000000,245.569084,0.000000,0.832810,0.295930,0.000000,3568.498570,4.613158
59.320000,0.000000,245.569084,0.000000,0.832810,0.295930,0.000000,3568.498570,4.613158
59.330000,0.000000,245.569084,0.000000,0.832810,0.295930,0.000000,3568.498570,4.613158
59.340000,0.000000,245.569084,0.000000,0.832810,0.295930,0.000000,3568.498570,4.613158
59.350000,0.000000,245.569084,0.000000,0.832810,0.295930,0.000000,3568.498570,4.613158
59.360000,0.000000,245.569084,0.000000,0.832810,0.295930,0.000000,3568.498570,4.613158
59.370000,0.000000,245.569084,0.000000,0.832810,0.295930,0.000000,3568.498570,4.613158
59.380000,0.000000,245.569084,0.000000,0.832810,0.295930,0.000000,3568.498570,4.613158
59.390000,0.000000,245.569084,0.000000,0.832810,0.295930,0.000000,3568.498570,4.613158
59.400000,0.000000,245.569084,0.000000,0.832810,0.295930,0.000000,3568.498570,4.613158
59.410000,0.000000,245.569084,0.000000,0.832810,0.295930,0.000000,3568.498570,4.613158
59.420000,0.000000,245.569084,0.000000,0.832810,0.295930,0.000000,3568.498570,4.613158
59.430000,0.000000,245.569084,0.000000,0.832810,0.295930,0.000000,3568.498570,4.613158
59.440000,0.000000,245.569084,0.000000,0.832810,0.295930,0.000000,3568.498570,4.613158
59.450000,0.000000,245.569084,0.000000,0.832810,0.295930,0.000000,3568.498570,4.613158
59.460000,0.000000,245.569084,0.000000,0.832810,0.295930,0.000000,3568.498570,4.613158
59.470000,0.000000,245.569084,0.000000,0.832810,0.295930,0.000000,3568.498570,4.613158
59.480000,0.000000,245.569084,0.000000,0.832810,0.295930,0.000000,3568.498570,4.613158
59.490000,0.000000,245.569084,0.000000,0.832810,0.295930,0.000000,3568.498570,4.613158
59.500000,0.000000,245.569084,0.000000,0.832810,0.295930,0.000000,3568.498570,4.613158
59.510000,0.000000,245.569084,0.000000,0.832810,0.295930,0.000000,3568.498570,4.613158
59.520000,0.000000,245.569084,0.000000,0.832810,0.295930,0.000000,3568.498570,4.613158
59.530000,0.000000,245.569084,0.000000,0.832810,0.295930,0.000000,3568.498570,4.613158
59.540000,0.000000,245.569084,0.000000,0.832810,0.295930,0.000000,3568.498570,4.613158
59.550000,0.000000,245.569084,0.000000,0.832810,0.295930,0.000000,3568.498570,4.613158
59.560000,0.000000,245.569084,0.000000,0.832810,0.295930,0.000000,3568.498570,4.613158
59.570000,0.000000,245.569084,0.000000,0.832810,0.295930,0.000000,3568.498570,4.613158
59.580000,0.000000,245.569084,0.000000,0.832810,0.295930,0.000000,3568.498570,4.613158
59.590000,0.000000,245.569084,0.000000,0.832810,0.295930,0.000000,3568.498570,4.613158
59.600000,0.000000,245.569084,0.000000,0.832810,0.295930,0.000000,3568.498570,4.613158
59.610000,0.000000,245.569084,0.000000,0.832810,0.295930,0.000000,3568.498570,4.613158
59.620000,0.000000,245.569084,0.000000,0.832810,0.295930,0.000000,3568.498570,4.613158
59.630000,0.000000,245.569084,0.000000,0.832810,0.295930,0.000000,3568.498570,4.613158
59.640000,0.000000,245.569084,0.000000,0.832810,0.295930,0.000000,3568.498570,4.613158
59.650000,0.000000,245.569084,0.000000,0.832810,0.295930,0.000000,3568.498570,4.613158
59.660000,0.000000,245.569084,0.000000,0.832810,0.295930,0.000000,3568.498570,4.613158
59.670000,0.000000,245.569084,0.000000,0.832810,0.295930,0.000000,3568.498570,4.613158
59.680000,0.000000,245.569084,0.000000,0.832810,0.295930,0.000000,3568.498570,4.613158
59.690000,0.000000,245.569084,0.000000,0.832810,0.295930,0.000000,3568.498570,4.613158
59.700000,0.000000,245.569084,0.000000,0.832810,0.295930,0.000000,3568.498570,4.613158
59.710000,0.000000,245.569084,0.000000,0.832810,0.295930,0.000000,3568.498570,4.613158
59.720000,0.000000,245.569084,0.000000,0.832810,0.295930,0.000000,3568.498570,4.613158
59.730000,0.000000,245.569084,0.000000,0.832810,0.295930,0.000000,3568.498570,4.613158
59.740000,0.000000,245.569084,0.000000,0.832810,0.295930,0.000000,3568.498570,4.613158
59.750000,0.000000,245.569084,0.000000,0.832810,0.295930,0.000000,3568.498570,4.613158
59.760000,0.000000,245.569084,0.000000,0.832810,0.295930,0.000000,3568.498570,4.613158
59.770000,0.000000,245.569084,0.000000,0.832810,0.295930,0.000000,3568.498570,4.613158
59.780000,0.000000,245.569084,0.000000,0.832810,0.295930,0.000000,3568.498570,4.613158
59.790000,0.000000,245.569084,0.000000,0.832810,0.295930,0.000000,3568.498570,4.613158
59.800000,0.000000,245.569084,0.000000,0.832810,0.295930,0.000000,3568.498570,4.613158
59.810000,0.000000,245.569084,0.000000,0.832810,0.295930,0.000000,3568.498570,4.613158
59.820000,0.000000,245.569084,0.000000,0.832810,0.295930,0.000000,3568.498570,4.613158
59.830000,0.000000,245.569084,0.000000,0.832810,0.295930,0.000000,3568.498570,4.613158
59.840000,0.000000,245.569084,0.000000,0.832810,0.295930,0.000000,3568.498570,4.613158
59.850000,0.000000,245.569084,0.000000,0.832810,0.295930,0.000000,3568.498570,4.613158
59.860000,0.000000,245.569084,0.000000,0.832810,0.295930,0.000000,3568.498570,4.613158
59.870000,0.000000,245.569084,0.000000,0.832810,0.295930,0.000000,3568.498570,4.613158
59.880000,0.000000,245.569084,0.000000,0.832810,0.295930,0.000000,3568.498570,4.613158
59.890000,0.000000,245.569084,0.000000,0.832810,0.295930,0.000000,3568.498570,4.613158
59.900000,0.000000,245.569084,0.000000,0.832810,0.295930,0.000000,3568.498570,4.613158
59.910000,0.000000,245.569084,0.000000,0.832810,0.295930,0.000000,3568.498570,4.613158
59.920000,0.000000,245.569084,0.000000,0.832810,0.295930,0.000000,3568.498570,4.613158
59.930000,0.000000,245.569084,0.000000,0.832810,0.295930,0.000000,3568.498570,4.613158
59.940000,0.000000,245.569084,0.000000,0.832810,0.295930,0.000000,3568.498570,4.613158
59.950000,0.000000,245.569084,0.000000,0.832810,0.295930,0.000000,3568.498570,4.613158
59.960000,0.000000,245.569084,0.000000,0.832810,0.295930,0.000000,3568.498570,4.613158
59.970000,0.000000,245.569084,0.000000,0.832810,0.295930,0.000000,3568.498570,4.613158
59.980000,0.000000,245.569084,0.000000,0.832810,0.295930,0.000000,3568.498570,4.613158
59.990000,0.000000,245.569084,0.000000,0.832810,0.295930,0.000000,3568.498570,4.613158
60.000000,0.000000,245.569084,0.000000,0.832810,0.295930,0.000000,3568.498570,4.613158
