t [s],tau_u [N*m],phi [rad],omega [rad/s],theta [rad],h [m],v [m/s],T [N],tau_c [N*m]
0.000000,0.000000,0.000000,0.000000,0.261799,0.103528,0.000000,14644.567369,18.931689
0.010000,0.000000,0.000000,0.000000,0.261799,0.103528,0.000000,14644.567369,18.931689
0.020000,0.000000,0.000000,0.000000,0.261799,0.103528,0.000000,14644.567369,18.931689
0.030000,0.000000,0.000000,0.000000,0.261799,0.103528,0.000000,14644.567369,18.931689
0.040000,0.000000,0.000000,0.000000,0.261799,0.103528,0.000000,14644.567369,18.931689
0.050000,0.000000,0.000000,0.000000,0.261799,0.103528,0.000000,14644.567369,18.931689
0.060000,0.000000,0.000000,0.000000,0.261799,0.103528,0.000000,14644.567369,18.931689
0.070000,0.000000,0.000000,0.000000,0.261799,0.103528,0.000000,14644.567369,18.931689
0.080000,0.000000,0.000000,0.000000,0.261799,0.103528,0.000000,14644.567369,18.931689
0.090000,0.000000,0.000000,0.000000,0.261799,0.103528,0.000000,14644.567369,18.931689
0.100000,0.000000,0.000000,0.000000,0.261799,0.103528,0.000000,14644.567369,18.931689
0.110000,0.000000,0.000000,0.000000,0.261799,0.103528,0.000000,14644.567369,18.931689
0.120000,0.000000,0.000000,0.000000,0.261799,0.103528,0.000000,14644.567369,18.931689
0.130000,0.000000,0.000000,0.000000,0.261799,0.103528,0.000000,14644.567369,18.931689
0.140000,0.000000,0.000000,0.000000,0.261799,0.103528,0.000000,14644.567369,18.931689
0.150000,0.000000,0.000000,0.000000,0.261799,0.103528,0.000000,14644.567369,18.931689
0.160000,0.000000,0.000000,0.000000,0.261799,0.103528,0.000000,14644.567369,18.931689
0.170000,0.000000,0.000000,0.000000,0.261799,0.103528,0.000000,14644.567369,18.931689
0.180000,0.000000,0.000000,0.000000,0.261799,0.103528,0.000000,14644.567369,18.931689
0.190000,0.000000,0.000000,0.000000,0.261799,0.103528,0.000000,14644.567369,18.931689
0.200000,0.000000,0.000000,0.000000,0.261799,0.103528,0.000000,14644.567369,18.931689
0.210000,0.000000,0.000000,0.000000,0.261799,0.103528,0.000000,14644.567369,18.931689
0.220000,0.000000,0.000000,0.000000,0.261799,0.103528,0.000000,14644.567369,18.931689
0.230000,0.000000,0.000000,0.000000,0.261799,0.103528,0.000000,14644.567369,18.931689
0.240000,0.000000,0.000000,0.000000,0.261799,0.103528,0.000000,14644.567369,18.931689
0.250000,0.000000,0.000000,0.000000,0.261799,0.103528,0.000000,14644.567369,18.931689
0.260000,0.000000,0.000000,0.000000,0.261799,0.103528,0.000000,14644.567369,18.931689
0.270000,0.000000,0.000000,0.000000,0.261799,0.103528,0.000000,14644.567369,18.931689
0.280000,0.000000,0.000000,0.000000,0.261799,0.103528,0.000000,14644.567369,18.931689
0.290000,0.000000,0.000000,0.000000,0.261799,0.103528,0.000000,14644.567369,18.931689
0.300000,0.000000,0.000000,0.000000,0.261799,0.103528,0.000000,14644.567369,18.931689
0.310000,0.000000,0.000000,0.000000,0.261799,0.103528,0.000000,14644.567369,18.931689
0.320000,0.000000,0.000000,0.000000,0.261799,0.103528,0.000000,14644.567369,18.931689
0.330000,0.000000,0.000000,0.000000,0.261799,0.103528,0.000000,14644.567369,18.931689
0.340000,0.000000,0.000000,0.000000,0.261799,0.103528,0.000000,14644.567369,18.931689
0.350000,0.000000,0.000000,0.000000,0.261799,0.103528,0.000000,14644.567369,18.931689
0.360000,0.000000,0.000000,0.000000,0.261799,0.103528,0.000000,14644.567369,18.931689
0.370000,0.000000,0.000000,0.000000,0.261799,0.103528,0.000000,14644.567369,18.931689
0.380000,0.000000,0.000000,0.000000,0.261799,0.103528,0.000000,14644.567369,18.931689
0.390000,0.000000,0.000000,0.000000,0.261799,0.103528,0.000000,14644.567369,18.931689
0.400000,0.000000,0.000000,0.000000,0.261799,0.103528,0.000000,14644.567369,18.931689
0.410000,0.000000,0.000000,0.000000,0.261799,0.103528,0.000000,14644.567369,18.931689
0.420000,0.000000,0.000000,0.000000,0.261799,0.103528,0.000000,14644.567369,18.931689
0.430000,0.000000,0.000000,0.000000,0.261799,0.103528,0.000000,14644.567369,18.931689
0.440000,0.000000,0.000000,0.000000,0.261799,0.103528,0.000000,14644.567369,18.931689
0.450000,0.000000,0.000000,0.000000,0.261799,0.103528,0.000000,14644.567369,18.931689
0.460000,0.000000,0.000000,0.000000,0.261799,0.103528,0.000000,14644.567369,18.931689
0.470000,0.000000,0.000000,0.000000,0.261799,0.103528,0.000000,14644.567369,18.931689
0.480000,0.000000,0.000000,0.000000,0.261799,0.103528,0.000000,14644.567369,18.931689
0.490000,0.000000,0.000000,0.000000,0.261799,0.103528,0.000000,14644.567369,18.931689
0.500000,0.000000,0.000000,0.000000,0.261799,0.103528,0.000000,14644.567369,18.931689
0.510000,0.000000,0.000000,0.000000,0.261799,0.103528,0.000000,14644.567369,18.931689
0.520000,0.000000,0.000000,0.000000,0.261799,0.103528,0.000000,14644.567369,18.931689
0.530000,0.000000,0.000000,0.000000,0.261799,0.103528,0.000000,14644.567369,18.931689
0.540000,0.000000,0.000000,0.000000,0.261799,0.103528,0.000000,14644.567369,18.931689
0.550000,0.000000,0.000000,0.000000,0.261799,0.103528,0.000000,14644.567369,18.931689
0.560000,0.000000,0.000000,0.000000,0.261799,0.103528,0.000000,14644.567369,18.931689
0.570000,0.000000,0.000000,0.000000,0.261799,0.103528,0.000000,14644.567369,18.931689
0.580000,0.000000,0.000000,0.000000,0.261799,0.103528,0.000000,14644.567369,18.931689
0.590000,0.000000,0.000000,0.000000,0.261799,0.103528,0.000000,14644.567369,18.931689
0.600000,0.000000,0.000000,0.000000,0.261799,0.103528,0.000000,14644.567369,18.931689
0.610000,0.000000,0.000000,0.000000,0.261799,0.103528,0.000000,14644.567369,18.931689
0.620000,0.000000,0.000000,0.000000,0.261799,0.103528,0.000000,14644.567369,18.931689
0.630000,0.000000,0.000000,0.000000,0.261799,0.103528,0.000000,14644.567369,18.931689
0.640000,0.000000,0.000000,0.000000,0.261799,0.103528,0.000000,14644.567369,18.931689
0.650000,0.000000,0.000000,0.000000,0.261799,0.103528,0.000000,14644.567369,18.931689
0.660000,0.000000,0.000000,0.000000,0.261799,0.103528,0.000000,14644.567369,18.931689
0.670000,0.000000,0.000000,0.000000,0.261799,0.103528,0.000000,14644.567369,18.931689
0.680000,0.000000,0.000000,0.000000,0.261799,0.103528,0.000000,14644.567369,18.931689
0.690000,0.000000,0.000000,0.000000,0.261799,0.103528,0.000000,14644.567369,18.931689
0.700000,0.000000,0.000000,0.000000,0.261799,0.103528,0.000000,14644.567369,18.931689
0.710000,0.000000,0.000000,0.000000,0.261799,0.103528,0.000000,14644.567369,18.931689
0.720000,0.000000,0.000000,0.000000,0.261799,0.103528,0.000000,14644.567369,18.931689
0.730000,0.000000,0.000000,0.000000,0.261799,0.103528,0.000000,14644.567369,18.931689
0.740000,0.000000,0.000000,0.000000,0.261799,0.103528,0.000000,14644.567369,18.931689
0.750000,0.000000,0.000000,0.000000,0.261799,0.103528,0.000000,14644.567369,18.931689
0.760000,0.000000,0.000000,0.000000,0.261799,0.103528,0.000000,14644.567369,18.931689
0.770000,0.000000,0.000000,0.000000,0.261799,0.103528,0.000000,14644.567369,18.931689
0.780000,0.000000,0.000000,0.000000,0.261799,0.103528,0.000000,14644.567369,18.931689
0.790000,0.000000,0.000000,0.000000,0.261799,0.103528,0.000000,14644.567369,18.931689
0.800000,0.000000,0.000000,0.000000,0.261799,0.103528,0.000000,14644.567369,18.931689
0.810000,0.000000,0.000000,0.000000,0.261799,0.103528,0.000000,14644.567369,18.931689
0.820000,0.000000,0.000000,0.000000,0.261799,0.103528,0.000000,14644.567369,18.931689
0.830000,0.000000,0.000000,0.000000,0.261799,0.103528,0.000000,14644.567369,18.931689
0.840000,0.000000,0.000000,0.000000,0.261799,0.103528,0.000000,14644.567369,18.931689
0.850000,0.000000,0.000000,0.000000,0.261799,0.103528,0.000000,14644.567369,18.931689
0.860000,0.000000,0.000000,0.000000,0.261799,0.103528,0.000000,14644.567369,18.931689
0.870000,0.000000,0.000000,0.000000,0.261799,0.103528,0.000000,14644.567369,18.931689
0.880000,0.000000,0.000000,0.000000,0.261799,0.103528,0.000000,14644.567369,18.931689
0.890000,0.000000,0.000000,0.000000,0.261799,0.103528,0.000000,14644.567369,18.931689
0.900000,0.000000,0.000000,0.000000,0.261799,0.103528,0.000000,14644.567369,18.931689
0.910000,0.000000,0.000000,0.000000,0.261799,0.103528,0.000000,14644.567369,18.931689
0.920000,0.000000,0.000000,0.000000,0.261799,0.103528,0.000000,14644.567369,18.931689
0.930000,0.000000,0.000000,0.000000,0.261799,0.103528,0.000000,14644.567369,18.931689
0.940000,0.000000,0.000000,0.000000,0.261799,0.103528,0.000000,14644.567369,18.931689
0.950000,0.000000,0.000000,0.000000,0.261799,0.103528,0.000000,14644.567369,18.931689
0.960000,0.000000,0.000000,0.000000,0.261799,0.103528,0.000000,14644.567369,18.931689
0.970000,0.000000,0.000000,0.000000,0.261799,0.103528,0.000000,14644.567369,18.931689
0.980000,0.000000,0.000000,0.000000,0.261799,0.103528,0.000000,14644.567369,18.931689
0.990000,0.000000,0.000000,0.000000,0.261799,0.103528,0.000000,14644.567369,18.931689
1.000000,22.000000,0.000000,0.000000,0.261799,0.103528,0.000000,14644.567369,18.931689
1.010000,22.000000,0.015115,1.511483,0.261869,0.103555,0.002693,14640.485532,18.926412
1.020000,22.000000,0.030479,1.536420,0.261940,0.103582,0.002736,14636.339614,18.921052
1.030000,22.000000,0.045873,1.539429,0.262011,0.103609,0.002741,14632.188872,18.915686
1.040000,22.000000,0.061294,1.542116,0.262082,0.103637,0.002745,14628.034184,18.910315
1.050000,22.000000,0.076743,1.544802,0.262153,0.103664,0.002749,14623.875569,18.904939
1.060000,22.000000,0.092217,1.547490,0.262224,0.103692,0.002753,14619.713034,18.899558
1.070000,22.000000,0.107719,1.550180,0.262296,0.103719,0.002757,14615.546584,18.894172
1.080000,22.000000,0.123248,1.552874,0.262367,0.103747,0.002761,14611.376226,18.888781
1.090000,22.000000,0.138804,1.555569,0.262439,0.103775,0.002765,14607.201965,18.883385
1.100000,22.000000,0.154386,1.558267,0.262510,0.103802,0.002769,14603.023808,18.877983
1.110000,22.000000,0.169996,1.560968,0.262582,0.103830,0.002773,14598.841760,18.872577
1.120000,22.000000,0.185633,1.563671,0.262654,0.103858,0.002777,14594.655829,18.867166
1.130000,22.000000,0.201296,1.566377,0.262726,0.103886,0.002781,14590.466019,18.861749
1.140000,22.000000,0.216987,1.569085,0.262798,0.103914,0.002785,14586.272338,18.856328
1.150000,22.000000,0.232705,1.571795,0.262870,0.103941,0.002789,14582.074791,18.850902
1.160000,22.000000,0.248450,1.574508,0.262943,0.103969,0.002793,14577.873384,18.845470
1.170000,22.000000,0.264223,1.577224,0.263015,0.103997,0.002797,14573.668124,18.840034
1.180000,22.000000,0.280022,1.579942,0.263088,0.104025,0.002801,14569.459018,18.834593
1.190000,22.000000,0.295849,1.582663,0.263160,0.104053,0.002805,14565.246071,18.829146
1.200000,22.000000,0.311702,1.585386,0.263233,0.104081,0.002809,14561.029289,18.823695
1.210000,22.000000,0.327584,1.588112,0.263306,0.104110,0.002813,14556.808679,18.818239
1.220000,22.000000,0.343492,1.590840,0.263379,0.104138,0.002817,14552.584248,18.812778
1.230000,22.000000,0.359428,1.593570,0.263452,0.104166,0.002821,14548.356002,18.807312
1.240000,22.000000,0.375391,1.596303,0.263525,0.104194,0.002825,14544.123947,18.801841
1.250000,22.000000,0.391381,1.599039,0.263598,0.104223,0.002829,14539.888089,18.796365
1.260000,22.000000,0.407399,1.601776,0.263672,0.104251,0.002833,14535.648436,18.790884
1.270000,22.000000,0.423444,1.604517,0.263745,0.104279,0.002837,14531.404993,18.785399
1.280000,22.000000,0.439517,1.607260,0.263819,0.104308,0.002841,14527.157767,18.779908
1.290000,22.000000,0.455617,1.610005,0.263892,0.104336,0.002845,14522.906764,18.774413
1.300000,22.000000,0.471744,1.612753,0.263966,0.104365,0.002849,14518.651992,18.768912
1.310000,22.000000,0.487899,1.615503,0.264040,0.104393,0.002853,14514.393456,18.763407
1.320000,22.000000,0.504082,1.618255,0.264114,0.104422,0.002857,14510.131164,18.757897
1.330000,22.000000,0.520292,1.621010,0.264188,0.104450,0.002861,14505.865121,18.752382
1.340000,22.000000,0.536530,1.623768,0.264263,0.104479,0.002865,14501.595335,18.746862
1.350000,22.000000,0.552795,1.626527,0.264337,0.104508,0.002869,14497.321812,18.741338
1.360000,22.000000,0.569088,1.629290,0.264411,0.104536,0.002873,14493.044559,18.735808
1.370000,22.000000,0.585408,1.632054,0.264486,0.104565,0.002877,14488.763583,18.730274
1.380000,22.000000,0.601757,1.634821,0.264560,0.104594,0.002881,14484.478889,18.724735
1.390000,22.000000,0.618132,1.637591,0.264635,0.104623,0.002885,14480.190486,18.719191
1.400000,22.000000,0.634536,1.640363,0.264710,0.104652,0.002889,14475.898379,18.713643
1.410000,22.000000,0.650967,1.643137,0.264785,0.104681,0.002893,14471.602576,18.708089
1.420000,22.000000,0.667427,1.645914,0.264860,0.104710,0.002897,14467.303084,18.702531
1.430000,22.000000,0.683913,1.648693,0.264935,0.104739,0.002901,14462.999908,18.696968
1.440000,22.000000,0.700428,1.651474,0.265010,0.104768,0.002905,14458.693057,18.691401
1.450000,22.000000,0.716971,1.654258,0.265086,0.104797,0.002909,14454.382536,18.685828
1.460000,22.000000,0.733541,1.657044,0.265161,0.104826,0.002914,14450.068353,18.680251
1.470000,22.000000,0.750140,1.659833,0.265237,0.104855,0.002918,14445.750515,18.674669
1.480000,22.000000,0.766766,1.662624,0.265313,0.104884,0.002922,14441.429029,18.669083
1.490000,22.000000,0.783420,1.665417,0.265388,0.104914,0.002926,14437.103902,18.663491
1.500000,22.000000,0.800102,1.668212,0.265464,0.104943,0.002930,14432.775140,18.657895
1.510000,22.000000,0.816812,1.671010,0.265540,0.104972,0.002934,14428.442750,18.652295
1.520000,22.000000,0.833550,1.673811,0.265617,0.105002,0.002938,14424.106741,18.646689
1.530000,22.000000,0.850316,1.676613,0.265693,0.105031,0.002942,14419.767118,18.641079
1.540000,22.000000,0.867111,1.679418,0.265769,0.105061,0.002946,14415.423888,18.635465
1.550000,22.000000,0.883933,1.682226,0.265846,0.105090,0.002950,14411.077060,18.629845
1.560000,22.000000,0.900783,1.685035,0.265922,0.105120,0.002954,14406.726640,18.624221
1.570000,22.000000,0.917662,1.687847,0.265999,0.105149,0.002958,14402.372634,18.618593
1.580000,22.000000,0.934568,1.690661,0.266075,0.105179,0.002962,14398.015051,18.612959
1.590000,22.000000,0.951503,1.693478,0.266152,0.105208,0.002966,14393.653898,18.607322
1.600000,22.000000,0.968466,1.696297,0.266229,0.105238,0.002970,14389.289181,18.601679
1.610000,22.000000,0.985457,1.699118,0.266306,0.105268,0.002974,14384.920907,18.596032
1.620000,22.000000,1.002477,1.701942,0.266384,0.105298,0.002978,14380.549085,18.590380
1.630000,22.000000,1.019524,1.704767,0.266461,0.105328,0.002982,14376.173722,18.584724
1.640000,22.000000,1.036600,1.707596,0.266538,0.105357,0.002986,14371.794824,18.579063
1.650000,22.000000,1.053705,1.710426,0.266616,0.105387,0.002990,14367.412398,18.573398
1.660000,22.000000,1.070837,1.713259,0.266693,0.105417,0.002994,14363.026453,18.567728
1.670000,22.000000,1.087998,1.716093,0.266771,0.105447,0.002998,14358.636996,18.562054
1.680000,22.000000,1.105187,1.718931,0.266849,0.105477,0.003002,14354.244033,18.556375
1.690000,22.000000,1.122405,1.721770,0.266927,0.105507,0.003006,14349.847573,18.550691
1.700000,22.000000,1.139651,1.724612,0.267005,0.105537,0.003010,14345.447622,18.545003
1.710000,22.000000,1.156926,1.727456,0.267083,0.105568,0.003014,14341.044189,18.539311
1.720000,22.000000,1.174229,1.730302,0.267161,0.105598,0.003018,14336.637280,18.533614
1.730000,22.000000,1.191560,1.733150,0.267240,0.105628,0.003022,14332.226903,18.527912
1.740000,22.000000,1.208920,1.736001,0.267318,0.105658,0.003027,14327.813065,18.522206
1.750000,22.000000,1.226309,1.738854,0.267397,0.105689,0.003031,14323.395775,18.516496
1.760000,22.000000,1.243726,1.741709,0.267475,0.105719,0.003035,14318.975038,18.510781
1.770000,22.000000,1.261172,1.744567,0.267554,0.105749,0.003039,14314.550864,18.505061
1.780000,22.000000,1.278646,1.747426,0.267633,0.105780,0.003043,14310.123260,18.499338
1.790000,22.000000,1.296149,1.750288,0.267712,0.105810,0.003047,14305.692232,18.493610
1.800000,22.000000,1.313680,1.753152,0.267791,0.105841,0.003051,14301.257789,18.487877
1.810000,22.000000,1.331240,1.756019,0.267870,0.105871,0.003055,14296.819939,18.482140
1.820000,22.000000,1.348829,1.758887,0.267950,0.105902,0.003059,14292.378688,18.476399
1.830000,22.000000,1.366447,1.761758,0.268029,0.105933,0.003063,14287.934045,18.470653
1.840000,22.000000,1.384093,1.764631,0.268109,0.105963,0.003067,14283.486018,18.464903
1.850000,22.000000,1.401768,1.767506,0.268188,0.105994,0.003071,14279.034613,18.459148
1.860000,22.000000,1.419472,1.770383,0.268268,0.106025,0.003075,14274.579839,18.453389
1.870000,22.000000,1.437205,1.773262,0.268348,0.106055,0.003079,14270.121703,18.447626
1.880000,22.000000,1.454966,1.776144,0.268428,0.106086,0.003083,14265.660214,18.441858
1.890000,22.000000,1.472756,1.779028,0.268508,0.106117,0.003087,14261.195378,18.436086
1.900000,22.000000,1.490576,1.781913,0.268588,0.106148,0.003091,14256.727204,18.430310
1.910000,22.000000,1.508424,1.784802,0.268668,0.106179,0.003095,14252.255699,18.424530
1.920000,22.000000,1.526300,1.787692,0.268749,0.106210,0.003099,14247.780872,18.418745
1.930000,22.000000,1.544206,1.790584,0.268829,0.106241,0.003103,14243.302729,18.412956
1.940000,22.000000,1.562141,1.793479,0.268910,0.106272,0.003107,14238.821280,18.407162
1.950000,22.000000,1.580105,1.796375,0.268990,0.106303,0.003111,14234.336531,18.401365
1.960000,22.000000,1.598098,1.799274,0.269071,0.106334,0.003115,14229.848491,18.395563
1.970000,22.000000,1.616119,1.802175,0.269152,0.106366,0.003119,14225.357168,18.389757
1.980000,22.000000,1.634170,1.805078,0.269233,0.106397,0.003123,14220.862569,18.383946
1.990000,22.000000,1.652250,1.807983,0.269314,0.106428,0.003127,14216.364702,18.378132
2.000000,22.000000,1.670359,1.810890,0.269395,0.106459,0.003132,14211.863576,18.372313
2.010000,22.000000,1.688497,1.813800,0.269477,0.106491,0.003136,14207.359199,18.366490
2.020000,22.000000,1.706664,1.816711,0.269558,0.106522,0.003140,14202.851577,18.360663
2.030000,22.000000,1.724860,1.819625,0.269640,0.106554,0.003144,14198.340720,18.354831
2.040000,22.000000,1.743086,1.822541,0.269721,0.106585,0.003148,14193.826636,18.348996
2.050000,22.000000,1.761340,1.825458,0.269803,0.106617,0.003152,14189.309332,18.343156
2.060000,22.000000,1.779624,1.828378,0.269885,0.106648,0.003156,14184.788816,18.337312
2.070000,22.000000,1.797937,1.831300,0.269967,0.106680,0.003160,14180.265097,18.331464
2.080000,22.000000,1.816279,1.834224,0.270049,0.106711,0.003164,14175.738182,18.325612
2.090000,22.000000,1.834651,1.837150,0.270131,0.106743,0.003168,14171.208080,18.319756
2.100000,22.000000,1.853052,1.840078,0.270214,0.106775,0.003172,14166.674799,18.313895
2.110000,22.000000,1.871482,1.843008,0.270296,0.106807,0.003176,14162.138348,18.308031
2.120000,22.000000,1.889941,1.845941,0.270378,0.106838,0.003180,14157.598733,18.302162
2.130000,22.000000,1.908430,1.848875,0.270461,0.106870,0.003184,14153.055963,18.296290
2.140000,22.000000,1.926948,1.851811,0.270544,0.106902,0.003188,14148.510048,18.290413
2.150000,22.000000,1.945495,1.854749,0.270627,0.106934,0.003192,14143.960993,18.284532
2.160000,22.000000,1.964072,1.857690,0.270710,0.106966,0.003196,14139.408809,18.278648
2.170000,22.000000,1.982679,1.860632,0.270793,0.106998,0.003200,14134.853503,18.272759
2.180000,22.000000,2.001314,1.863577,0.270876,0.107030,0.003204,14130.295084,18.266866
2.190000,22.000000,2.019980,1.866523,0.270959,0.107062,0.003208,14125.733559,18.260969
2.200000,22.000000,2.038674,1.869471,0.271042,0.107094,0.003212,14121.168937,18.255068
2.210000,22.000000,2.057399,1.872422,0.271126,0.107127,0.003216,14116.601226,18.249163
2.220000,22.000000,2.076152,1.875374,0.271209,0.107159,0.003220,14112.030436,18.243254
2.230000,22.000000,2.094936,1.878329,0.271293,0.107191,0.003224,14107.456573,18.237341
2.240000,22.000000,2.113748,1.881285,0.271377,0.107223,0.003228,14102.879646,18.231425
2.250000,22.000000,2.132591,1.884243,0.271461,0.107256,0.003232,14098.299664,18.225504
2.260000,22.000000,2.151463,1.887204,0.271545,0.107288,0.003236,14093.716635,18.219579
2.270000,22.000000,2.170365,1.890166,0.271629,0.107320,0.003240,14089.130567,18.213651
2.280000,22.000000,2.189296,1.893130,0.271713,0.107353,0.003244,14084.541469,18.207718
2.290000,22.000000,2.208257,1.896096,0.271797,0.107385,0.003248,14079.949350,18.201782
2.300000,22.000000,2.227247,1.899065,0.271882,0.107418,0.003252,14075.354217,18.195841
2.310000,22.000000,2.246268,1.902035,0.271966,0.107450,0.003256,14070.756079,18.189897
2.320000,22.000000,2.265318,1.905007,0.272051,0.107483,0.003261,14066.154945,18.183949
2.330000,22.000000,2.284398,1.907981,0.272136,0.107516,0.003265,14061.550823,18.177997
2.340000,22.000000,2.303507,1.910957,0.272221,0.107548,0.003269,14056.943721,18.172041
2.350000,22.000000,2.322647,1.913935,0.272306,0.107581,0.003273,14052.333649,18.166082
2.360000,22.000000,2.341816,1.916915,0.272391,0.107614,0.003277,14047.720614,18.160118
2.370000,22.000000,2.361015,1.919896,0.272476,0.107647,0.003281,14043.104625,18.154151
2.380000,22.000000,2.380243,1.922880,0.272561,0.107680,0.003285,14038.485691,18.148180
2.390000,22.000000,2.399502,1.925865,0.272646,0.107712,0.003289,14033.863820,18.142205
2.400000,22.000000,2.418791,1.928853,0.272732,0.107745,0.003293,14029.239021,18.136226
2.410000,22.000000,2.438109,1.931842,0.272818,0.107778,0.003297,14024.611302,18.130244
2.420000,22.000000,2.457457,1.934833,0.272903,0.107811,0.003301,14019.980673,18.124257
2.430000,22.000000,2.476836,1.937826,0.272989,0.107844,0.003305,14015.347141,18.118267
2.440000,22.000000,2.496244,1.940821,0.273075,0.107877,0.003309,14010.710715,18.112274
2.450000,22.000000,2.515682,1.943818,0.273161,0.107911,0.003313,14006.071404,18.106276
2.460000,22.000000,2.535150,1.946817,0.273247,0.107944,0.003317,14001.429217,18.100275
2.470000,22.000000,2.554648,1.949817,0.273333,0.107977,0.003321,13996.784162,18.094270
2.480000,22.000000,2.574177,1.952820,0.273420,0.108010,0.003325,13992.136248,18.088262
2.490000,22.000000,2.593735,1.955824,0.273506,0.108044,0.003329,13987.485483,18.082249
2.500000,22.000000,2.613323,1.958830,0.273593,0.108077,0.003333,13982.831877,18.076233
2.510000,22.000000,2.632942,1.961838,0.273679,0.108110,0.003337,13978.175438,18.070214
2.520000,22.000000,2.652590,1.964848,0.273766,0.108144,0.003341,13973.516174,18.064191
2.530000,22.000000,2.672269,1.967859,0.273853,0.108177,0.003345,13968.854095,18.058164
2.540000,22.000000,2.691977,1.970873,0.273940,0.108211,0.003349,13964.189210,18.052133
2.550000,22.000000,2.711716,1.973888,0.274027,0.108244,0.003353,13959.521526,18.046099
2.560000,22.000000,2.731485,1.976905,0.274114,0.108278,0.003357,13954.851053,18.040061
2.570000,22.000000,2.751285,1.979924,0.274201,0.108311,0.003361,13950.177800,18.034020
2.580000,22.000000,2.771114,1.982945,0.274289,0.108345,0.003365,13945.501776,18.027975
2.590000,22.000000,2.790974,1.985967,0.274376,0.108379,0.003369,13940.822988,18.021927
2.600000,22.000000,2.810864,1.988991,0.274464,0.108412,0.003373,13936.141447,18.015875
2.610000,22.000000,2.830784,1.992017,0.274552,0.108446,0.003377,13931.457161,18.009819
2.620000,22.000000,2.850734,1.995045,0.274640,0.108480,0.003381,13926.770138,18.003760
2.630000,22.000000,2.870715,1.998075,0.274727,0.108514,0.003385,13922.080389,17.997697
2.640000,22.000000,2.890726,2.001106,0.274816,0.108548,0.003389,13917.387920,17.991631
2.650000,22.000000,2.910767,2.004139,0.274904,0.108582,0.003393,13912.692742,17.985561
2.660000,22.000000,2.930839,2.007174,0.274992,0.108616,0.003397,13907.994864,17.979488
2.670000,22.000000,2.950941,2.010210,0.275080,0.108650,0.003401,13903.294294,17.973412
2.680000,22.000000,2.971074,2.013249,0.275169,0.108684,0.003405,13898.591040,17.967332
2.690000,22.000000,2.991237,2.016289,0.275257,0.108718,0.003409,13893.885113,17.961248
2.700000,22.000000,3.011430,2.019330,0.275346,0.108752,0.003413,13889.176521,17.955161
2.710000,22.000000,3.031654,2.022374,0.275435,0.108786,0.003417,13884.465274,17.949071
2.720000,22.000000,3.051908,2.025419,0.275524,0.108820,0.003421,13879.751379,17.942977
2.730000,22.000000,3.072192,2.028466,0.275613,0.108855,0.003425,13875.034846,17.936879
2.740000,22.000000,3.092508,2.031515,0.275702,0.108889,0.003429,13870.315683,17.930779
2.750000,22.000000,3.112853,2.034565,0.275791,0.108923,0.003433,13865.593901,17.924675
2.760000,22.000000,3.133229,2.037617,0.275880,0.108958,0.003437,13860.869508,17.918567
2.770000,22.000000,3.153636,2.040671,0.275970,0.108992,0.003441,13856.142513,17.912456
2.780000,22.000000,3.174073,2.043726,0.276059,0.109026,0.003445,13851.412925,17.906342
2.790000,22.000000,3.194541,2.046783,0.276149,0.109061,0.003448,13846.680752,17.900225
2.800000,22.000000,3.215040,2.049842,0.276238,0.109095,0.003452,13841.946005,17.894104
2.810000,22.000000,3.235569,2.052902,0.276328,0.109130,0.003456,13837.208692,17.887980
2.820000,22.000000,3.256128,2.055964,0.276418,0.109165,0.003460,13832.468823,17.881852
2.830000,22.000000,3.276719,2.059028,0.276508,0.109199,0.003464,13827.726405,17.875722
2.840000,22.000000,3.297340,2.062093,0.276598,0.109234,0.003468,13822.981449,17.869588
2.850000,22.000000,3.317991,2.065160,0.276689,0.109269,0.003472,13818.233963,17.863450
2.860000,22.000000,3.338673,2.068229,0.276779,0.109303,0.003476,13813.483957,17.857310
2.870000,22.000000,3.359386,2.071299,0.276870,0.109338,0.003480,13808.731440,17.851166
2.880000,22.000000,3.380130,2.074371,0.276960,0.109373,0.003484,13803.976420,17.845019
2.890000,22.000000,3.400905,2.077444,0.277051,0.109408,0.003488,13799.218908,17.838869
2.900000,22.000000,3.421710,2.080519,0.277142,0.109443,0.003492,13794.458911,17.832715
2.910000,22.000000,3.442546,2.083596,0.277232,0.109478,0.003496,13789.696440,17.826559
2.920000,22.000000,3.463412,2.086674,0.277323,0.109513,0.003500,13784.931503,17.820399
2.930000,22.000000,3.484310,2.089754,0.277415,0.109548,0.003504,13780.164109,17.814236
2.940000,22.000000,3.505238,2.092836,0.277506,0.109583,0.003508,13775.394269,17.808070
2.950000,22.000000,3.526198,2.095919,0.277597,0.109618,0.003512,13770.621990,17.801900
2.960000,22.000000,3.547188,2.099004,0.277688,0.109653,0.003516,13765.847283,17.795728
2.970000,22.000000,3.568208,2.102090,0.277780,0.109689,0.003520,13761.070155,17.789552
2.980000,22.000000,3.589260,2.105178,0.277872,0.109724,0.003524,13756.290618,17.783373
2.990000,22.000000,3.610343,2.108267,0.277963,0.109759,0.003528,13751.508679,17.777192
3.000000,22.000000,3.631457,2.111358,0.278055,0.109794,0.003532,13746.724348,17.771007
3.010000,22.000000,3.652601,2.114450,0.278147,0.109830,0.003536,13741.937634,17.764819
3.020000,22.000000,3.673776,2.117544,0.278239,0.109865,0.003539,13737.148546,17.758628
3.030000,22.000000,3.694983,2.120640,0.278331,0.109901,0.003543,13732.357095,17.752434
3.040000,22.000000,3.716220,2.123737,0.278424,0.109936,0.003547,13727.563288,17.746236
3.050000,22.000000,3.737489,2.126835,0.278516,0.109972,0.003551,13722.767136,17.740036
3.060000,22.000000,3.758788,2.129935,0.278608,0.110007,0.003555,13717.968647,17.733833
3.070000,22.000000,3.780118,2.133037,0.278701,0.110043,0.003559,13713.167830,17.727627
3.080000,22.000000,3.801480,2.136140,0.278794,0.110078,0.003563,13708.364696,17.721417
3.090000,22.000000,3.822872,2.139245,0.278886,0.110114,0.003567,13703.559253,17.715205
3.100000,22.000000,3.844296,2.142351,0.278979,0.110150,0.003571,13698.751511,17.708990
3.110000,22.000000,3.865750,2.145458,0.279072,0.110186,0.003575,13693.941479,17.702772
3.120000,22.000000,3.887236,2.148567,0.279165,0.110221,0.003579,13689.129166,17.696551
3.130000,22.000000,3.908753,2.151678,0.279258,0.110257,0.003583,13684.314581,17.690327
3.140000,22.000000,3.930301,2.154790,0.279352,0.110293,0.003587,13679.497735,17.684100
3.150000,22.000000,3.951880,2.157903,0.279445,0.110329,0.003591,13674.678635,17.677870
3.160000,22.000000,3.973490,2.161018,0.279539,0.110365,0.003594,13669.857292,17.671637
3.170000,22.000000,3.995131,2.164135,0.279632,0.110401,0.003598,13665.033715,17.665402
3.180000,22.000000,4.016804,2.167252,0.279726,0.110437,0.003602,13660.207914,17.659163
3.190000,22.000000,4.038507,2.170372,0.279820,0.110473,0.003606,13655.379897,17.652922
3.200000,22.000000,4.060242,2.173492,0.279914,0.110509,0.003610,13650.549674,17.646677
3.210000,22.000000,4.082008,2.176614,0.280008,0.110545,0.003614,13645.717254,17.640430
3.220000,22.000000,4.103806,2.179738,0.280102,0.110581,0.003618,13640.882647,17.634180
3.230000,22.000000,4.125634,2.182863,0.280196,0.110618,0.003622,13636.045862,17.627928
3.240000,22.000000,4.147494,2.185989,0.280290,0.110654,0.003626,13631.206909,17.621672
3.250000,22.000000,4.169386,2.189117,0.280385,0.110690,0.003630,13626.365796,17.615414
3.260000,22.000000,4.191308,2.192246,0.280479,0.110727,0.003634,13621.522534,17.609153
3.270000,22.000000,4.213262,2.195377,0.280574,0.110763,0.003637,13616.677131,17.602889
3.280000,22.000000,4.235247,2.198509,0.280669,0.110799,0.003641,13611.829598,17.596622
3.290000,22.000000,4.257263,2.201642,0.280764,0.110836,0.003645,13606.979943,17.590353
3.300000,22.000000,4.279311,2.204777,0.280859,0.110872,0.003649,13602.128175,17.584081
3.310000,22.000000,4.301390,2.207913,0.280954,0.110909,0.003653,13597.274305,17.577806
3.320000,22.000000,4.323501,2.211050,0.281049,0.110945,0.003657,13592.418342,17.571528
3.330000,22.000000,4.345643,2.214189,0.281144,0.110982,0.003661,13587.560295,17.565248
3.340000,22.000000,4.367816,2.217329,0.281240,0.111019,0.003665,13582.700174,17.558965
3.350000,22.000000,4.390021,2.220470,0.281335,0.111055,0.003668,13577.837988,17.552680
3.360000,22.000000,4.412257,2.223613,0.281431,0.111092,0.003672,13572.973746,17.546392
3.370000,22.000000,4.434524,2.226757,0.281526,0.111129,0.003676,13568.107458,17.540101
3.380000,22.000000,4.456823,2.229902,0.281622,0.111166,0.003680,13563.239133,17.533807
3.390000,22.000000,4.479154,2.233049,0.281718,0.111203,0.003684,13558.368781,17.527511
3.400000,22.000000,4.501516,2.236197,0.281814,0.111239,0.003688,13553.496412,17.521212
3.410000,22.000000,4.523909,2.239347,0.281910,0.111276,0.003692,13548.622034,17.514911
3.420000,22.000000,4.546334,2.242497,0.282006,0.111313,0.003696,13543.745658,17.508607
3.430000,22.000000,4.568791,2.245649,0.282103,0.111350,0.003699,13538.867292,17.502301
3.440000,22.000000,4.591279,2.248802,0.282199,0.111387,0.003703,13533.986947,17.495992
3.450000,22.000000,4.613798,2.251957,0.282296,0.111424,0.003707,13529.104631,17.489680
3.460000,22.000000,4.636349,2.255113,0.282392,0.111462,0.003711,13524.220354,17.483366
3.470000,22.000000,4.658932,2.258270,0.282489,0.111499,0.003715,13519.334125,17.477049
3.480000,22.000000,4.681546,2.261428,0.282586,0.111536,0.003719,13514.445955,17.470730
3.490000,22.000000,4.704192,2.264588,0.282683,0.111573,0.003723,13509.555853,17.464408
3.500000,22.000000,4.726870,2.267748,0.282780,0.111610,0.003726,13504.663827,17.458084
3.510000,22.000000,4.749579,2.270910,0.282877,0.111648,0.003730,13499.769888,17.451758
3.520000,22.000000,4.772320,2.274074,0.282974,0.111685,0.003734,13494.874045,17.445429
3.530000,22.000000,4.795092,2.277238,0.283071,0.111722,0.003738,13489.976308,17.439097
3.540000,22.000000,4.817896,2.280404,0.283169,0.111760,0.003742,13485.076686,17.432763
3.550000,22.000000,4.840732,2.283571,0.283266,0.111797,0.003746,13480.175188,17.426427
3.560000,22.000000,4.863599,2.286739,0.283364,0.111835,0.003749,13475.271824,17.420088
3.570000,22.000000,4.886498,2.289909,0.283462,0.111872,0.003753,13470.366604,17.413747
3.580000,22.000000,4.909429,2.293079,0.283560,0.111910,0.003757,13465.459537,17.407403
3.590000,22.000000,4.932391,2.296251,0.283658,0.111948,0.003761,13460.550633,17.401057
3.600000,22.000000,4.955386,2.299424,0.283756,0.111985,0.003765,13455.639901,17.394709
3.610000,22.000000,4.978412,2.302598,0.283854,0.112023,0.003769,13450.727350,17.388358
3.620000,22.000000,5.001469,2.305773,0.283952,0.112061,0.003772,13445.812991,17.382005
3.630000,22.000000,5.024559,2.308950,0.284050,0.112098,0.003776,13440.896832,17.375650
3.640000,22.000000,5.047680,2.312127,0.284149,0.112136,0.003780,13435.978883,17.369292
3.650000,22.000000,5.070833,2.315306,0.284247,0.112174,0.003784,13431.059155,17.362932
3.660000,22.000000,5.094018,2.318486,0.284346,0.112212,0.003788,13426.137655,17.356570
3.670000,22.000000,5.117235,2.321667,0.284445,0.112250,0.003791,13421.214394,17.350205
3.680000,22.000000,5.140483,2.324850,0.284544,0.112288,0.003795,13416.289382,17.343839
3.690000,22.000000,5.163764,2.328033,0.284643,0.112326,0.003799,13411.362627,17.337470
3.700000,22.000000,5.187076,2.331217,0.284742,0.112364,0.003803,13406.434140,17.331098
3.710000,22.000000,5.210420,2.334403,0.284841,0.112402,0.003807,13401.503930,17.324725
3.720000,22.000000,5.233796,2.337590,0.284940,0.112440,0.003810,13396.572006,17.318349
3.730000,22.000000,5.257203,2.340778,0.285040,0.112478,0.003814,13391.638378,17.311971
3.740000,22.000000,5.280643,2.343967,0.285139,0.112516,0.003818,13386.703056,17.305591
3.750000,22.000000,5.304115,2.347157,0.285239,0.112555,0.003822,13381.766048,17.299209
3.760000,22.000000,5.327618,2.350348,0.285338,0.112593,0.003826,13376.827365,17.292824
3.770000,22.000000,5.351154,2.353540,0.285438,0.112631,0.003829,13371.887017,17.286438
3.780000,22.000000,5.374721,2.356733,0.285538,0.112670,0.003833,13366.945012,17.280049
3.790000,22.000000,5.398320,2.359928,0.285638,0.112708,0.003837,13362.001360,17.273658
3.800000,22.000000,5.421951,2.363123,0.285738,0.112746,0.003841,13357.056070,17.267265
3.810000,22.000000,5.445615,2.366320,0.285838,0.112785,0.003844,13352.109153,17.260870
3.820000,22.000000,5.469310,2.369517,0.285939,0.112823,0.003848,13347.160618,17.254473
3.830000,22.000000,5.493037,2.372716,0.286039,0.112862,0.003852,13342.210474,17.248073
3.840000,22.000000,5.516796,2.375915,0.286140,0.112900,0.003856,13337.258731,17.241672
3.850000,22.000000,5.540587,2.379116,0.286240,0.112939,0.003860,13332.305399,17.235269
3.860000,22.000000,5.564410,2.382318,0.286341,0.112978,0.003863,13327.350486,17.228863
3.870000,22.000000,5.588266,2.385520,0.286442,0.113016,0.003867,13322.394002,17.222456
3.880000,22.000000,5.612153,2.388724,0.286543,0.113055,0.003871,13317.435958,17.216046
3.890000,22.000000,5.636072,2.391929,0.286644,0.113094,0.003875,13312.476362,17.209635
3.900000,22.000000,5.660024,2.395134,0.286745,0.113133,0.003878,13307.515224,17.203221
3.910000,22.000000,5.684007,2.398341,0.286846,0.113171,0.003882,13302.552554,17.196806
3.920000,22.000000,5.708022,2.401549,0.286947,0.113210,0.003886,13297.588361,17.190388
3.930000,22.000000,5.732070,2.404758,0.287049,0.113249,0.003890,13292.622654,17.183969
3.940000,22.000000,5.756150,2.407967,0.287150,0.113288,0.003893,13287.655444,17.177548
3.950000,22.000000,5.780261,2.411178,0.287252,0.113327,0.003897,13282.686739,17.171124
3.960000,22.000000,5.804405,2.414390,0.287353,0.113366,0.003901,13277.716550,17.164699
3.970000,22.000000,5.828581,2.417602,0.287455,0.113405,0.003904,13272.744885,17.158272
3.980000,22.000000,5.852790,2.420816,0.287557,0.113444,0.003908,13267.771754,17.151843
3.990000,22.000000,5.877030,2.424030,0.287659,0.113483,0.003912,13262.797167,17.145412
4.000000,22.000000,5.901302,2.427246,0.287761,0.113522,0.003916,13257.821133,17.138980
4.010000,22.000000,5.925607,2.430462,0.287863,0.113562,0.003919,13252.843663,17.132545
4.020000,22.000000,5.949944,2.433679,0.287966,0.113601,0.003923,13247.864764,17.126109
4.030000,22.000000,5.974313,2.436897,0.288068,0.113640,0.003927,13242.884447,17.119670
4.040000,22.000000,5.998714,2.440117,0.288171,0.113679,0.003930,13237.902722,17.113230
4.050000,22.000000,6.023147,2.443337,0.288273,0.113719,0.003934,13232.919597,17.106788
4.060000,22.000000,6.047613,2.446558,0.288376,0.113758,0.003938,13227.935083,17.100345
4.070000,22.000000,6.072111,2.449779,0.288479,0.113798,0.003942,13222.949188,17.093899
4.080000,22.000000,6.096641,2.453002,0.288582,0.113837,0.003945,13217.961923,17.087452
4.090000,22.000000,6.121203,2.456226,0.288685,0.113877,0.003949,13212.973296,17.081003
4.100000,22.000000,6.145797,2.459450,0.288788,0.113916,0.003953,13207.983318,17.074552
4.110000,22.000000,6.170424,2.462676,0.288891,0.113956,0.003956,13202.991998,17.068100
4.120000,22.000000,6.195083,2.465902,0.288994,0.113995,0.003960,13197.999345,17.061645
4.130000,22.000000,6.219774,2.469129,0.289098,0.114035,0.003964,13193.005369,17.055189
4.140000,22.000000,6.244498,2.472357,0.289201,0.114075,0.003967,13188.010079,17.048732
4.150000,22.000000,6.269254,2.475586,0.289305,0.114114,0.003971,13183.013484,17.042272
4.160000,22.000000,6.294042,2.478815,0.289408,0.114154,0.003975,13178.015595,17.035811
4.170000,22.000000,6.318862,2.482046,0.289512,0.114194,0.003978,13173.016421,17.029349
4.180000,22.000000,6.343715,2.485277,0.289616,0.114234,0.003982,13168.015970,17.022884
4.190000,22.000000,6.368600,2.488509,0.289720,0.114274,0.003986,13163.014254,17.016419
4.200000,22.000000,6.393518,2.491742,0.289824,0.114314,0.003989,13158.011280,17.009951
4.210000,22.000000,6.418468,2.494976,0.289928,0.114353,0.003993,13153.007059,17.003482
4.220000,22.000000,6.443450,2.498211,0.290033,0.114393,0.003997,13148.001600,16.997011
4.230000,22.000000,6.468464,2.501446,0.290137,0.114433,0.004000,13142.994912,16.990539
4.240000,22.000000,6.493511,2.504682,0.290242,0.114473,0.004004,13137.987005,16.984065
4.250000,22.000000,6.518590,2.507919,0.290346,0.114514,0.004008,13132.977888,16.977589
4.260000,22.000000,6.543702,2.511157,0.290451,0.114554,0.004011,13127.967571,16.971112
4.270000,22.000000,6.568846,2.514395,0.290556,0.114594,0.004015,13122.956064,16.964633
4.280000,22.000000,6.594022,2.517635,0.290661,0.114634,0.004019,13117.943375,16.958153
4.290000,22.000000,6.619231,2.520875,0.290765,0.114674,0.004022,13112.929514,16.951672
4.300000,22.000000,6.644472,2.524116,0.290871,0.114715,0.004026,13107.914490,16.945189
4.310000,22.000000,6.669745,2.527357,0.290976,0.114755,0.004029,13102.898314,16.938704
4.320000,22.000000,6.695051,2.530599,0.291081,0.114795,0.004033,13097.880993,16.932218
4.330000,22.000000,6.720390,2.533842,0.291186,0.114836,0.004037,13092.862539,16.925730
4.340000,22.000000,6.745761,2.537086,0.291292,0.114876,0.004040,13087.842959,16.919241
4.350000,22.000000,6.771164,2.540331,0.291397,0.114916,0.004044,13082.822264,16.912751
4.360000,22.000000,6.796600,2.543576,0.291503,0.114957,0.004048,13077.800463,16.906259
4.370000,22.000000,6.822068,2.546822,0.291609,0.114997,0.004051,13072.777565,16.899765
4.380000,22.000000,6.847569,2.550069,0.291715,0.115038,0.004055,13067.753580,16.893271
4.390000,22.000000,6.873102,2.553316,0.291821,0.115079,0.004058,13062.728516,16.886775
4.400000,22.000000,6.898667,2.556564,0.291927,0.115119,0.004062,13057.702385,16.880277
4.410000,22.000000,6.924266,2.559813,0.292033,0.115160,0.004066,13052.675194,16.873778
4.420000,22.000000,6.949896,2.563062,0.292139,0.115201,0.004069,13047.646953,16.867278
4.430000,22.000000,6.975559,2.566312,0.292245,0.115241,0.004073,13042.617671,16.860776
4.440000,22.000000,7.001255,2.569563,0.292352,0.115282,0.004076,13037.587359,16.854274
4.450000,22.000000,7.026983,2.572814,0.292458,0.115323,0.004080,13032.556024,16.847769
4.460000,22.000000,7.052744,2.576067,0.292565,0.115364,0.004083,13027.523678,16.841264
4.470000,22.000000,7.078537,2.579319,0.292672,0.115405,0.004087,13022.490328,16.834757
4.480000,22.000000,7.104363,2.582573,0.292779,0.115445,0.004091,13017.455984,16.828249
4.490000,22.000000,7.130221,2.585827,0.292886,0.115486,0.004094,13012.420655,16.821739
4.500000,22.000000,7.156112,2.589081,0.292993,0.115527,0.004098,13007.384352,16.815229
4.510000,22.000000,7.182035,2.592337,0.293100,0.115568,0.004101,13002.347083,16.808717
4.520000,22.000000,7.207991,2.595593,0.293207,0.115610,0.004105,12997.308857,16.802204
4.530000,22.000000,7.233980,2.598849,0.293314,0.115651,0.004108,12992.269684,16.795689
4.540000,22.000000,7.260001,2.602106,0.293422,0.115692,0.004112,12987.229572,16.789174
4.550000,22.000000,7.286054,2.605364,0.293529,0.115733,0.004116,12982.188533,16.782657
4.560000,22.000000,7.312141,2.608623,0.293637,0.115774,0.004119,12977.146573,16.776139
4.570000,22.000000,7.338259,2.611882,0.293744,0.115815,0.004123,12972.103704,16.769620
4.580000,22.000000,7.364411,2.615141,0.293852,0.115857,0.004126,12967.059934,16.763100
4.590000,22.000000,7.390595,2.618401,0.293960,0.115898,0.004130,12962.015272,16.756578
4.600000,22.000000,7.416811,2.621662,0.294068,0.115939,0.004133,12956.969727,16.750056
4.610000,22.000000,7.443061,2.624923,0.294176,0.115981,0.004137,12951.923310,16.743532
4.620000,22.000000,7.469342,2.628185,0.294284,0.116022,0.004140,12946.876029,16.737007
4.630000,22.000000,7.495657,2.631448,0.294393,0.116063,0.004144,12941.827893,16.730481
4.640000,22.000000,7.522004,2.634711,0.294501,0.116105,0.004147,12936.778911,16.723954
4.650000,22.000000,7.548384,2.637974,0.294609,0.116146,0.004151,12931.729094,16.717426
4.660000,22.000000,7.574796,2.641238,0.294718,0.116188,0.004154,12926.678449,16.710897
4.670000,22.000000,7.601241,2.644503,0.294827,0.116230,0.004158,12921.626987,16.704366
4.680000,22.000000,7.627719,2.647768,0.294935,0.116271,0.004161,12916.574715,16.697835
4.690000,22.000000,7.654229,2.651033,0.295044,0.116313,0.004165,12911.521645,16.691303
4.700000,22.000000,7.680772,2.654300,0.295153,0.116355,0.004168,12906.467784,16.684769
4.710000,22.000000,7.707348,2.657566,0.295262,0.116396,0.004172,12901.413142,16.678235
4.720000,22.000000,7.733956,2.660833,0.295371,0.116438,0.004175,12896.357728,16.671700
4.730000,22.000000,7.760597,2.664101,0.295481,0.116480,0.004179,12891.301552,16.665163
4.740000,22.000000,7.787271,2.667369,0.295590,0.116522,0.004182,12886.244622,16.658626
4.750000,22.000000,7.813977,2.670638,0.295699,0.116564,0.004186,12881.186947,16.652088
4.760000,22.000000,7.840716,2.673907,0.295809,0.116605,0.004189,12876.128537,16.645548
4.770000,22.000000,7.867488,2.677177,0.295918,0.116647,0.004193,12871.069401,16.639008
4.780000,22.000000,7.894293,2.680447,0.296028,0.116689,0.004196,12866.009548,16.632467
4.790000,22.000000,7.921130,2.683717,0.296138,0.116731,0.004200,12860.948986,16.625925
4.800000,22.000000,7.948000,2.686988,0.296248,0.116773,0.004203,12855.887726,16.619382
4.810000,22.000000,7.974902,2.690260,0.296358,0.116815,0.004207,12850.825776,16.612838
4.820000,22.000000,8.001838,2.693532,0.296468,0.116858,0.004210,12845.763145,16.606294
4.830000,22.000000,8.028806,2.696804,0.296578,0.116900,0.004214,12840.699843,16.599748
4.840000,22.000000,8.055806,2.700077,0.296688,0.116942,0.004217,12835.635878,16.593202
4.850000,22.000000,8.082840,2.703350,0.296799,0.116984,0.004220,12830.571259,16.586655
4.860000,22.000000,8.109906,2.706624,0.296909,0.117026,0.004224,12825.505996,16.580106
4.870000,22.000000,8.137005,2.709898,0.297020,0.117069,0.004227,12820.440097,16.573558
4.880000,22.000000,8.164137,2.713172,0.297130,0.117111,0.004231,12815.373573,16.567008
4.890000,22.000000,8.191301,2.716447,0.297241,0.117153,0.004234,12810.306430,16.560457
4.900000,22.000000,8.218498,2.719722,0.297352,0.117196,0.004238,12805.238680,16.553906
4.910000,22.000000,8.245728,2.722998,0.297463,0.117238,0.004241,12800.170329,16.547354
4.920000,22.000000,8.272991,2.726274,0.297574,0.117281,0.004244,12795.101389,16.540801
4.930000,22.000000,8.300287,2.729550,0.297685,0.117323,0.004248,12790.031867,16.534247
4.940000,22.000000,8.327615,2.732827,0.297796,0.117366,0.004251,12784.961773,16.527693
4.950000,22.000000,8.354976,2.736104,0.297907,0.117408,0.004255,12779.891115,16.521138
4.960000,22.000000,8.382370,2.739382,0.298019,0.117451,0.004258,12774.819903,16.514582
4.970000,22.000000,8.409796,2.742660,0.298130,0.117493,0.004262,12769.748145,16.508026
4.980000,22.000000,8.437256,2.745938,0.298242,0.117536,0.004265,12764.675850,16.501469
4.990000,22.000000,8.464748,2.749217,0.298353,0.117579,0.004268,12759.603028,16.494911
5.000000,22.000000,8.492273,2.752495,0.298465,0.117621,0.004272,12754.529687,16.488352
5.010000,22.000000,8.519831,2.755775,0.298577,0.117664,0.004275,12749.455837,16.481793
5.020000,22.000000,8.547421,2.759054,0.298689,0.117707,0.004278,12744.381485,16.475233
5.030000,22.000000,8.575045,2.762334,0.298801,0.117750,0.004282,12739.306641,16.468673
5.040000,22.000000,8.602701,2.765614,0.298913,0.117793,0.004285,12734.231314,16.462112
5.050000,22.000000,8.630390,2.768895,0.299025,0.117836,0.004289,12729.155513,16.455550
5.060000,22.000000,8.658111,2.772176,0.299138,0.117879,0.004292,12724.079246,16.448988
5.070000,22.000000,8.685866,2.775457,0.299250,0.117921,0.004295,12719.002523,16.442425
5.080000,22.000000,8.713653,2.778738,0.299363,0.117964,0.004299,12713.925352,16.435861
5.090000,22.000000,8.741474,2.782020,0.299475,0.118008,0.004302,12708.847742,16.429297
5.100000,22.000000,8.769327,2.785302,0.299588,0.118051,0.004305,12703.769701,16.422732
5.110000,22.000000,8.797212,2.788585,0.299701,0.118094,0.004309,12698.691240,16.416167
5.120000,22.000000,8.825131,2.791867,0.299813,0.118137,0.004312,12693.612366,16.409602
5.130000,22.000000,8.853083,2.795150,0.299926,0.118180,0.004315,12688.533088,16.403035
5.140000,22.000000,8.881067,2.798433,0.300039,0.118223,0.004319,12683.453415,16.396469
5.150000,22.000000,8.909084,2.801716,0.300153,0.118266,0.004322,12678.373356,16.389901
5.160000,22.000000,8.937134,2.805000,0.300266,0.118310,0.004325,12673.292920,16.383334
5.170000,22.000000,8.965217,2.808284,0.300379,0.118353,0.004329,12668.212115,16.376766
5.180000,22.000000,8.993333,2.811568,0.300493,0.118396,0.004332,12663.130950,16.370197
5.190000,22.000000,9.021481,2.814852,0.300606,0.118440,0.004335,12658.049434,16.363628
5.200000,22.000000,9.049663,2.818137,0.300720,0.118483,0.004339,12652.967575,16.357058
5.210000,22.000000,9.077877,2.821422,0.300833,0.118526,0.004342,12647.885383,16.350488
5.220000,22.000000,9.106124,2.824707,0.300947,0.118570,0.004345,12642.802865,16.343918
5.230000,22.000000,9.134404,2.827992,0.301061,0.118613,0.004349,12637.720032,16.337347
5.240000,22.000000,9.162716,2.831277,0.301175,0.118657,0.004352,12632.636890,16.330776
5.250000,22.000000,9.191062,2.834563,0.301289,0.118701,0.004355,12627.553449,16.324204
5.260000,22.000000,9.219441,2.837849,0.301403,0.118744,0.004359,12622.469718,16.317632
5.270000,22.000000,9.247852,2.841135,0.301517,0.118788,0.004362,12617.385705,16.311060
5.280000,22.000000,9.276296,2.844421,0.301632,0.118831,0.004365,12612.301418,16.304487
5.290000,22.000000,9.304773,2.847707,0.301746,0.118875,0.004368,12607.216867,16.297914
5.300000,22.000000,9.333283,2.850994,0.301860,0.118919,0.004372,12602.132060,16.291341
5.310000,22.000000,9.361826,2.854280,0.301975,0.118963,0.004375,12597.047006,16.284767
5.320000,22.000000,9.390402,2.857567,0.302090,0.119006,0.004378,12591.961713,16.278193
5.330000,22.000000,9.419010,2.860854,0.302204,0.119050,0.004382,12586.876190,16.271619
5.340000,22.000000,9.447652,2.864141,0.302319,0.119094,0.004385,12581.790445,16.265044
5.350000,22.000000,9.476326,2.867428,0.302434,0.119138,0.004388,12576.704487,16.258470
5.360000,22.000000,9.505033,2.870716,0.302549,0.119182,0.004391,12571.618324,16.251894
5.370000,22.000000,9.533773,2.874003,0.302664,0.119226,0.004395,12566.531965,16.245319
5.380000,22.000000,9.562546,2.877291,0.302780,0.119270,0.004398,12561.445419,16.238744
5.390000,22.000000,9.591352,2.880579,0.302895,0.119314,0.004401,12556.358693,16.232168
5.400000,22.000000,9.620190,2.883867,0.303010,0.119358,0.004404,12551.271797,16.225592
5.410000,22.000000,9.649062,2.887155,0.303126,0.119402,0.004408,12546.184739,16.219015
5.420000,22.000000,9.677966,2.890443,0.303241,0.119446,0.004411,12541.097527,16.212439
5.430000,22.000000,9.706904,2.893731,0.303357,0.119490,0.004414,12536.010170,16.205862
5.440000,22.000000,9.735874,2.897020,0.303473,0.119534,0.004417,12530.922676,16.199285
5.450000,22.000000,9.764877,2.900308,0.303589,0.119579,0.004420,12525.835054,16.192708
5.460000,22.000000,9.793913,2.903596,0.303704,0.119623,0.004424,12520.747312,16.186131
5.470000,22.000000,9.822982,2.906885,0.303820,0.119667,0.004427,12515.659458,16.179554
5.480000,22.000000,9.852084,2.910174,0.303937,0.119711,0.004430,12510.571501,16.172977
5.490000,22.000000,9.881218,2.913462,0.304053,0.119756,0.004433,12505.483450,16.166399
5.500000,22.000000,9.910386,2.916751,0.304169,0.119800,0.004436,12500.395312,16.159821
5.510000,22.000000,9.939586,2.920040,0.304285,0.119845,0.004440,12495.307096,16.153244
5.520000,22.000000,9.968819,2.923329,0.304402,0.119889,0.004443,12490.218810,16.146666
5.530000,22.000000,9.998086,2.926618,0.304518,0.119933,0.004446,12485.130462,16.140088
5.540000,22.000000,10.027385,2.929907,0.304635,0.119978,0.004449,12480.042062,16.133510
5.550000,22.000000,10.056717,2.933196,0.304752,0.120023,0.004452,12474.953617,16.126932
5.560000,22.000000,10.086081,2.936485,0.304868,0.120067,0.004456,12469.865135,16.120354
5.570000,22.000000,10.115479,2.939774,0.304985,0.120112,0.004459,12464.776625,16.113775
5.580000,22.000000,10.144910,2.943063,0.305102,0.120156,0.004462,12459.688096,16.107197
5.590000,22.000000,10.174373,2.946352,0.305219,0.120201,0.004465,12454.599554,16.100619
5.600000,22.000000,10.203870,2.949641,0.305336,0.120246,0.004468,12449.511009,16.094041
5.610000,22.000000,10.233399,2.952930,0.305454,0.120290,0.004471,12444.422469,16.087463
5.620000,22.000000,10.262961,2.956219,0.305571,0.120335,0.004475,12439.333941,16.080885
5.630000,22.000000,10.292556,2.959508,0.305688,0.120380,0.004478,12434.245435,16.074306
5.640000,22.000000,10.322184,2.962797,0.305806,0.120425,0.004481,12429.156958,16.067728
5.650000,22.000000,10.351845,2.966087,0.305924,0.120470,0.004484,12424.068519,16.061150
5.660000,22.000000,10.381539,2.969376,0.306041,0.120514,0.004487,12418.980125,16.054572
5.670000,22.000000,10.411266,2.972665,0.306159,0.120559,0.004490,12413.891785,16.047994
5.680000,22.000000,10.441025,2.975954,0.306277,0.120604,0.004493,12408.803507,16.041416
5.690000,22.000000,10.470818,2.979242,0.306395,0.120649,0.004496,12403.715299,16.034839
5.700000,22.000000,10.500643,2.982531,0.306513,0.120694,0.004500,12398.627169,16.028261
5.710000,22.000000,10.530501,2.985820,0.306631,0.120739,0.004503,12393.539126,16.021684
5.720000,22.000000,10.560392,2.989109,0.306749,0.120784,0.004506,12388.451176,16.015106
5.730000,22.000000,10.590316,2.992398,0.306867,0.120829,0.004509,12383.363329,16.008529
5.740000,22.000000,10.620273,2.995686,0.306986,0.120875,0.004512,12378.275593,16.001952
5.750000,22.000000,10.650263,2.998975,0.307104,0.120920,0.004515,12373.187975,15.995375
5.760000,22.000000,10.680285,3.002263,0.307223,0.120965,0.004518,12368.100483,15.988798
5.770000,22.000000,10.710341,3.005552,0.307341,0.121010,0.004521,12363.013126,15.982221
5.780000,22.000000,10.740429,3.008840,0.307460,0.121055,0.004524,12357.925912,15.975645
5.790000,22.000000,10.770551,3.012128,0.307579,0.121101,0.004527,12352.838848,15.969068
5.800000,22.000000,10.800705,3.015416,0.307698,0.121146,0.004531,12347.751942,15.962492
5.810000,22.000000,10.830892,3.018704,0.307816,0.121191,0.004534,12342.665203,15.955917
5.820000,22.000000,10.861112,3.021992,0.307936,0.121237,0.004537,12337.578638,15.949341
5.830000,22.000000,10.891364,3.025280,0.308055,0.121282,0.004540,12332.492255,15.942765
5.840000,22.000000,10.921650,3.028568,0.308174,0.121328,0.004543,12327.406063,15.936190
5.850000,22.000000,10.951969,3.031856,0.308293,0.121373,0.004546,12322.320068,15.929615
5.860000,22.000000,10.982320,3.035143,0.308413,0.121419,0.004549,12317.234280,15.923041
5.870000,22.000000,11.012704,3.038430,0.308532,0.121464,0.004552,12312.148705,15.916466
5.880000,22.000000,11.043122,3.041717,0.308652,0.121510,0.004555,12307.063352,15.909892
5.890000,22.000000,11.073572,3.045004,0.308771,0.121555,0.004558,12301.978229,15.903319
5.900000,22.000000,11.104055,3.048291,0.308891,0.121601,0.004561,12296.893343,15.896745
5.910000,22.000000,11.134570,3.051578,0.309011,0.121647,0.004564,12291.808702,15.890172
5.920000,22.000000,11.165119,3.054865,0.309131,0.121692,0.004567,12286.724314,15.883599
5.930000,22.000000,11.195701,3.058151,0.309251,0.121738,0.004570,12281.640186,15.877027
5.940000,22.000000,11.226315,3.061437,0.309371,0.121784,0.004573,12276.556328,15.870455
5.950000,22.000000,11.256962,3.064723,0.309491,0.121829,0.004576,12271.472745,15.863883
5.960000,22.000000,11.287642,3.068009,0.309611,0.121875,0.004579,12266.389447,15.857311
5.970000,22.000000,11.318355,3.071295,0.309731,0.121921,0.004582,12261.306440,15.850740
5.980000,22.000000,11.349101,3.074581,0.309852,0.121967,0.004585,12256.223733,15.844170
5.990000,22.000000,11.379880,3.077866,0.309972,0.122013,0.004588,12251.141333,15.837600
6.000000,22.000000,11.410691,3.081151,0.310093,0.122059,0.004591,12246.059248,15.831030
6.010000,22.000000,11.441535,3.084436,0.310213,0.122105,0.004594,12240.977485,15.824460
6.020000,22.000000,11.472413,3.087721,0.310334,0.122151,0.004597,12235.896053,15.817891
6.030000,22.000000,11.503323,3.091005,0.310455,0.122197,0.004600,12230.814958,15.811323
6.040000,22.000000,11.534266,3.094289,0.310576,0.122243,0.004603,12225.734209,15.804755
6.050000,22.000000,11.565241,3.097573,0.310697,0.122289,0.004606,12220.653813,15.798187
6.060000,22.000000,11.596250,3.100857,0.310818,0.122335,0.004609,12215.573777,15.791620
6.070000,22.000000,11.627291,3.104141,0.310939,0.122381,0.004612,12210.494110,15.785053
6.080000,22.000000,11.658366,3.107424,0.311060,0.122427,0.004615,12205.414818,15.778487
6.090000,22.000000,11.689473,3.110707,0.311181,0.122473,0.004618,12200.335910,15.771921
6.100000,22.000000,11.720613,3.113990,0.311303,0.122520,0.004621,12195.257393,15.765356
6.110000,22.000000,11.751785,3.117273,0.311424,0.122566,0.004624,12190.179274,15.758791
6.120000,22.000000,11.782991,3.120555,0.311546,0.122612,0.004627,12185.101561,15.752227
6.130000,22.000000,11.814229,3.123837,0.311667,0.122658,0.004630,12180.024261,15.745663
6.140000,22.000000,11.845500,3.127119,0.311789,0.122705,0.004633,12174.947383,15.739100
6.150000,22.000000,11.876804,3.130401,0.311911,0.122751,0.004636,12169.870932,15.732538
6.160000,22.000000,11.908141,3.133682,0.312033,0.122798,0.004638,12164.794918,15.725976
6.170000,22.000000,11.939511,3.136963,0.312155,0.122844,0.004641,12159.719346,15.719414
6.180000,22.000000,11.970913,3.140244,0.312277,0.122890,0.004644,12154.644226,15.712853
6.190000,22.000000,12.002349,3.143524,0.312399,0.122937,0.004647,12149.569563,15.706293
6.200000,22.000000,12.033817,3.146804,0.312521,0.122983,0.004650,12144.495366,15.699733
6.210000,22.000000,12.065317,3.150084,0.312643,0.123030,0.004653,12139.421642,15.693174
6.220000,22.000000,12.096851,3.153364,0.312766,0.123076,0.004656,12134.348397,15.686616
6.230000,22.000000,12.128418,3.156643,0.312888,0.123123,0.004659,12129.275641,15.680058
6.240000,22.000000,12.160017,3.159922,0.313011,0.123170,0.004662,12124.203379,15.673501
6.250000,22.000000,12.191649,3.163200,0.313133,0.123216,0.004665,12119.131619,15.666945
6.260000,22.000000,12.223314,3.166479,0.313256,0.123263,0.004667,12114.060369,15.660389
6.270000,22.000000,12.255011,3.169756,0.313379,0.123310,0.004670,12108.989636,15.653834
6.280000,22.000000,12.286741,3.173034,0.313501,0.123356,0.004673,12103.919426,15.647279
6.290000,22.000000,12.318505,3.176311,0.313624,0.123403,0.004676,12098.849748,15.640725
6.300000,22.000000,12.350300,3.179588,0.313747,0.123450,0.004679,12093.780608,15.634172
6.310000,22.000000,12.382129,3.182865,0.313870,0.123497,0.004682,12088.712014,15.627620
6.320000,22.000000,12.413990,3.186141,0.313994,0.123544,0.004685,12083.643973,15.621068
6.330000,22.000000,12.445885,3.189417,0.314117,0.123591,0.004687,12078.576492,15.614517
6.340000,22.000000,12.477812,3.192692,0.314240,0.123638,0.004690,12073.509578,15.607967
6.350000,22.000000,12.509771,3.195967,0.314363,0.123684,0.004693,12068.443238,15.601417
6.360000,22.000000,12.541764,3.199242,0.314487,0.123731,0.004696,12063.377481,15.594869
6.370000,22.000000,12.573789,3.202517,0.314611,0.123778,0.004699,12058.312312,15.588321
6.380000,22.000000,12.605847,3.205790,0.314734,0.123825,0.004702,12053.247738,15.581774
6.390000,22.000000,12.637937,3.209064,0.314858,0.123873,0.004704,12048.183768,15.575227
6.400000,22.000000,12.670061,3.212337,0.314982,0.123920,0.004707,12043.120407,15.568682
6.410000,22.000000,12.702217,3.215610,0.315106,0.123967,0.004710,12038.057664,15.562137
6.420000,22.000000,12.734406,3.218883,0.315230,0.124014,0.004713,12032.995545,15.555593
6.430000,22.000000,12.766627,3.222155,0.315354,0.124061,0.004716,12027.934057,15.549049
6.440000,22.000000,12.798881,3.225426,0.315478,0.124108,0.004719,12022.873207,15.542507
6.450000,22.000000,12.831168,3.228697,0.315602,0.124155,0.004721,12017.813002,15.535966
6.460000,22.000000,12.863488,3.231968,0.315726,0.124203,0.004724,12012.753449,15.529425
6.470000,22.000000,12.895841,3.235239,0.315850,0.124250,0.004727,12007.694556,15.522885
6.480000,22.000000,12.928226,3.238508,0.315975,0.124297,0.004730,12002.636328,15.516346
6.490000,22.000000,12.960643,3.241778,0.316099,0.124345,0.004732,11997.578774,15.509808
6.500000,22.000000,12.993094,3.245047,0.316224,0.124392,0.004735,11992.521899,15.503271
6.510000,22.000000,13.025577,3.248316,0.316349,0.124439,0.004738,11987.465711,15.496734
6.520000,22.000000,13.058093,3.251584,0.316473,0.124487,0.004741,11982.410217,15.490199
6.530000,22.000000,13.090641,3.254852,0.316598,0.124534,0.004744,11977.355424,15.483664
6.540000,22.000000,13.123223,3.258119,0.316723,0.124582,0.004746,11972.301338,15.477131
6.550000,22.000000,13.155836,3.261386,0.316848,0.124629,0.004749,11967.247967,15.470598
6.560000,22.000000,13.188483,3.264652,0.316973,0.124677,0.004752,11962.195316,15.464066
6.570000,22.000000,13.221162,3.267918,0.317098,0.124724,0.004755,11957.143394,15.457535
6.580000,22.000000,13.253874,3.271183,0.317223,0.124772,0.004757,11952.092206,15.451005
6.590000,22.000000,13.286618,3.274448,0.317349,0.124819,0.004760,11947.041759,15.444476
6.600000,22.000000,13.319396,3.277713,0.317474,0.124867,0.004763,11941.992062,15.437948
6.610000,22.000000,13.352205,3.280977,0.317599,0.124915,0.004766,11936.943119,15.431421
6.620000,22.000000,13.385048,3.284240,0.317725,0.124962,0.004768,11931.894937,15.424895
6.630000,22.000000,13.417923,3.287503,0.317851,0.125010,0.004771,11926.847525,15.418370
6.640000,22.000000,13.450830,3.290766,0.317976,0.125058,0.004774,11921.800887,15.411846
6.650000,22.000000,13.483771,3.294028,0.318102,0.125106,0.004776,11916.755032,15.405323
6.660000,22.000000,13.516744,3.297289,0.318228,0.125154,0.004779,11911.709965,15.398801
6.670000,22.000000,13.549749,3.300550,0.318354,0.125201,0.004782,11906.665693,15.392280
6.680000,22.000000,13.582787,3.303811,0.318480,0.125249,0.004784,11901.622223,15.385760
6.690000,22.000000,13.615858,3.307071,0.318606,0.125297,0.004787,11896.579561,15.379242
6.700000,22.000000,13.648961,3.310330,0.318732,0.125345,0.004790,11891.537715,15.372724
6.710000,22.000000,13.682097,3.313589,0.318858,0.125393,0.004793,11886.496690,15.366207
6.720000,22.000000,13.715266,3.316848,0.318984,0.125441,0.004795,11881.456493,15.359691
6.730000,22.000000,13.748467,3.320105,0.319111,0.125489,0.004798,11876.417132,15.353177
6.740000,22.000000,13.781700,3.323363,0.319237,0.125537,0.004801,11871.378611,15.346663
6.750000,22.000000,13.814966,3.326620,0.319364,0.125585,0.004803,11866.340938,15.340151
6.760000,22.000000,13.848265,3.329876,0.319490,0.125633,0.004806,11861.304120,15.333639
6.770000,22.000000,13.881597,3.333131,0.319617,0.125681,0.004809,11856.268162,15.327129
6.780000,22.000000,13.914960,3.336387,0.319744,0.125729,0.004811,11851.233072,15.320620
6.790000,22.000000,13.948357,3.339641,0.319870,0.125777,0.004814,11846.198856,15.314112
6.800000,22.000000,13.981786,3.342895,0.319997,0.125826,0.004816,11841.165519,15.307605
6.810000,22.000000,14.015247,3.346148,0.320124,0.125874,0.004819,11836.133070,15.301100
6.820000,22.000000,14.048741,3.349401,0.320251,0.125922,0.004822,11831.101513,15.294595
6.830000,22.000000,14.082268,3.352654,0.320378,0.125970,0.004824,11826.070856,15.288092
6.840000,22.000000,14.115827,3.355905,0.320505,0.126019,0.004827,11821.041105,15.281590
6.850000,22.000000,14.149418,3.359156,0.320633,0.126067,0.004830,11816.012266,15.275089
6.860000,22.000000,14.183042,3.362407,0.320760,0.126115,0.004832,11810.984345,15.268589
6.870000,22.000000,14.216699,3.365657,0.320887,0.126164,0.004835,11805.957349,15.262090
6.880000,22.000000,14.250388,3.368906,0.321015,0.126212,0.004837,11800.931285,15.255593
6.890000,22.000000,14.284110,3.372155,0.321142,0.126260,0.004840,11795.906158,15.249097
6.900000,22.000000,14.317864,3.375403,0.321270,0.126309,0.004843,11790.881974,15.242602
6.910000,22.000000,14.351650,3.378650,0.321398,0.126357,0.004845,11785.858741,15.236108
6.920000,22.000000,14.385469,3.381897,0.321526,0.126406,0.004848,11780.836464,15.229615
6.930000,22.000000,14.419321,3.385144,0.321653,0.126454,0.004850,11775.815149,15.223124
6.940000,22.000000,14.453204,3.388389,0.321781,0.126503,0.004853,11770.794803,15.216634
6.950000,22.000000,14.487121,3.391634,0.321909,0.126551,0.004856,11765.775432,15.210145
6.960000,22.000000,14.521070,3.394879,0.322037,0.126600,0.004858,11760.757042,15.203658
6.970000,22.000000,14.555051,3.398122,0.322165,0.126649,0.004861,11755.739640,15.197172
6.980000,22.000000,14.589064,3.401366,0.322294,0.126697,0.004863,11750.723230,15.190687
6.990000,22.000000,14.623111,3.404608,0.322422,0.126746,0.004866,11745.707820,15.184203
7.000000,22.000000,14.657189,3.407850,0.322550,0.126795,0.004868,11740.693416,15.177721
7.010000,22.000000,14.691300,3.411091,0.322679,0.126843,0.004871,11735.680024,15.171240
7.020000,22.000000,14.725443,3.414332,0.322807,0.126892,0.004873,11730.667649,15.164760
7.030000,22.000000,14.759619,3.417571,0.322936,0.126941,0.004876,11725.656298,15.158281
7.040000,22.000000,14.793827,3.420811,0.323064,0.126990,0.004879,11720.645978,15.151804
7.050000,22.000000,14.828068,3.424049,0.323193,0.127038,0.004881,11715.636693,15.145329
7.060000,22.000000,14.862340,3.427287,0.323322,0.127087,0.004884,11710.628450,15.138854
7.070000,22.000000,14.896646,3.430524,0.323451,0.127136,0.004886,11705.621255,15.132381
7.080000,22.000000,14.930983,3.433761,0.323580,0.127185,0.004889,11700.615114,15.125910
7.090000,22.000000,14.965353,3.436997,0.323709,0.127234,0.004891,11695.610033,15.119439
7.100000,22.000000,14.999756,3.440232,0.323838,0.127283,0.004894,11690.606018,15.112970
7.110000,22.000000,15.034190,3.443466,0.323967,0.127332,0.004896,11685.603075,15.106503
7.120000,22.000000,15.068657,3.446700,0.324096,0.127381,0.004899,11680.601210,15.100037
7.130000,22.000000,15.103157,3.449933,0.324225,0.127430,0.004901,11675.600428,15.093572
7.140000,22.000000,15.137688,3.453166,0.324355,0.127479,0.004904,11670.600736,15.087109
7.150000,22.000000,15.172252,3.456397,0.324484,0.127528,0.004906,11665.602139,15.080647
7.160000,22.000000,15.206849,3.459628,0.324614,0.127577,0.004909,11660.604643,15.074186
7.170000,22.000000,15.241477,3.462858,0.324743,0.127626,0.004911,11655.608255,15.067727
7.180000,22.000000,15.276138,3.466088,0.324873,0.127675,0.004914,11650.612979,15.061270
7.190000,22.000000,15.310831,3.469317,0.325003,0.127725,0.004916,11645.618822,15.054813
7.200000,22.000000,15.345557,3.472545,0.325132,0.127774,0.004919,11640.625790,15.048359
7.210000,22.000000,15.380314,3.475772,0.325262,0.127823,0.004921,11635.633888,15.041905
7.220000,22.000000,15.415104,3.478999,0.325392,0.127872,0.004923,11630.643122,15.035454
7.230000,22.000000,15.449927,3.482225,0.325522,0.127921,0.004926,11625.653498,15.029003
7.240000,22.000000,15.484781,3.485450,0.325652,0.127971,0.004928,11620.665021,15.022555
7.250000,22.000000,15.519668,3.488674,0.325782,0.128020,0.004931,11615.677697,15.016107
7.260000,22.000000,15.554587,3.491898,0.325913,0.128069,0.004933,11610.691533,15.009661
7.270000,22.000000,15.589538,3.495121,0.326043,0.128119,0.004936,11605.706533,15.003217
7.280000,22.000000,15.624521,3.498343,0.326173,0.128168,0.004938,11600.722703,14.996774
7.290000,22.000000,15.659537,3.501565,0.326304,0.128218,0.004941,11595.740049,14.990333
7.300000,22.000000,15.694585,3.504785,0.326434,0.128267,0.004943,11590.758576,14.983893
7.310000,22.000000,15.729665,3.508005,0.326565,0.128316,0.004945,11585.778291,14.977455
7.320000,22.000000,15.764777,3.511224,0.326695,0.128366,0.004948,11580.799198,14.971018
7.330000,22.000000,15.799922,3.514443,0.326826,0.128416,0.004950,11575.821304,14.964583
7.340000,22.000000,15.835098,3.517660,0.326957,0.128465,0.004953,11570.844613,14.958149
7.350000,22.000000,15.870307,3.520877,0.327088,0.128515,0.004955,11565.869131,14.951717
7.360000,22.000000,15.905548,3.524093,0.327219,0.128564,0.004957,11560.894865,14.945287
7.370000,22.000000,15.940821,3.527308,0.327350,0.128614,0.004960,11555.921819,14.938858
7.380000,22.000000,15.976126,3.530523,0.327481,0.128663,0.004962,11550.949998,14.932431
7.390000,22.000000,16.011464,3.533736,0.327612,0.128713,0.004965,11545.979410,14.926005
7.400000,22.000000,16.046833,3.536949,0.327743,0.128763,0.004967,11541.010057,14.919581
7.410000,22.000000,16.082235,3.540161,0.327874,0.128812,0.004969,11536.041948,14.913158
7.420000,22.000000,16.117668,3.543373,0.328005,0.128862,0.004972,11531.075085,14.906738
7.430000,22.000000,16.153134,3.546583,0.328137,0.128912,0.004974,11526.109476,14.900318
7.440000,22.000000,16.188632,3.549793,0.328268,0.128962,0.004976,11521.145126,14.893901
7.450000,22.000000,16.224162,3.553002,0.328400,0.129012,0.004979,11516.182039,14.887485
7.460000,22.000000,16.259724,3.556210,0.328531,0.129061,0.004981,11511.220221,14.881070
7.470000,22.000000,16.295318,3.559417,0.328663,0.129111,0.004983,11506.259678,14.874658
7.480000,22.000000,16.330945,3.562623,0.328795,0.129161,0.004986,11501.300415,14.868247
7.490000,22.000000,16.366603,3.565829,0.328927,0.129211,0.004988,11496.342437,14.861837
7.500000,22.000000,16.402293,3.569033,0.329058,0.129261,0.004990,11491.385749,14.855429
7.510000,22.000000,16.438016,3.572237,0.329190,0.129311,0.004993,11486.430358,14.849023
7.520000,22.000000,16.473770,3.575440,0.329322,0.129361,0.004995,11481.476267,14.842619
7.530000,22.000000,16.509557,3.578642,0.329454,0.129411,0.004997,11476.523483,14.836216
7.540000,22.000000,16.545375,3.581844,0.329587,0.129461,0.005000,11471.572010,14.829815
7.550000,22.000000,16.581225,3.585044,0.329719,0.129511,0.005002,11466.621853,14.823416
7.560000,22.000000,16.617108,3.588244,0.329851,0.129561,0.005004,11461.673019,14.817018
7.570000,22.000000,16.653022,3.591443,0.329983,0.129611,0.005007,11456.725512,14.810623
7.580000,22.000000,16.688969,3.594641,0.330116,0.129661,0.005009,11451.779337,14.804228
7.590000,22.000000,16.724947,3.597838,0.330248,0.129711,0.005011,11446.834499,14.797836
7.600000,22.000000,16.760957,3.601034,0.330381,0.129761,0.005013,11441.891004,14.791445
7.610000,22.000000,16.797000,3.604229,0.330513,0.129811,0.005016,11436.948856,14.785056
7.620000,22.000000,16.833074,3.607424,0.330646,0.129862,0.005018,11432.008062,14.778669
7.630000,22.000000,16.869180,3.610617,0.330779,0.129912,0.005020,11427.068625,14.772284
7.640000,22.000000,16.905318,3.613810,0.330911,0.129962,0.005023,11422.130551,14.765900
7.650000,22.000000,16.941488,3.617002,0.331044,0.130012,0.005025,11417.193845,14.759518
7.660000,22.000000,16.977690,3.620193,0.331177,0.130063,0.005027,11412.258511,14.753138
7.670000,22.000000,17.013924,3.623383,0.331310,0.130113,0.005029,11407.324556,14.746760
7.680000,22.000000,17.050190,3.626572,0.331443,0.130163,0.005032,11402.391984,14.740383
7.690000,22.000000,17.086487,3.629761,0.331576,0.130214,0.005034,11397.460800,14.734008
7.700000,22.000000,17.122817,3.632948,0.331710,0.130264,0.005036,11392.531008,14.727635
7.710000,22.000000,17.159178,3.636134,0.331843,0.130314,0.005038,11387.602615,14.721264
7.720000,22.000000,17.195571,3.639320,0.331976,0.130365,0.005041,11382.675624,14.714895
7.730000,22.000000,17.231996,3.642505,0.332110,0.130415,0.005043,11377.750042,14.708527
7.740000,22.000000,17.268453,3.645689,0.332243,0.130466,0.005045,11372.825871,14.702162
7.750000,22.000000,17.304942,3.648871,0.332377,0.130516,0.005047,11367.903119,14.695798
7.760000,22.000000,17.341463,3.652053,0.332510,0.130567,0.005049,11362.981788,14.689436
7.770000,22.000000,17.378015,3.655234,0.332644,0.130617,0.005052,11358.061885,14.683076
7.780000,22.000000,17.414599,3.658414,0.332777,0.130668,0.005054,11353.143414,14.676717
7.790000,22.000000,17.451215,3.661594,0.332911,0.130718,0.005056,11348.226380,14.670361
7.800000,22.000000,17.487863,3.664772,0.333045,0.130769,0.005058,11343.310788,14.664006
7.810000,22.000000,17.524542,3.667949,0.333179,0.130820,0.005060,11338.396642,14.657654
7.820000,22.000000,17.561253,3.671126,0.333313,0.130870,0.005063,11333.483947,14.651303
7.830000,22.000000,17.597996,3.674301,0.333447,0.130921,0.005065,11328.572709,14.644954
7.840000,22.000000,17.634771,3.677476,0.333581,0.130972,0.005067,11323.662931,14.638607
7.850000,22.000000,17.671578,3.680649,0.333715,0.131022,0.005069,11318.754619,14.632261
7.860000,22.000000,17.708416,3.683822,0.333849,0.131073,0.005071,11313.847777,14.625918
7.870000,22.000000,17.745286,3.686993,0.333984,0.131124,0.005073,11308.942409,14.619577
7.880000,22.000000,17.782187,3.690164,0.334118,0.131174,0.005076,11304.038522,14.613237
7.890000,22.000000,17.819121,3.693334,0.334252,0.131225,0.005078,11299.136118,14.606900
7.900000,22.000000,17.856086,3.696503,0.334387,0.131276,0.005080,11294.235204,14.600564
7.910000,22.000000,17.893083,3.699670,0.334521,0.131327,0.005082,11289.335783,14.594230
7.920000,22.000000,17.930111,3.702837,0.334656,0.131378,0.005084,11284.437860,14.587899
7.930000,22.000000,17.967171,3.706003,0.334791,0.131429,0.005086,11279.541440,14.581569
7.940000,22.000000,18.004263,3.709168,0.334925,0.131480,0.005089,11274.646527,14.575241
7.950000,22.000000,18.041386,3.712332,0.335060,0.131530,0.005091,11269.753126,14.568915
7.960000,22.000000,18.078541,3.715495,0.335195,0.131581,0.005093,11264.861241,14.562591
7.970000,22.000000,18.115727,3.718657,0.335330,0.131632,0.005095,11259.970878,14.556269
7.980000,22.000000,18.152946,3.721818,0.335465,0.131683,0.005097,11255.082040,14.549949
7.990000,22.000000,18.190195,3.724978,0.335600,0.131734,0.005099,11250.194731,14.543631
8.000000,22.000000,18.227477,3.728137,0.335735,0.131785,0.005101,11245.308957,14.537315
8.010000,22.000000,18.264790,3.731295,0.335870,0.131836,0.005103,11240.424723,14.531001
8.020000,22.000000,18.302134,3.734452,0.336005,0.131887,0.005105,11235.542031,14.524689
8.030000,22.000000,18.339510,3.737608,0.336141,0.131939,0.005108,11230.660887,14.518379
8.040000,22.000000,18.376918,3.740763,0.336276,0.131990,0.005110,11225.781296,14.512071
8.050000,22.000000,18.414357,3.743917,0.336412,0.132041,0.005112,11220.903261,14.505765
8.060000,22.000000,18.451828,3.747070,0.336547,0.132092,0.005114,11216.026787,14.499461
8.070000,22.000000,18.489330,3.750222,0.336683,0.132143,0.005116,11211.151879,14.493159
8.080000,22.000000,18.526864,3.753373,0.336818,0.132194,0.005118,11206.278540,14.486859
8.090000,22.000000,18.564429,3.756523,0.336954,0.132245,0.005120,11201.406775,14.480561
8.100000,22.000000,18.602026,3.759672,0.337089,0.132297,0.005122,11196.536589,14.474265
8.110000,22.000000,18.639654,3.762820,0.337225,0.132348,0.005124,11191.667986,14.467971
8.120000,22.000000,18.677314,3.765967,0.337361,0.132399,0.005126,11186.800969,14.461679
8.130000,22.000000,18.715005,3.769113,0.337497,0.132451,0.005128,11181.935544,14.455389
8.140000,22.000000,18.752727,3.772258,0.337633,0.132502,0.005130,11177.071714,14.449102
8.150000,22.000000,18.790481,3.775402,0.337769,0.132553,0.005132,11172.209485,14.442816
8.160000,22.000000,18.828267,3.778545,0.337905,0.132605,0.005134,11167.348859,14.436532
8.170000,22.000000,18.866084,3.781687,0.338041,0.132656,0.005136,11162.489841,14.430251
8.180000,22.000000,18.903932,3.784827,0.338177,0.132707,0.005138,11157.632436,14.423972
8.190000,22.000000,18.941812,3.787967,0.338314,0.132759,0.005140,11152.776648,14.417694
8.200000,22.000000,18.979723,3.791106,0.338450,0.132810,0.005142,11147.922480,14.411419
8.210000,22.000000,19.017665,3.794243,0.338586,0.132862,0.005144,11143.069938,14.405146
8.220000,22.000000,19.055639,3.797380,0.338723,0.132913,0.005147,11138.219024,14.398875
8.230000,22.000000,19.093644,3.800515,0.338859,0.132965,0.005149,11133.369744,14.392606
8.240000,22.000000,19.131681,3.803650,0.338996,0.133016,0.005151,11128.522101,14.386339
8.250000,22.000000,19.169748,3.806783,0.339132,0.133068,0.005153,11123.676099,14.380075
8.260000,22.000000,19.207848,3.809916,0.339269,0.133119,0.005155,11118.831743,14.373812
8.270000,22.000000,19.245978,3.813047,0.339406,0.133171,0.005156,11113.989037,14.367552
8.280000,22.000000,19.284140,3.816177,0.339543,0.133222,0.005158,11109.147984,14.361294
8.290000,22.000000,19.322333,3.819306,0.339680,0.133274,0.005160,11104.308589,14.355037
8.300000,22.000000,19.360557,3.822434,0.339816,0.133326,0.005162,11099.470855,14.348783
8.310000,22.000000,19.398813,3.825561,0.339953,0.133377,0.005164,11094.634787,14.342532
8.320000,22.000000,19.437100,3.828687,0.340090,0.133429,0.005166,11089.800389,14.336282
8.330000,22.000000,19.475418,3.831812,0.340228,0.133481,0.005168,11084.967664,14.330035
8.340000,22.000000,19.513767,3.834936,0.340365,0.133532,0.005170,11080.136617,14.323789
8.350000,22.000000,19.552148,3.838059,0.340502,0.133584,0.005172,11075.307251,14.317546
8.360000,22.000000,19.590560,3.841180,0.340639,0.133636,0.005174,11070.479570,14.311305
8.370000,22.000000,19.629003,3.844301,0.340776,0.133688,0.005176,11065.653579,14.305066
8.380000,22.000000,19.667477,3.847420,0.340914,0.133739,0.005178,11060.829282,14.298830
8.390000,22.000000,19.705982,3.850538,0.341051,0.133791,0.005180,11056.006681,14.292595
8.400000,22.000000,19.744519,3.853656,0.341189,0.133843,0.005182,11051.185781,14.286363
8.410000,22.000000,19.783086,3.856772,0.341326,0.133895,0.005184,11046.366586,14.280133
8.420000,22.000000,19.821685,3.859887,0.341464,0.133947,0.005186,11041.549099,14.273905
8.430000,22.000000,19.860315,3.863001,0.341602,0.133999,0.005188,11036.733325,14.267680
8.440000,22.000000,19.898976,3.866113,0.341739,0.134051,0.005190,11031.919268,14.261457
8.450000,22.000000,19.937669,3.869225,0.341877,0.134102,0.005192,11027.106930,14.255235
8.460000,22.000000,19.976392,3.872336,0.342015,0.134154,0.005193,11022.296316,14.249016
8.470000,22.000000,20.015147,3.875445,0.342153,0.134206,0.005195,11017.487429,14.242800
8.480000,22.000000,20.053932,3.878553,0.342291,0.134258,0.005197,11012.680274,14.236585
8.490000,22.000000,20.092749,3.881661,0.342429,0.134310,0.005199,11007.874854,14.230373
8.500000,22.000000,20.131596,3.884767,0.342567,0.134362,0.005201,11003.071172,14.224163
8.510000,22.000000,20.170475,3.887872,0.342705,0.134414,0.005203,10998.269233,14.217956
8.520000,22.000000,20.209385,3.890976,0.342843,0.134467,0.005205,10993.469040,14.211750
8.530000,22.000000,20.248326,3.894078,0.342982,0.134519,0.005207,10988.670597,14.205547
8.540000,22.000000,20.287297,3.897180,0.343120,0.134571,0.005209,10983.873907,14.199346
8.550000,22.000000,20.326300,3.900280,0.343258,0.134623,0.005210,10979.078974,14.193147
8.560000,22.000000,20.365334,3.903380,0.343397,0.134675,0.005212,10974.285801,14.186951
8.570000,22.000000,20.404399,3.906478,0.343535,0.134727,0.005214,10969.494393,14.180757
8.580000,22.000000,20.443495,3.909575,0.343674,0.134779,0.005216,10964.704753,14.174565
8.590000,22.000000,20.482621,3.912671,0.343812,0.134831,0.005218,10959.916884,14.168376
8.600000,22.000000,20.521779,3.915766,0.343951,0.134884,0.005220,10955.130790,14.162189
8.610000,22.000000,20.560968,3.918859,0.344090,0.134936,0.005222,10950.346475,14.156004
8.620000,22.000000,20.600187,3.921952,0.344228,0.134988,0.005223,10945.563941,14.149821
8.630000,22.000000,20.639437,3.925043,0.344367,0.135040,0.005225,10940.783194,14.143641
8.640000,22.000000,20.678719,3.928133,0.344506,0.135093,0.005227,10936.004235,14.137463
8.650000,22.000000,20.718031,3.931222,0.344645,0.135145,0.005229,10931.227068,14.131287
8.660000,22.000000,20.757374,3.934310,0.344784,0.135197,0.005231,10926.451698,14.125114
8.670000,22.000000,20.796748,3.937397,0.344923,0.135250,0.005233,10921.678127,14.118943
8.680000,22.000000,20.836153,3.940482,0.345062,0.135302,0.005234,10916.906359,14.112774
8.690000,22.000000,20.875589,3.943567,0.345201,0.135354,0.005236,10912.136398,14.106608
8.700000,22.000000,20.915055,3.946650,0.345340,0.135407,0.005238,10907.368246,14.100444
8.710000,22.000000,20.954552,3.949732,0.345480,0.135459,0.005240,10902.601907,14.094282
8.720000,22.000000,20.994081,3.952813,0.345619,0.135512,0.005242,10897.837385,14.088123
8.730000,22.000000,21.033639,3.955892,0.345758,0.135564,0.005243,10893.074682,14.081966
8.740000,22.000000,21.073229,3.958971,0.345898,0.135616,0.005245,10888.313803,14.075811
8.750000,22.000000,21.112850,3.962048,0.346037,0.135669,0.005247,10883.554750,14.069659
8.760000,22.000000,21.152501,3.965124,0.346177,0.135721,0.005249,10878.797528,14.063509
8.770000,22.000000,21.192183,3.968199,0.346316,0.135774,0.005250,10874.042138,14.057362
8.780000,22.000000,21.231896,3.971273,0.346456,0.135827,0.005252,10869.288585,14.051217
8.790000,22.000000,21.271639,3.974346,0.346595,0.135879,0.005254,10864.536871,14.045074
8.800000,22.000000,21.311413,3.977417,0.346735,0.135932,0.005256,10859.787001,14.038933
8.810000,22.000000,21.351218,3.980487,0.346875,0.135984,0.005258,10855.038977,14.032795
8.820000,22.000000,21.391054,3.983556,0.347015,0.136037,0.005259,10850.292803,14.026660
8.830000,22.000000,21.430920,3.986624,0.347155,0.136089,0.005261,10845.548481,14.020527
8.840000,22.000000,21.470817,3.989691,0.347295,0.136142,0.005263,10840.806015,14.014396
8.850000,22.000000,21.510744,3.992756,0.347435,0.136195,0.005264,10836.065408,14.008267
8.860000,22.000000,21.550703,3.995820,0.347575,0.136247,0.005266,10831.326664,14.002141
8.870000,22.000000,21.590691,3.998883,0.347715,0.136300,0.005268,10826.589785,13.996018
8.880000,22.000000,21.630711,4.001945,0.347855,0.136353,0.005270,10821.854775,13.989897
8.890000,22.000000,21.670761,4.005006,0.347995,0.136406,0.005271,10817.121636,13.983778
8.900000,22.000000,21.710842,4.008065,0.348135,0.136458,0.005273,10812.390373,13.977662
8.910000,22.000000,21.750953,4.011123,0.348276,0.136511,0.005275,10807.660987,13.971548
8.920000,22.000000,21.791095,4.014180,0.348416,0.136564,0.005277,10802.933482,13.965436
8.930000,22.000000,21.831267,4.017236,0.348557,0.136617,0.005278,10798.207862,13.959327
8.940000,22.000000,21.871470,4.020291,0.348697,0.136669,0.005280,10793.484129,13.953221
8.950000,22.000000,21.911703,4.023344,0.348838,0.136722,0.005282,10788.762286,13.947117
8.960000,22.000000,21.951967,4.026396,0.348978,0.136775,0.005283,10784.042337,13.941015
8.970000,22.000000,21.992262,4.029447,0.349119,0.136828,0.005285,10779.324283,13.934916
8.980000,22.000000,22.032587,4.032496,0.349260,0.136881,0.005287,10774.608130,13.928819
8.990000,22.000000,22.072942,4.035545,0.349400,0.136934,0.005288,10769.893878,13.922725
9.000000,22.000000,22.113328,4.038592,0.349541,0.136987,0.005290,10765.181532,13.916633
9.010000,22.000000,22.153744,4.041638,0.349682,0.137040,0.005292,10760.471094,13.910543
9.020000,22.000000,22.194191,4.044683,0.349823,0.137093,0.005293,10755.762568,13.904456
9.030000,22.000000,22.234669,4.047726,0.349964,0.137145,0.005295,10751.055955,13.898372
9.040000,22.000000,22.275176,4.050768,0.350105,0.137198,0.005297,10746.351260,13.892290
9.050000,22.000000,22.315714,4.053809,0.350246,0.137251,0.005298,10741.648485,13.886210
9.060000,22.000000,22.356283,4.056849,0.350387,0.137304,0.005300,10736.947632,13.880133
9.070000,22.000000,22.396882,4.059888,0.350528,0.137358,0.005302,10732.248706,13.874059
9.080000,22.000000,22.437511,4.062925,0.350669,0.137411,0.005303,10727.551708,13.867987
9.090000,22.000000,22.478171,4.065961,0.350810,0.137464,0.005305,10722.856642,13.861917
9.100000,22.000000,22.518860,4.068996,0.350952,0.137517,0.005307,10718.163510,13.855850
9.110000,22.000000,22.559581,4.072029,0.351093,0.137570,0.005308,10713.472315,13.849786
9.120000,22.000000,22.600331,4.075062,0.351235,0.137623,0.005310,10708.783060,13.843724
9.130000,22.000000,22.641112,4.078093,0.351376,0.137676,0.005312,10704.095748,13.837664
9.140000,22.000000,22.681924,4.081122,0.351518,0.137729,0.005313,10699.410382,13.831607
9.150000,22.000000,22.722765,4.084151,0.351659,0.137782,0.005315,10694.726964,13.825553
9.160000,22.000000,22.763637,4.087178,0.351801,0.137836,0.005316,10690.045497,13.819501
9.170000,22.000000,22.804539,4.090204,0.351942,0.137889,0.005318,10685.365984,13.813452
9.180000,22.000000,22.845471,4.093229,0.352084,0.137942,0.005320,10680.688428,13.807405
9.190000,22.000000,22.886434,4.096252,0.352226,0.137995,0.005321,10676.012831,13.801360
9.200000,22.000000,22.927426,4.099275,0.352368,0.138048,0.005323,10671.339196,13.795318
9.210000,22.000000,22.968449,4.102295,0.352509,0.138102,0.005324,10666.667526,13.789279
9.220000,22.000000,23.009503,4.105315,0.352651,0.138155,0.005326,10661.997823,13.783242
9.230000,22.000000,23.050586,4.108333,0.352793,0.138208,0.005328,10657.330091,13.777208
9.240000,22.000000,23.091699,4.111351,0.352935,0.138261,0.005329,10652.664331,13.771177
9.250000,22.000000,23.132843,4.114366,0.353077,0.138315,0.005331,10648.000546,13.765148
9.260000,22.000000,23.174017,4.117381,0.353220,0.138368,0.005332,10643.338740,13.759121
9.270000,22.000000,23.215221,4.120394,0.353362,0.138421,0.005334,10638.678914,13.753097
9.280000,22.000000,23.256455,4.123406,0.353504,0.138475,0.005335,10634.021071,13.747076
9.290000,22.000000,23.297719,4.126417,0.353646,0.138528,0.005337,10629.365214,13.741057
9.300000,22.000000,23.339013,4.129426,0.353788,0.138582,0.005339,10624.711345,13.735041
9.310000,22.000000,23.380338,4.132435,0.353931,0.138635,0.005340,10620.059468,13.729027
9.320000,22.000000,23.421692,4.135441,0.354073,0.138688,0.005342,10615.409584,13.723016
9.330000,22.000000,23.463077,4.138447,0.354216,0.138742,0.005343,10610.761695,13.717007
9.340000,22.000000,23.504491,4.141451,0.354358,0.138795,0.005345,10606.115806,13.711001
9.350000,22.000000,23.545936,4.144454,0.354501,0.138849,0.005346,10601.471917,13.704998
9.360000,22.000000,23.587410,4.147456,0.354643,0.138902,0.005348,10596.830032,13.698997
9.370000,22.000000,23.628915,4.150456,0.354786,0.138956,0.005349,10592.190153,13.692999
9.380000,22.000000,23.670449,4.153456,0.354929,0.139009,0.005351,10587.552282,13.687003
9.390000,22.000000,23.712014,4.156453,0.355071,0.139063,0.005352,10582.916422,13.681010
9.400000,22.000000,23.753608,4.159450,0.355214,0.139116,0.005354,10578.282576,13.675020
9.410000,22.000000,23.795233,4.162445,0.355357,0.139170,0.005355,10573.650745,13.669032
9.420000,22.000000,23.836887,4.165439,0.355500,0.139224,0.005357,10569.020933,13.663047
9.430000,22.000000,23.878571,4.168432,0.355643,0.139277,0.005358,10564.393141,13.657065
9.440000,22.000000,23.920286,4.171423,0.355786,0.139331,0.005360,10559.767373,13.651085
9.450000,22.000000,23.962030,4.174413,0.355929,0.139384,0.005361,10555.143629,13.645107
9.460000,22.000000,24.003804,4.177402,0.356072,0.139438,0.005363,10550.521914,13.639133
9.470000,22.000000,24.045608,4.180389,0.356215,0.139492,0.005364,10545.902228,13.633160
9.480000,22.000000,24.087441,4.183375,0.356358,0.139545,0.005366,10541.284575,13.627191
9.490000,22.000000,24.129305,4.186360,0.356501,0.139599,0.005367,10536.668957,13.621224
9.500000,22.000000,24.171198,4.189343,0.356645,0.139653,0.005369,10532.055375,13.615260
9.510000,22.000000,24.213122,4.192325,0.356788,0.139706,0.005370,10527.443833,13.609298
9.520000,22.000000,24.255075,4.195306,0.356931,0.139760,0.005372,10522.834333,13.603340
9.530000,22.000000,24.297058,4.198286,0.357075,0.139814,0.005373,10518.226877,13.597383
9.540000,22.000000,24.339070,4.201264,0.357218,0.139868,0.005375,10513.621467,13.591430
9.550000,22.000000,24.381113,4.204240,0.357362,0.139921,0.005376,10509.018105,13.585479
9.560000,22.000000,24.423185,4.207216,0.357505,0.139975,0.005377,10504.416794,13.579530
9.570000,22.000000,24.465287,4.210190,0.357649,0.140029,0.005379,10499.817536,13.573585
9.580000,22.000000,24.507418,4.213163,0.357792,0.140083,0.005380,10495.220333,13.567642
9.590000,22.000000,24.549580,4.216135,0.357936,0.140137,0.005382,10490.625187,13.561701
9.600000,22.000000,24.591771,4.219105,0.358080,0.140191,0.005383,10486.032101,13.555764
9.610000,22.000000,24.633992,4.222074,0.358223,0.140244,0.005385,10481.441076,13.549829
9.620000,22.000000,24.676242,4.225041,0.358367,0.140298,0.005386,10476.852116,13.543896
9.630000,22.000000,24.718522,4.228007,0.358511,0.140352,0.005388,10472.265221,13.537967
9.640000,22.000000,24.760832,4.230972,0.358655,0.140406,0.005389,10467.680394,13.532040
9.650000,22.000000,24.803171,4.233936,0.358799,0.140460,0.005390,10463.097638,13.526115
9.660000,22.000000,24.845540,4.236898,0.358943,0.140514,0.005392,10458.516954,13.520194
9.670000,22.000000,24.887939,4.239859,0.359087,0.140568,0.005393,10453.938344,13.514275
9.680000,22.000000,24.930367,4.242818,0.359231,0.140622,0.005395,10449.361811,13.508358
9.690000,22.000000,24.972825,4.245776,0.359375,0.140676,0.005396,10444.787357,13.502445
9.700000,22.000000,25.015312,4.248733,0.359519,0.140730,0.005397,10440.214983,13.496534
9.710000,22.000000,25.057829,4.251689,0.359664,0.140784,0.005399,10435.644692,13.490626
9.720000,22.000000,25.100375,4.254643,0.359808,0.140838,0.005400,10431.076486,13.484720
9.730000,22.000000,25.142951,4.257596,0.359952,0.140892,0.005402,10426.510367,13.478817
9.740000,22.000000,25.185557,4.260547,0.360097,0.140946,0.005403,10421.946336,13.472917
9.750000,22.000000,25.228192,4.263497,0.360241,0.141000,0.005404,10417.384396,13.467020
9.760000,22.000000,25.270856,4.266446,0.360385,0.141054,0.005406,10412.824550,13.461125
9.770000,22.000000,25.313550,4.269393,0.360530,0.141108,0.005407,10408.266797,13.455233
9.780000,22.000000,25.356273,4.272339,0.360674,0.141162,0.005408,10403.711142,13.449344
9.790000,22.000000,25.399026,4.275284,0.360819,0.141216,0.005410,10399.157585,13.443457
9.800000,22.000000,25.441809,4.278227,0.360964,0.141270,0.005411,10394.606129,13.437573
9.810000,22.000000,25.484620,4.281169,0.361108,0.141325,0.005412,10390.056776,13.431692
9.820000,22.000000,25.527461,4.284110,0.361253,0.141379,0.005414,10385.509527,13.425814
9.830000,22.000000,25.570332,4.287049,0.361398,0.141433,0.005415,10380.964384,13.419938
9.840000,22.000000,25.613232,4.289987,0.361543,0.141487,0.005416,10376.421350,13.414065
9.850000,22.000000,25.656161,4.292923,0.361687,0.141541,0.005418,10371.880426,13.408195
9.860000,22.000000,25.699120,4.295859,0.361832,0.141595,0.005419,10367.341614,13.402327
9.870000,22.000000,25.742107,4.298792,0.361977,0.141650,0.005420,10362.804916,13.396462
9.880000,22.000000,25.785125,4.301725,0.362122,0.141704,0.005422,10358.270333,13.390600
9.890000,22.000000,25.828171,4.304656,0.362267,0.141758,0.005423,10353.737869,13.384741
9.900000,22.000000,25.871247,4.307586,0.362412,0.141812,0.005424,10349.207523,13.378884
9.910000,22.000000,25.914352,4.310514,0.362557,0.141867,0.005426,10344.679299,13.373031
9.920000,22.000000,25.957487,4.313441,0.362703,0.141921,0.005427,10340.153198,13.367179
9.930000,22.000000,26.000650,4.316366,0.362848,0.141975,0.005428,10335.629222,13.361331
9.940000,22.000000,26.043843,4.319291,0.362993,0.142030,0.005430,10331.107372,13.355486
9.950000,22.000000,26.087065,4.322213,0.363138,0.142084,0.005431,10326.587651,13.349643
9.960000,22.000000,26.130317,4.325135,0.363284,0.142138,0.005432,10322.070060,13.343803
9.970000,22.000000,26.173597,4.328055,0.363429,0.142193,0.005434,10317.554601,13.337965
9.980000,22.000000,26.216907,4.330974,0.363574,0.142247,0.005435,10313.041275,13.332131
9.990000,22.000000,26.260246,4.333891,0.363720,0.142301,0.005436,10308.530085,13.326299
10.000000,22.000000,26.303614,4.336807,0.363865,0.142356,0.005437,10304.021031,13.320470
10.010000,22.000000,26.347011,4.339721,0.364011,0.142410,0.005439,10299.514117,13.314644
10.020000,22.000000,26.390438,4.342635,0.364156,0.142464,0.005440,10295.009343,13.308820
10.030000,22.000000,26.433893,4.345546,0.364302,0.142519,0.005441,10290.506711,13.302999
10.040000,22.000000,26.477378,4.348457,0.364448,0.142573,0.005442,10286.006223,13.297181
10.050000,22.000000,26.520891,4.351366,0.364593,0.142628,0.005444,10281.507880,13.291366
10.060000,22.000000,26.564434,4.354273,0.364739,0.142682,0.005445,10277.011684,13.285554
10.070000,22.000000,26.608006,4.357180,0.364885,0.142737,0.005446,10272.517637,13.279744
10.080000,22.000000,26.651607,4.360084,0.365031,0.142791,0.005447,10268.025740,13.273937
10.090000,22.000000,26.695236,4.362988,0.365177,0.142846,0.005449,10263.535995,13.268133
10.100000,22.000000,26.738895,4.365890,0.365322,0.142900,0.005450,10259.048404,13.262332
10.110000,22.000000,26.782583,4.368791,0.365468,0.142955,0.005451,10254.562967,13.256533
10.120000,22.000000,26.826300,4.371690,0.365614,0.143009,0.005452,10250.079688,13.250737
10.130000,22.000000,26.870046,4.374588,0.365760,0.143064,0.005454,10245.598566,13.244944
10.140000,22.000000,26.913821,4.377484,0.365906,0.143118,0.005455,10241.119605,13.239154
10.150000,22.000000,26.957625,4.380379,0.366053,0.143173,0.005456,10236.642805,13.233367
10.160000,22.000000,27.001457,4.383273,0.366199,0.143228,0.005457,10232.168167,13.227582
10.170000,22.000000,27.045319,4.386165,0.366345,0.143282,0.005459,10227.695694,13.221801
10.180000,22.000000,27.089210,4.389056,0.366491,0.143337,0.005460,10223.225387,13.216022
10.190000,22.000000,27.133129,4.391946,0.366637,0.143391,0.005461,10218.757247,13.210246
10.200000,22.000000,27.177077,4.394834,0.366784,0.143446,0.005462,10214.291276,13.204472
10.210000,22.000000,27.221055,4.397721,0.366930,0.143501,0.005463,10209.827476,13.198702
10.220000,22.000000,27.265061,4.400606,0.367076,0.143555,0.005465,10205.365847,13.192934
10.230000,22.000000,27.309096,4.403490,0.367223,0.143610,0.005466,10200.906392,13.187169
10.240000,22.000000,27.353159,4.406372,0.367369,0.143665,0.005467,10196.449111,13.181407
10.250000,22.000000,27.397252,4.409253,0.367516,0.143719,0.005468,10191.994006,13.175647
10.260000,22.000000,27.441373,4.412133,0.367662,0.143774,0.005469,10187.541079,13.169891
10.270000,22.000000,27.485523,4.415011,0.367809,0.143829,0.005470,10183.090331,13.164137
10.280000,22.000000,27.529702,4.417888,0.367956,0.143883,0.005472,10178.641764,13.158386
10.290000,22.000000,27.573910,4.420764,0.368102,0.143938,0.005473,10174.195378,13.152638
10.300000,22.000000,27.618146,4.423638,0.368249,0.143993,0.005474,10169.751175,13.146893
10.310000,22.000000,27.662411,4.426510,0.368396,0.144048,0.005475,10165.309157,13.141151
10.320000,22.000000,27.706705,4.429382,0.368543,0.144102,0.005476,10160.869324,13.135411
10.330000,22.000000,27.751028,4.432251,0.368689,0.144157,0.005477,10156.431679,13.129674
10.340000,22.000000,27.795379,4.435120,0.368836,0.144212,0.005479,10151.996223,13.123941
10.350000,22.000000,27.839759,4.437987,0.368983,0.144267,0.005480,10147.562956,13.118209
10.360000,22.000000,27.884167,4.440852,0.369130,0.144322,0.005481,10143.131880,13.112481
10.370000,22.000000,27.928604,4.443716,0.369277,0.144377,0.005482,10138.702998,13.106756
10.380000,22.000000,27.973070,4.446579,0.369424,0.144431,0.005483,10134.276308,13.101033
10.390000,22.000000,28.017565,4.449440,0.369571,0.144486,0.005484,10129.851814,13.095313
10.400000,22.000000,28.062088,4.452300,0.369718,0.144541,0.005485,10125.429517,13.089597
10.410000,22.000000,28.106639,4.455159,0.369865,0.144596,0.005487,10121.009417,13.083883
10.420000,22.000000,28.151219,4.458016,0.370013,0.144651,0.005488,10116.591516,13.078171
10.430000,22.000000,28.195828,4.460872,0.370160,0.144706,0.005489,10112.175815,13.072463
10.440000,22.000000,28.240465,4.463726,0.370307,0.144761,0.005490,10107.762315,13.066757
10.450000,22.000000,28.285131,4.466579,0.370454,0.144816,0.005491,10103.351018,13.061055
10.460000,22.000000,28.329825,4.469430,0.370602,0.144871,0.005492,10098.941925,13.055355
10.470000,22.000000,28.374548,4.472280,0.370749,0.144925,0.005493,10094.535037,13.049658
10.480000,22.000000,28.419299,4.475128,0.370896,0.144980,0.005494,10090.130355,13.043964
10.490000,22.000000,28.464079,4.477975,0.371044,0.145035,0.005495,10085.727880,13.038272
10.500000,22.000000,28.508887,4.480821,0.371191,0.145090,0.005497,10081.327614,13.032584
10.510000,22.000000,28.553724,4.483665,0.371339,0.145145,0.005498,10076.929558,13.026899
10.520000,22.000000,28.598589,4.486508,0.371486,0.145200,0.005499,10072.533712,13.021216
10.530000,22.000000,28.643483,4.489349,0.371634,0.145255,0.005500,10068.140079,13.015536
10.540000,22.000000,28.688405,4.492189,0.371782,0.145310,0.005501,10063.748659,13.009859
10.550000,22.000000,28.733355,4.495028,0.371929,0.145365,0.005502,10059.359453,13.004185
10.560000,22.000000,28.778333,4.497865,0.372077,0.145420,0.005503,10054.972462,12.998514
10.570000,22.000000,28.823340,4.500701,0.372225,0.145476,0.005504,10050.587688,12.992845
10.580000,22.000000,28.868376,4.503535,0.372373,0.145531,0.005505,10046.205132,12.987180
10.590000,22.000000,28.913440,4.506368,0.372520,0.145586,0.005506,10041.824794,12.981517
10.600000,22.000000,28.958531,4.509199,0.372668,0.145641,0.005507,10037.446676,12.975857
10.610000,22.000000,29.003652,4.512029,0.372816,0.145696,0.005508,10033.070779,12.970200
10.620000,22.000000,29.048800,4.514857,0.372964,0.145751,0.005509,10028.697104,12.964546
10.630000,22.000000,29.093977,4.517684,0.373112,0.145806,0.005510,10024.325651,12.958895
10.640000,22.000000,29.139182,4.520510,0.373260,0.145861,0.005511,10019.956423,12.953247
10.650000,22.000000,29.184416,4.523334,0.373408,0.145916,0.005512,10015.589420,12.947601
10.660000,22.000000,29.229677,4.526157,0.373556,0.145971,0.005514,10011.224642,12.941959
10.670000,22.000000,29.274967,4.528978,0.373704,0.146027,0.005515,10006.862092,12.936319
10.680000,22.000000,29.320285,4.531798,0.373852,0.146082,0.005516,10002.501770,12.930682
10.690000,22.000000,29.365631,4.534617,0.374001,0.146137,0.005517,9998.143676,12.925048
10.700000,22.000000,29.411005,4.537434,0.374149,0.146192,0.005518,9993.787813,12.919417
10.710000,22.000000,29.456408,4.540249,0.374297,0.146247,0.005519,9989.434180,12.913789
10.720000,22.000000,29.501839,4.543063,0.374445,0.146303,0.005520,9985.082780,12.908164
10.730000,22.000000,29.547297,4.545876,0.374594,0.146358,0.005521,9980.733612,12.902542
10.740000,22.000000,29.592784,4.548687,0.374742,0.146413,0.005522,9976.386678,12.896922
10.750000,22.000000,29.638299,4.551497,0.374891,0.146468,0.005523,9972.041979,12.891306
10.760000,22.000000,29.683842,4.554305,0.375039,0.146524,0.005524,9967.699515,12.885692
10.770000,22.000000,29.729413,4.557112,0.375187,0.146579,0.005525,9963.359289,12.880081
10.780000,22.000000,29.775013,4.559917,0.375336,0.146634,0.005526,9959.021299,12.874473
10.790000,22.000000,29.820640,4.562721,0.375484,0.146689,0.005527,9954.685548,12.868868
10.800000,22.000000,29.866295,4.565524,0.375633,0.146745,0.005528,9950.352036,12.863266
10.810000,22.000000,29.911978,4.568325,0.375782,0.146800,0.005529,9946.020764,12.857667
10.820000,22.000000,29.957689,4.571125,0.375930,0.146855,0.005530,9941.691733,12.852071
10.830000,22.000000,30.003429,4.573923,0.376079,0.146911,0.005531,9937.364944,12.846477
10.840000,22.000000,30.049196,4.576720,0.376228,0.146966,0.005532,9933.040398,12.840887
10.850000,22.000000,30.094991,4.579515,0.376376,0.147021,0.005533,9928.718095,12.835299
10.860000,22.000000,30.140814,4.582309,0.376525,0.147077,0.005534,9924.398037,12.829714
10.870000,22.000000,30.186665,4.585101,0.376674,0.147132,0.005534,9920.080224,12.824132
10.880000,22.000000,30.232544,4.587892,0.376823,0.147187,0.005535,9915.764657,12.818553
10.890000,22.000000,30.278451,4.590681,0.376972,0.147243,0.005536,9911.451336,12.812977
10.900000,22.000000,30.324386,4.593469,0.377121,0.147298,0.005537,9907.140263,12.807404
10.910000,22.000000,30.370348,4.596256,0.377270,0.147353,0.005538,9902.831439,12.801834
10.920000,22.000000,30.416339,4.599041,0.377419,0.147409,0.005539,9898.524864,12.796267
10.930000,22.000000,30.462357,4.601825,0.377568,0.147464,0.005540,9894.220538,12.790702
10.940000,22.000000,30.508403,4.604607,0.377717,0.147520,0.005541,9889.918463,12.785141
10.950000,22.000000,30.554477,4.607388,0.377866,0.147575,0.005542,9885.618640,12.779582
10.960000,22.000000,30.600578,4.610167,0.378015,0.147631,0.005543,9881.321069,12.774027
10.970000,22.000000,30.646708,4.612945,0.378164,0.147686,0.005544,9877.025751,12.768474
10.980000,22.000000,30.692865,4.615721,0.378313,0.147741,0.005545,9872.732686,12.762924
10.990000,22.000000,30.739050,4.618496,0.378463,0.147797,0.005546,9868.441876,12.757377
11.000000,22.000000,30.785263,4.621270,0.378612,0.147852,0.005547,9864.153321,12.751833
11.010000,22.000000,30.831503,4.624042,0.378761,0.147908,0.005548,9859.867021,12.746292
11.020000,22.000000,30.877771,4.626812,0.378911,0.147963,0.005549,9855.582978,12.740754
11.030000,22.000000,30.924067,4.629582,0.379060,0.148019,0.005549,9851.301192,12.735219
11.040000,22.000000,30.970391,4.632349,0.379209,0.148074,0.005550,9847.021664,12.729686
11.050000,22.000000,31.016742,4.635115,0.379359,0.148130,0.005551,9842.744394,12.724157
11.060000,22.000000,31.063121,4.637880,0.379508,0.148185,0.005552,9838.469383,12.718630
11.070000,22.000000,31.109527,4.640643,0.379658,0.148241,0.005553,9834.196632,12.713107
11.080000,22.000000,31.155961,4.643405,0.379807,0.148297,0.005554,9829.926141,12.707586
11.090000,22.000000,31.202423,4.646166,0.379957,0.148352,0.005555,9825.657912,12.702068
11.100000,22.000000,31.248912,4.648924,0.380106,0.148408,0.005556,9821.391944,12.696554
11.110000,22.000000,31.295429,4.651682,0.380256,0.148463,0.005557,9817.128238,12.691042
11.120000,22.000000,31.341973,4.654438,0.380406,0.148519,0.005557,9812.866795,12.685533
11.130000,22.000000,31.388545,4.657192,0.380555,0.148574,0.005558,9808.607615,12.680027
11.140000,22.000000,31.435145,4.659945,0.380705,0.148630,0.005559,9804.350700,12.674524
11.150000,22.000000,31.481771,4.662697,0.380855,0.148686,0.005560,9800.096049,12.669023
11.160000,22.000000,31.528426,4.665447,0.381005,0.148741,0.005561,9795.843663,12.663526
11.170000,22.000000,31.575108,4.668196,0.381154,0.148797,0.005562,9791.593543,12.658032
11.180000,22.000000,31.621817,4.670943,0.381304,0.148853,0.005563,9787.345689,12.652540
11.190000,22.000000,31.668554,4.673689,0.381454,0.148908,0.005564,9783.100102,12.647052
11.200000,22.000000,31.715319,4.676433,0.381604,0.148964,0.005564,9778.856783,12.641566
11.210000,22.000000,31.762110,4.679176,0.381754,0.149020,0.005565,9774.615731,12.636084
11.220000,22.000000,31.808929,4.681917,0.381904,0.149075,0.005566,9770.376947,12.630604
11.230000,22.000000,31.855776,4.684657,0.382054,0.149131,0.005567,9766.140433,12.625127
11.240000,22.000000,31.902650,4.687395,0.382204,0.149187,0.005568,9761.906188,12.619654
11.250000,22.000000,31.949551,4.690132,0.382354,0.149242,0.005569,9757.674213,12.614183
11.260000,22.000000,31.996480,4.692868,0.382504,0.149298,0.005569,9753.444508,12.608715
11.270000,22.000000,32.043436,4.695602,0.382654,0.149354,0.005570,9749.217074,12.603250
11.280000,22.000000,32.090419,4.698334,0.382805,0.149409,0.005571,9744.991911,12.597788
11.290000,22.000000,32.137430,4.701065,0.382955,0.149465,0.005572,9740.769021,12.592329
11.300000,22.000000,32.184468,4.703795,0.383105,0.149521,0.005573,9736.548402,12.586873
11.310000,22.000000,32.231533,4.706523,0.383255,0.149577,0.005574,9732.330056,12.581419
11.320000,22.000000,32.278626,4.709249,0.383406,0.149632,0.005574,9728.113984,12.575969
11.330000,22.000000,32.325745,4.711975,0.383556,0.149688,0.005575,9723.900184,12.570522
11.340000,22.000000,32.372892,4.714698,0.383706,0.149744,0.005576,9719.688659,12.565077
11.350000,22.000000,32.420067,4.717421,0.383857,0.149800,0.005577,9715.479409,12.559636
11.360000,22.000000,32.467268,4.720141,0.384007,0.149855,0.005578,9711.272433,12.554197
11.370000,22.000000,32.514497,4.722861,0.384158,0.149911,0.005578,9707.067732,12.548762
11.380000,22.000000,32.561752,4.725578,0.384308,0.149967,0.005579,9702.865307,12.543329
11.390000,22.000000,32.609035,4.728295,0.384459,0.150023,0.005580,9698.665158,12.537899
11.400000,22.000000,32.656345,4.731010,0.384609,0.150079,0.005581,9694.467286,12.532472
11.410000,22.000000,32.703683,4.733723,0.384760,0.150135,0.005582,9690.271690,12.527049
11.420000,22.000000,32.751047,4.736435,0.384910,0.150190,0.005582,9686.078371,12.521628
11.430000,22.000000,32.798439,4.739146,0.385061,0.150246,0.005583,9681.887330,12.516210
11.440000,22.000000,32.845857,4.741855,0.385212,0.150302,0.005584,9677.698566,12.510795
11.450000,22.000000,32.893303,4.744562,0.385362,0.150358,0.005585,9673.512081,12.505383
11.460000,22.000000,32.940775,4.747268,0.385513,0.150414,0.005585,9669.327874,12.499974
11.470000,22.000000,32.988275,4.749973,0.385664,0.150470,0.005586,9665.145946,12.494567
11.480000,22.000000,33.035802,4.752676,0.385814,0.150526,0.005587,9660.966297,12.489164
11.490000,22.000000,33.083356,4.755377,0.385965,0.150581,0.005588,9656.788928,12.483764
11.500000,22.000000,33.130936,4.758078,0.386116,0.150637,0.005588,9652.613838,12.478367
11.510000,22.000000,33.178544,4.760776,0.386267,0.150693,0.005589,9648.441029,12.472972
11.520000,22.000000,33.226179,4.763473,0.386418,0.150749,0.005590,9644.270499,12.467581
11.530000,22.000000,33.273841,4.766169,0.386569,0.150805,0.005591,9640.102250,12.462192
11.540000,22.000000,33.321529,4.768863,0.386720,0.150861,0.005591,9635.936282,12.456807
11.550000,22.000000,33.369245,4.771556,0.386871,0.150917,0.005592,9631.772596,12.451424
11.560000,22.000000,33.416987,4.774248,0.387022,0.150973,0.005593,9627.611190,12.446045
11.570000,22.000000,33.464757,4.776937,0.387173,0.151029,0.005594,9623.452066,12.440668
11.580000,22.000000,33.512553,4.779626,0.387324,0.151085,0.005594,9619.295225,12.435294
11.590000,22.000000,33.560376,4.782313,0.387475,0.151141,0.005595,9615.140665,12.429923
11.600000,22.000000,33.608226,4.784998,0.387626,0.151197,0.005596,9610.988387,12.424555
11.610000,22.000000,33.656103,4.787682,0.387777,0.151253,0.005597,9606.838392,12.419191
11.620000,22.000000,33.704006,4.790364,0.387929,0.151309,0.005597,9602.690680,12.413829
11.630000,22.000000,33.751937,4.793045,0.388080,0.151365,0.005598,9598.545251,12.408470
11.640000,22.000000,33.799894,4.795725,0.388231,0.151421,0.005599,9594.402105,12.403114
11.650000,22.000000,33.847878,4.798403,0.388382,0.151477,0.005599,9590.261242,12.397761
11.660000,22.000000,33.895889,4.801080,0.388534,0.151533,0.005600,9586.122663,12.392410
11.670000,22.000000,33.943927,4.803755,0.388685,0.151589,0.005601,9581.986368,12.387063
11.680000,22.000000,33.991991,4.806428,0.388836,0.151645,0.005601,9577.852357,12.381719
11.690000,22.000000,34.040082,4.809100,0.388988,0.151701,0.005602,9573.720629,12.376378
11.700000,22.000000,34.088200,4.811771,0.389139,0.151757,0.005603,9569.591186,12.371039
11.710000,22.000000,34.136344,4.814440,0.389291,0.151813,0.005604,9565.464027,12.365704
11.720000,22.000000,34.184515,4.817108,0.389442,0.151869,0.005604,9561.339153,12.360372
11.730000,22.000000,34.232713,4.819774,0.389593,0.151925,0.005605,9557.216564,12.355042
11.740000,22.000000,34.280937,4.822439,0.389745,0.151981,0.005606,9553.096259,12.349716
11.750000,22.000000,34.329188,4.825102,0.389897,0.152037,0.005606,9548.978239,12.344392
11.760000,22.000000,34.377466,4.827764,0.390048,0.152093,0.005607,9544.862504,12.339072
11.770000,22.000000,34.425770,4.830424,0.390200,0.152149,0.005608,9540.749054,12.333754
11.780000,22.000000,34.474101,4.833083,0.390351,0.152205,0.005608,9536.637890,12.328439
11.790000,22.000000,34.522458,4.835741,0.390503,0.152261,0.005609,9532.529010,12.323128
11.800000,22.000000,34.570842,4.838396,0.390655,0.152318,0.005610,9528.422416,12.317819
11.810000,22.000000,34.619253,4.841051,0.390806,0.152374,0.005610,9524.318108,12.312513
11.820000,22.000000,34.667690,4.843704,0.390958,0.152430,0.005611,9520.216085,12.307210
11.830000,22.000000,34.716153,4.846355,0.391110,0.152486,0.005612,9516.116348,12.301910
11.840000,22.000000,34.764643,4.849005,0.391262,0.152542,0.005612,9512.018897,12.296613
11.850000,22.000000,34.813160,4.851654,0.391414,0.152598,0.005613,9507.923731,12.291319
11.860000,22.000000,34.861703,4.854301,0.391566,0.152654,0.005614,9503.830851,12.286028
11.870000,22.000000,34.910272,4.856946,0.391717,0.152711,0.005614,9499.740257,12.280740
11.880000,22.000000,34.958868,4.859590,0.391869,0.152767,0.005615,9495.651949,12.275455
11.890000,22.000000,35.007491,4.862233,0.392021,0.152823,0.005615,9491.565927,12.270173
11.900000,22.000000,35.056139,4.864874,0.392173,0.152879,0.005616,9487.482190,12.264893
11.910000,22.000000,35.104815,4.867514,0.392325,0.152935,0.005617,9483.400740,12.259617
11.920000,22.000000,35.153516,4.870152,0.392477,0.152991,0.005617,9479.321575,12.254344
11.930000,22.000000,35.202244,4.872789,0.392629,0.153048,0.005618,9475.244697,12.249074
11.940000,22.000000,35.250998,4.875424,0.392781,0.153104,0.005619,9471.170104,12.243806
11.950000,22.000000,35.299779,4.878057,0.392933,0.153160,0.005619,9467.097798,12.238542
11.960000,22.000000,35.348586,4.880690,0.393086,0.153216,0.005620,9463.027777,12.233280
11.970000,22.000000,35.397419,4.883320,0.393238,0.153272,0.005620,9458.960042,12.228022
11.980000,22.000000,35.446278,4.885950,0.393390,0.153329,0.005621,9454.894593,12.222766
11.990000,22.000000,35.495164,4.888578,0.393542,0.153385,0.005622,9450.831430,12.217513
12.000000,22.000000,35.544076,4.891204,0.393694,0.153441,0.005622,9446.770553,12.212264
12.010000,22.000000,35.593014,4.893829,0.393847,0.153497,0.005623,9442.711961,12.207017
12.020000,22.000000,35.641979,4.896452,0.393999,0.153554,0.005623,9438.655655,12.201773
12.030000,22.000000,35.690970,4.899074,0.394151,0.153610,0.005624,9434.601635,12.196532
12.040000,22.000000,35.739987,4.901694,0.394303,0.153666,0.005625,9430.549900,12.191295
12.050000,22.000000,35.789030,4.904313,0.394456,0.153722,0.005625,9426.500451,12.186060
12.060000,22.000000,35.838099,4.906931,0.394608,0.153779,0.005626,9422.453287,12.180828
12.070000,22.000000,35.887195,4.909547,0.394761,0.153835,0.005626,9418.408408,12.175599
12.080000,22.000000,35.936316,4.912161,0.394913,0.153891,0.005627,9414.365815,12.170373
12.090000,22.000000,35.985464,4.914774,0.395066,0.153947,0.005628,9410.325507,12.165150
12.100000,22.000000,36.034638,4.917386,0.395218,0.154004,0.005628,9406.287483,12.159929
12.110000,22.000000,36.083838,4.919996,0.395371,0.154060,0.005629,9402.251745,12.154712
12.120000,22.000000,36.133064,4.922605,0.395523,0.154116,0.005629,9398.218292,12.149498
12.130000,22.000000,36.182316,4.925212,0.395676,0.154173,0.005630,9394.187123,12.144287
12.140000,22.000000,36.231594,4.927818,0.395828,0.154229,0.005630,9390.158238,12.139078
12.150000,22.000000,36.280898,4.930422,0.395981,0.154285,0.005631,9386.131638,12.133873
12.160000,22.000000,36.330229,4.933024,0.396133,0.154342,0.005632,9382.107323,12.128671
12.170000,22.000000,36.379585,4.935626,0.396286,0.154398,0.005632,9378.085291,12.123471
12.180000,22.000000,36.428967,4.938225,0.396439,0.154454,0.005633,9374.065544,12.118275
12.190000,22.000000,36.478375,4.940824,0.396592,0.154511,0.005633,9370.048080,12.113081
12.200000,22.000000,36.527809,4.943420,0.396744,0.154567,0.005634,9366.032900,12.107891
12.210000,22.000000,36.577270,4.946016,0.396897,0.154623,0.005634,9362.020003,12.102703
12.220000,22.000000,36.626756,4.948610,0.397050,0.154680,0.005635,9358.009390,12.097518
12.230000,22.000000,36.676268,4.951202,0.397203,0.154736,0.005635,9354.001060,12.092336
12.240000,22.000000,36.725806,4.953793,0.397355,0.154792,0.005636,9349.995012,12.087158
12.250000,22.000000,36.775370,4.956382,0.397508,0.154849,0.005636,9345.991248,12.081982
12.260000,22.000000,36.824959,4.958970,0.397661,0.154905,0.005637,9341.989766,12.076809
12.270000,22.000000,36.874575,4.961557,0.397814,0.154962,0.005637,9337.990566,12.071639
12.280000,22.000000,36.924216,4.964142,0.397967,0.155018,0.005638,9333.993648,12.066472
12.290000,22.000000,36.973883,4.966725,0.398120,0.155074,0.005639,9329.999013,12.061308
12.300000,22.000000,37.023577,4.969307,0.398273,0.155131,0.005639,9326.006659,12.056147
12.310000,22.000000,37.073295,4.971888,0.398426,0.155187,0.005640,9322.016586,12.050989
12.320000,22.000000,37.123040,4.974467,0.398579,0.155244,0.005640,9318.028795,12.045833
12.330000,22.000000,37.172811,4.977045,0.398732,0.155300,0.005641,9314.043285,12.040681
12.340000,22.000000,37.222607,4.979621,0.398885,0.155356,0.005641,9310.060055,12.035532
12.350000,22.000000,37.272429,4.982195,0.399038,0.155413,0.005642,9306.079106,12.030386
12.360000,22.000000,37.322276,4.984769,0.399191,0.155469,0.005642,9302.100437,12.025242
12.370000,22.000000,37.372150,4.987340,0.399344,0.155526,0.005643,9298.124048,12.020102
12.380000,22.000000,37.422049,4.989911,0.399498,0.155582,0.005643,9294.149939,12.014964
12.390000,22.000000,37.471974,4.992479,0.399651,0.155639,0.005644,9290.178110,12.009830
12.400000,22.000000,37.521924,4.995047,0.399804,0.155695,0.005644,9286.208559,12.004698
12.410000,22.000000,37.571900,4.997613,0.399957,0.155752,0.005645,9282.241287,11.999569
12.420000,22.000000,37.621902,5.000177,0.400110,0.155808,0.005645,9278.276294,11.994444
12.430000,22.000000,37.671929,5.002740,0.400264,0.155864,0.005645,9274.313579,11.989321
12.440000,22.000000,37.721982,5.005301,0.400417,0.155921,0.005646,9270.353143,11.984201
12.450000,22.000000,37.772061,5.007861,0.400570,0.155977,0.005646,9266.394984,11.979084
12.460000,22.000000,37.822165,5.010420,0.400724,0.156034,0.005647,9262.439102,11.973970
12.470000,22.000000,37.872295,5.012977,0.400877,0.156090,0.005647,9258.485497,11.968859
12.480000,22.000000,37.922450,5.015532,0.401030,0.156147,0.005648,9254.534169,11.963751
12.490000,22.000000,37.972631,5.018086,0.401184,0.156203,0.005648,9250.585118,11.958646
12.500000,22.000000,38.022838,5.020639,0.401337,0.156260,0.005649,9246.638343,11.953544
12.510000,22.000000,38.073069,5.023190,0.401491,0.156316,0.005649,9242.693843,11.948445
12.520000,22.000000,38.123327,5.025739,0.401644,0.156373,0.005650,9238.751619,11.943348
12.530000,22.000000,38.173610,5.028288,0.401798,0.156429,0.005650,9234.811670,11.938255
12.540000,22.000000,38.223918,5.030834,0.401951,0.156486,0.005651,9230.873995,11.933165
12.550000,22.000000,38.274252,5.033380,0.402105,0.156542,0.005651,9226.938595,11.928077
12.560000,22.000000,38.324611,5.035923,0.402258,0.156599,0.005652,9223.005469,11.922993
12.570000,22.000000,38.374996,5.038466,0.402412,0.156656,0.005652,9219.074617,11.917911
12.580000,22.000000,38.425406,5.041006,0.402566,0.156712,0.005652,9215.146038,11.912832
12.590000,22.000000,38.475841,5.043546,0.402719,0.156769,0.005653,9211.219732,11.907757
12.600000,22.000000,38.526302,5.046084,0.402873,0.156825,0.005653,9207.295698,11.902684
12.610000,22.000000,38.576788,5.048620,0.403027,0.156882,0.005654,9203.373936,11.897614
12.620000,22.000000,38.627300,5.051155,0.403180,0.156938,0.005654,9199.454446,11.892547
12.630000,22.000000,38.677837,5.053688,0.403334,0.156995,0.005655,9195.537228,11.887483
12.640000,22.000000,38.728399,5.056220,0.403488,0.157051,0.005655,9191.622280,11.882422
12.650000,22.000000,38.778986,5.058751,0.403642,0.157108,0.005655,9187.709603,11.877364
12.660000,22.000000,38.829599,5.061280,0.403795,0.157164,0.005656,9183.799196,11.872309
12.670000,22.000000,38.880237,5.063808,0.403949,0.157221,0.005656,9179.891059,11.867257
12.680000,22.000000,38.930901,5.066334,0.404103,0.157278,0.005657,9175.985191,11.862207
12.690000,22.000000,38.981589,5.068858,0.404257,0.157334,0.005657,9172.081592,11.857161
12.700000,22.000000,39.032303,5.071382,0.404411,0.157391,0.005657,9168.180261,11.852118
12.710000,22.000000,39.083042,5.073903,0.404565,0.157447,0.005658,9164.281198,11.847077
12.720000,22.000000,39.133806,5.076424,0.404718,0.157504,0.005658,9160.384403,11.842039
12.730000,22.000000,39.184596,5.078942,0.404872,0.157561,0.005659,9156.489875,11.837005
12.740000,22.000000,39.235410,5.081460,0.405026,0.157617,0.005659,9152.597613,11.831973
12.750000,22.000000,39.286250,5.083976,0.405180,0.157674,0.005659,9148.707618,11.826944
12.760000,22.000000,39.337115,5.086490,0.405334,0.157730,0.005660,9144.819888,11.821919
12.770000,22.000000,39.388005,5.089003,0.405488,0.157787,0.005660,9140.934424,11.816896
12.780000,22.000000,39.438920,5.091515,0.405642,0.157844,0.005661,9137.051225,11.811876
12.790000,22.000000,39.489860,5.094025,0.405796,0.157900,0.005661,9133.170289,11.806859
12.800000,22.000000,39.540826,5.096533,0.405951,0.157957,0.005661,9129.291618,11.801844
12.810000,22.000000,39.591816,5.099040,0.406105,0.158014,0.005662,9125.415210,11.796833
12.820000,22.000000,39.642832,5.101546,0.406259,0.158070,0.005662,9121.541065,11.791825
12.830000,22.000000,39.693872,5.104050,0.406413,0.158127,0.005663,9117.669182,11.786820
12.840000,22.000000,39.744938,5.106553,0.406567,0.158183,0.005663,9113.799561,11.781817
12.850000,22.000000,39.796028,5.109054,0.406721,0.158240,0.005663,9109.932202,11.776818
12.860000,22.000000,39.847144,5.111554,0.406875,0.158297,0.005664,9106.067103,11.771821
12.870000,22.000000,39.898284,5.114052,0.407030,0.158353,0.005664,9102.204265,11.766827
12.880000,22.000000,39.949450,5.116549,0.407184,0.158410,0.005664,9098.343686,11.761837
12.890000,22.000000,40.000640,5.119044,0.407338,0.158467,0.005665,9094.485367,11.756849
12.900000,22.000000,40.051856,5.121538,0.407493,0.158523,0.005665,9090.629307,11.751864
12.910000,22.000000,40.103096,5.124031,0.407647,0.158580,0.005665,9086.775505,11.746882
12.920000,22.000000,40.154361,5.126522,0.407801,0.158637,0.005666,9082.923960,11.741903
12.930000,22.000000,40.205651,5.129011,0.407955,0.158693,0.005666,9079.074673,11.736927
12.940000,22.000000,40.256966,5.131499,0.408110,0.158750,0.005666,9075.227643,11.731954
12.950000,22.000000,40.308306,5.133986,0.408264,0.158807,0.005667,9071.382868,11.726983
12.960000,22.000000,40.359671,5.136471,0.408419,0.158863,0.005667,9067.540349,11.722016
12.970000,22.000000,40.411060,5.138955,0.408573,0.158920,0.005668,9063.700085,11.717051
12.980000,22.000000,40.462475,5.141437,0.408728,0.158977,0.005668,9059.862076,11.712090
12.990000,22.000000,40.513914,5.143918,0.408882,0.159033,0.005668,9056.026321,11.707131
13.000000,22.000000,40.565378,5.146397,0.409036,0.159090,0.005669,9052.192818,11.702175
13.010000,22.000000,40.616867,5.148875,0.409191,0.159147,0.005669,9048.361569,11.697223
13.020000,22.000000,40.668380,5.151352,0.409345,0.159204,0.005669,9044.532572,11.692273
13.030000,22.000000,40.719918,5.153827,0.409500,0.159260,0.005669,9040.705826,11.687326
13.040000,22.000000,40.771481,5.156300,0.409655,0.159317,0.005670,9036.881331,11.682382
13.050000,22.000000,40.823069,5.158772,0.409809,0.159374,0.005670,9033.059087,11.677440
13.060000,22.000000,40.874682,5.161243,0.409964,0.159430,0.005670,9029.239092,11.672502
13.070000,22.000000,40.926319,5.163712,0.410118,0.159487,0.005671,9025.421347,11.667567
13.080000,22.000000,40.977980,5.166180,0.410273,0.159544,0.005671,9021.605850,11.662634
13.090000,22.000000,41.029667,5.168646,0.410428,0.159601,0.005671,9017.792602,11.657705
13.100000,22.000000,41.081378,5.171111,0.410582,0.159657,0.005672,9013.981600,11.652778
13.110000,22.000000,41.133114,5.173574,0.410737,0.159714,0.005672,9010.172846,11.647854
13.120000,22.000000,41.184874,5.176036,0.410892,0.159771,0.005672,9006.366338,11.642933
13.130000,22.000000,41.236659,5.178496,0.411046,0.159828,0.005673,9002.562075,11.638016
13.140000,22.000000,41.288469,5.180955,0.411201,0.159884,0.005673,8998.760057,11.633100
13.150000,22.000000,41.340303,5.183413,0.411356,0.159941,0.005673,8994.960283,11.628188
13.160000,22.000000,41.392161,5.185869,0.411511,0.159998,0.005673,8991.162753,11.623279
13.170000,22.000000,41.444045,5.188324,0.411666,0.160055,0.005674,8987.367466,11.618373
13.180000,22.000000,41.495952,5.190777,0.411820,0.160111,0.005674,8983.574422,11.613469
13.190000,22.000000,41.547885,5.193229,0.411975,0.160168,0.005674,8979.783619,11.608569
13.200000,22.000000,41.599842,5.195679,0.412130,0.160225,0.005675,8975.995057,11.603671
13.210000,22.000000,41.651823,5.198128,0.412285,0.160282,0.005675,8972.208736,11.598776
13.220000,22.000000,41.703829,5.200575,0.412440,0.160338,0.005675,8968.424654,11.593885
13.230000,22.000000,41.755859,5.203021,0.412595,0.160395,0.005675,8964.642812,11.588996
13.240000,22.000000,41.807913,5.205466,0.412750,0.160452,0.005676,8960.863208,11.584110
13.250000,22.000000,41.859993,5.207909,0.412905,0.160509,0.005676,8957.085841,11.579226
13.260000,22.000000,41.912096,5.210350,0.413060,0.160565,0.005676,8953.310712,11.574346
13.270000,22.000000,41.964224,5.212790,0.413215,0.160622,0.005677,8949.537819,11.569469
13.280000,22.000000,42.016376,5.215229,0.413370,0.160679,0.005677,8945.767162,11.564594
13.290000,22.000000,42.068553,5.217666,0.413525,0.160736,0.005677,8941.998740,11.559723
13.300000,22.000000,42.120754,5.220102,0.413680,0.160793,0.005677,8938.232552,11.554854
13.310000,22.000000,42.172979,5.222537,0.413835,0.160849,0.005678,8934.468598,11.549988
13.320000,22.000000,42.225229,5.224969,0.413990,0.160906,0.005678,8930.706877,11.545125
13.330000,22.000000,42.277503,5.227401,0.414145,0.160963,0.005678,8926.947388,11.540265
13.340000,22.000000,42.329801,5.229831,0.414300,0.161020,0.005678,8923.190131,11.535408
13.350000,22.000000,42.382124,5.232260,0.414455,0.161076,0.005679,8919.435105,11.530554
13.360000,22.000000,42.434471,5.234687,0.414610,0.161133,0.005679,8915.682309,11.525702
13.370000,22.000000,42.486842,5.237113,0.414765,0.161190,0.005679,8911.931742,11.520854
13.380000,22.000000,42.539237,5.239537,0.414921,0.161247,0.005679,8908.183404,11.516008
13.390000,22.000000,42.591657,5.241960,0.415076,0.161304,0.005680,8904.437293,11.511165
13.400000,22.000000,42.644101,5.244381,0.415231,0.161361,0.005680,8900.693410,11.506325
13.410000,22.000000,42.696569,5.246801,0.415386,0.161417,0.005680,8896.951754,11.501488
13.420000,22.000000,42.749061,5.249220,0.415541,0.161474,0.005680,8893.212323,11.496654
13.430000,22.000000,42.801577,5.251637,0.415697,0.161531,0.005680,8889.475118,11.491823
13.440000,22.000000,42.854118,5.254052,0.415852,0.161588,0.005681,8885.740137,11.486995
13.450000,22.000000,42.906682,5.256467,0.416007,0.161645,0.005681,8882.007379,11.482169
13.460000,22.000000,42.959271,5.258879,0.416163,0.161701,0.005681,8878.276844,11.477346
13.470000,22.000000,43.011884,5.261291,0.416318,0.161758,0.005681,8874.548532,11.472527
13.480000,22.000000,43.064521,5.263701,0.416473,0.161815,0.005682,8870.822440,11.467710
13.490000,22.000000,43.117182,5.266109,0.416629,0.161872,0.005682,8867.098569,11.462896
13.500000,22.000000,43.169867,5.268516,0.416784,0.161929,0.005682,8863.376918,11.458085
13.510000,22.000000,43.222577,5.270922,0.416939,0.161986,0.005682,8859.657486,11.453276
13.520000,22.000000,43.275310,5.273326,0.417095,0.162042,0.005682,8855.940273,11.448471
13.530000,22.000000,43.328067,5.275728,0.417250,0.162099,0.005683,8852.225276,11.443668
13.540000,22.000000,43.380848,5.278130,0.417406,0.162156,0.005683,8848.512497,11.438869
13.550000,22.000000,43.433654,5.280530,0.417561,0.162213,0.005683,8844.801933,11.434072
13.560000,22.000000,43.486483,5.282928,0.417717,0.162270,0.005683,8841.093585,11.429278
13.570000,22.000000,43.539336,5.285325,0.417872,0.162327,0.005683,8837.387451,11.424487
13.580000,22.000000,43.592213,5.287721,0.418028,0.162383,0.005684,8833.683530,11.419699
13.590000,22.000000,43.645115,5.290115,0.418183,0.162440,0.005684,8829.981823,11.414913
13.600000,22.000000,43.698040,5.292507,0.418339,0.162497,0.005684,8826.282327,11.410131
13.610000,22.000000,43.750989,5.294899,0.418494,0.162554,0.005684,8822.585043,11.405351
13.620000,22.000000,43.803962,5.297289,0.418650,0.162611,0.005684,8818.889969,11.400574
13.630000,22.000000,43.856958,5.299677,0.418805,0.162668,0.005685,8815.197104,11.395800
13.640000,22.000000,43.909979,5.302064,0.418961,0.162725,0.005685,8811.506448,11.391029
13.650000,22.000000,43.963023,5.304450,0.419117,0.162781,0.005685,8807.818001,11.386261
13.660000,22.000000,44.016092,5.306834,0.419272,0.162838,0.005685,8804.131760,11.381496
13.670000,22.000000,44.069184,5.309216,0.419428,0.162895,0.005685,8800.447726,11.376733
13.680000,22.000000,44.122300,5.311598,0.419583,0.162952,0.005685,8796.765898,11.371974
13.690000,22.000000,44.175440,5.313978,0.419739,0.163009,0.005686,8793.086274,11.367217
13.700000,22.000000,44.228603,5.316356,0.419895,0.163066,0.005686,8789.408854,11.362463
13.710000,22.000000,44.281791,5.318733,0.420051,0.163123,0.005686,8785.733637,11.357712
13.720000,22.000000,44.335002,5.321109,0.420206,0.163180,0.005686,8782.060622,11.352963
13.730000,22.000000,44.388237,5.323483,0.420362,0.163236,0.005686,8778.389808,11.348218
13.740000,22.000000,44.441495,5.325855,0.420518,0.163293,0.005686,8774.721195,11.343475
13.750000,22.000000,44.494777,5.328227,0.420674,0.163350,0.005687,8771.054782,11.338736
13.760000,22.000000,44.548083,5.330597,0.420829,0.163407,0.005687,8767.390568,11.333999
13.770000,22.000000,44.601413,5.332965,0.420985,0.163464,0.005687,8763.728552,11.329265
13.780000,22.000000,44.654766,5.335332,0.421141,0.163521,0.005687,8760.068732,11.324533
13.790000,22.000000,44.708143,5.337698,0.421297,0.163578,0.005687,8756.411110,11.319805
13.800000,22.000000,44.761544,5.340062,0.421453,0.163635,0.005687,8752.755682,11.315080
13.810000,22.000000,44.814968,5.342425,0.421608,0.163691,0.005687,8749.102449,11.310357
13.820000,22.000000,44.868416,5.344786,0.421764,0.163748,0.005688,8745.451410,11.305637
13.830000,22.000000,44.921887,5.347146,0.421920,0.163805,0.005688,8741.802564,11.300920
13.840000,22.000000,44.975382,5.349505,0.422076,0.163862,0.005688,8738.155909,11.296206
13.850000,22.000000,45.028901,5.351862,0.422232,0.163919,0.005688,8734.511446,11.291494
13.860000,22.000000,45.082443,5.354217,0.422388,0.163976,0.005688,8730.869173,11.286786
13.870000,22.000000,45.136009,5.356572,0.422544,0.164033,0.005688,8727.229089,11.282080
13.880000,22.000000,45.189598,5.358925,0.422700,0.164090,0.005688,8723.591194,11.277377
13.890000,22.000000,45.243211,5.361276,0.422856,0.164147,0.005688,8719.955487,11.272677
13.900000,22.000000,45.296847,5.363626,0.423012,0.164203,0.005689,8716.321966,11.267980
13.910000,22.000000,45.350507,5.365975,0.423168,0.164260,0.005689,8712.690630,11.263286
13.920000,22.000000,45.404190,5.368322,0.423324,0.164317,0.005689,8709.061480,11.258594
13.930000,22.000000,45.457897,5.370668,0.423480,0.164374,0.005689,8705.434514,11.253905
13.940000,22.000000,45.511627,5.373012,0.423636,0.164431,0.005689,8701.809731,11.249219
13.950000,22.000000,45.565381,5.375355,0.423792,0.164488,0.005689,8698.187130,11.244536
13.960000,22.000000,45.619158,5.377697,0.423948,0.164545,0.005689,8694.566711,11.239856
13.970000,22.000000,45.672958,5.380037,0.424104,0.164602,0.005689,8690.948471,11.235179
13.980000,22.000000,45.726782,5.382376,0.424260,0.164659,0.005689,8687.332412,11.230504
13.990000,22.000000,45.780629,5.384713,0.424416,0.164716,0.005690,8683.718531,11.225832
14.000000,22.000000,45.834499,5.387049,0.424572,0.164773,0.005690,8680.106827,11.221163
14.010000,22.000000,45.888393,5.389383,0.424729,0.164829,0.005690,8676.497301,11.216497
14.020000,22.000000,45.942310,5.391717,0.424885,0.164886,0.005690,8672.889950,11.211834
14.030000,22.000000,45.996251,5.394048,0.425041,0.164943,0.005690,8669.284774,11.207173
14.040000,22.000000,46.050215,5.396379,0.425197,0.165000,0.005690,8665.681772,11.202515
14.050000,22.000000,46.104202,5.398707,0.425353,0.165057,0.005690,8662.080943,11.197860
14.060000,22.000000,46.158212,5.401035,0.425510,0.165114,0.005690,8658.482286,11.193208
14.070000,22.000000,46.212246,5.403361,0.425666,0.165171,0.005690,8654.885801,11.188559
14.080000,22.000000,46.266302,5.405686,0.425822,0.165228,0.005690,8651.291486,11.183912
14.090000,22.000000,46.320383,5.408009,0.425978,0.165285,0.005690,8647.699340,11.179269
14.100000,22.000000,46.374486,5.410331,0.426135,0.165342,0.005691,8644.109362,11.174628
14.110000,22.000000,46.428612,5.412651,0.426291,0.165399,0.005691,8640.521552,11.169989
14.120000,22.000000,46.482762,5.414970,0.426447,0.165455,0.005691,8636.935908,11.165354
14.130000,22.000000,46.536935,5.417288,0.426603,0.165512,0.005691,8633.352430,11.160722
14.140000,22.000000,46.591131,5.419604,0.426760,0.165569,0.005691,8629.771117,11.156092
14.150000,22.000000,46.645350,5.421919,0.426916,0.165626,0.005691,8626.191967,11.151465
14.160000,22.000000,46.699593,5.424233,0.427072,0.165683,0.005691,8622.614979,11.146841
14.170000,22.000000,46.753858,5.426545,0.427229,0.165740,0.005691,8619.040154,11.142220
14.180000,22.000000,46.808147,5.428856,0.427385,0.165797,0.005691,8615.467489,11.137601
14.190000,22.000000,46.862458,5.431165,0.427541,0.165854,0.005691,8611.896984,11.132985
14.200000,22.000000,46.916793,5.433473,0.427698,0.165911,0.005691,8608.328638,11.128372
14.210000,22.000000,46.971151,5.435779,0.427854,0.165968,0.005691,8604.762450,11.123762
14.220000,22.000000,47.025532,5.438084,0.428011,0.166025,0.005691,8601.198418,11.119155
14.230000,22.000000,47.079935,5.440388,0.428167,0.166082,0.005691,8597.636543,11.114550
14.240000,22.000000,47.134362,5.442690,0.428324,0.166139,0.005691,8594.076822,11.109948
14.250000,22.000000,47.188812,5.444991,0.428480,0.166195,0.005692,8590.519256,11.105349
14.260000,22.000000,47.243285,5.447291,0.428636,0.166252,0.005692,8586.963842,11.100753
14.270000,22.000000,47.297781,5.449589,0.428793,0.166309,0.005692,8583.410580,11.096160
14.280000,22.000000,47.352300,5.451886,0.428949,0.166366,0.005692,8579.859470,11.091569
14.290000,22.000000,47.406842,5.454181,0.429106,0.166423,0.005692,8576.310509,11.086981
14.300000,22.000000,47.461406,5.456475,0.429262,0.166480,0.005692,8572.763697,11.082396
14.310000,22.000000,47.515994,5.458768,0.429419,0.166537,0.005692,8569.219034,11.077814
14.320000,22.000000,47.570605,5.461059,0.429576,0.166594,0.005692,8565.676517,11.073234
14.330000,22.000000,47.625238,5.463349,0.429732,0.166651,0.005692,8562.136147,11.068657
14.340000,22.000000,47.679895,5.465637,0.429889,0.166708,0.005692,8558.597921,11.064083
14.350000,22.000000,47.734574,5.467924,0.430045,0.166765,0.005692,8555.061840,11.059512
14.360000,22.000000,47.789276,5.470210,0.430202,0.166822,0.005692,8551.527902,11.054943
14.370000,22.000000,47.844001,5.472494,0.430358,0.166879,0.005692,8547.996105,11.050378
14.380000,22.000000,47.898749,5.474777,0.430515,0.166936,0.005692,8544.466450,11.045815
14.390000,22.000000,47.953519,5.477058,0.430672,0.166993,0.005692,8540.938935,11.041255
14.400000,22.000000,48.008313,5.479339,0.430828,0.167049,0.005692,8537.413558,11.036697
14.410000,22.000000,48.063129,5.481617,0.430985,0.167106,0.005692,8533.890320,11.032143
14.420000,22.000000,48.117968,5.483895,0.431142,0.167163,0.005692,8530.369219,11.027591
14.430000,22.000000,48.172829,5.486171,0.431298,0.167220,0.005692,8526.850253,11.023042
14.440000,22.000000,48.227714,5.488445,0.431455,0.167277,0.005692,8523.333423,11.018495
14.450000,22.000000,48.282621,5.490718,0.431612,0.167334,0.005692,8519.818726,11.013952
14.460000,22.000000,48.337551,5.492990,0.431768,0.167391,0.005692,8516.306163,11.009411
14.470000,22.000000,48.392504,5.495261,0.431925,0.167448,0.005692,8512.795731,11.004873
14.480000,22.000000,48.447479,5.497530,0.432082,0.167505,0.005692,8509.287430,11.000337
14.490000,22.000000,48.502477,5.499797,0.432239,0.167562,0.005692,8505.781259,10.995805
14.500000,22.000000,48.557497,5.502064,0.432395,0.167619,0.005692,8502.277216,10.991275
14.510000,22.000000,48.612541,5.504329,0.432552,0.167676,0.005692,8498.775301,10.986748
14.520000,22.000000,48.667607,5.506592,0.432709,0.167733,0.005692,8495.275513,10.982223
14.530000,22.000000,48.722695,5.508854,0.432866,0.167790,0.005692,8491.777851,10.977702
14.540000,22.000000,48.777806,5.511115,0.433022,0.167846,0.005692,8488.282313,10.973183
14.550000,22.000000,48.832940,5.513375,0.433179,0.167903,0.005692,8484.788899,10.968667
14.560000,22.000000,48.888096,5.515633,0.433336,0.167960,0.005692,8481.297607,10.964154
14.570000,22.000000,48.943275,5.517889,0.433493,0.168017,0.005692,8477.808437,10.959643
14.580000,22.000000,48.998477,5.520145,0.433650,0.168074,0.005692,8474.321387,10.955135
14.590000,22.000000,49.053701,5.522399,0.433807,0.168131,0.005692,8470.836456,10.950630
14.600000,22.000000,49.108947,5.524651,0.433964,0.168188,0.005692,8467.353644,10.946128
14.610000,22.000000,49.164216,5.526902,0.434120,0.168245,0.005692,8463.872949,10.941628
14.620000,22.000000,49.219508,5.529152,0.434277,0.168302,0.005692,8460.394370,10.937131
14.630000,22.000000,49.274822,5.531401,0.434434,0.168359,0.005692,8456.917906,10.932637
14.640000,22.000000,49.330158,5.533648,0.434591,0.168416,0.005692,8453.443557,10.928145
14.650000,22.000000,49.385517,5.535894,0.434748,0.168473,0.005692,8449.971320,10.923657
14.660000,22.000000,49.440899,5.538138,0.434905,0.168530,0.005692,8446.501195,10.919171
14.670000,22.000000,49.496302,5.540381,0.435062,0.168587,0.005692,8443.033181,10.914687
14.680000,22.000000,49.551729,5.542623,0.435219,0.168644,0.005692,8439.567277,10.910207
14.690000,22.000000,49.607177,5.544863,0.435376,0.168700,0.005692,8436.103482,10.905729
14.700000,22.000000,49.662648,5.547102,0.435533,0.168757,0.005692,8432.641794,10.901254
14.710000,22.000000,49.718142,5.549339,0.435690,0.168814,0.005692,8429.182213,10.896782
14.720000,22.000000,49.773657,5.551576,0.435847,0.168871,0.005692,8425.724737,10.892312
14.730000,22.000000,49.829196,5.553810,0.436004,0.168928,0.005692,8422.269366,10.887845
14.740000,22.000000,49.884756,5.556044,0.436161,0.168985,0.005692,8418.816098,10.883381
14.750000,22.000000,49.940339,5.558276,0.436318,0.169042,0.005691,8415.364933,10.878919
14.760000,22.000000,49.995944,5.560507,0.436475,0.169099,0.005691,8411.915868,10.874461
14.770000,22.000000,50.051571,5.562736,0.436632,0.169156,0.005691,8408.468904,10.870005
14.780000,22.000000,50.107221,5.564964,0.436789,0.169213,0.005691,8405.024038,10.865551
14.790000,22.000000,50.162893,5.567191,0.436946,0.169270,0.005691,8401.581271,10.861101
14.800000,22.000000,50.218587,5.569416,0.437103,0.169327,0.005691,8398.140600,10.856653
14.810000,22.000000,50.274303,5.571640,0.437260,0.169384,0.005691,8394.702025,10.852208
14.820000,22.000000,50.330042,5.573863,0.437417,0.169440,0.005691,8391.265545,10.847765
14.830000,22.000000,50.385803,5.576084,0.437574,0.169497,0.005691,8387.831158,10.843325
14.840000,22.000000,50.441586,5.578304,0.437731,0.169554,0.005691,8384.398864,10.838888
14.850000,22.000000,50.497391,5.580523,0.437889,0.169611,0.005691,8380.968661,10.834454
14.860000,22.000000,50.553218,5.582740,0.438046,0.169668,0.005691,8377.540548,10.830022
14.870000,22.000000,50.609068,5.584956,0.438203,0.169725,0.005691,8374.114524,10.825593
14.880000,22.000000,50.664940,5.587170,0.438360,0.169782,0.005691,8370.690589,10.821167
14.890000,22.000000,50.720834,5.589383,0.438517,0.169839,0.005691,8367.268740,10.816743
14.900000,22.000000,50.776749,5.591595,0.438674,0.169896,0.005691,8363.848977,10.812322
14.910000,22.000000,50.832688,5.593806,0.438831,0.169953,0.005690,8360.431299,10.807904
14.920000,22.000000,50.888648,5.596015,0.438989,0.170010,0.005690,8357.015704,10.803489
14.930000,22.000000,50.944630,5.598222,0.439146,0.170067,0.005690,8353.602192,10.799076
14.940000,22.000000,51.000634,5.600429,0.439303,0.170124,0.005690,8350.190761,10.794666
14.950000,22.000000,51.056661,5.602634,0.439460,0.170180,0.005690,8346.781411,10.790258
14.960000,22.000000,51.112709,5.604838,0.439617,0.170237,0.005690,8343.374139,10.785854
14.970000,22.000000,51.168779,5.607040,0.439775,0.170294,0.005690,8339.968946,10.781452
14.980000,22.000000,51.224872,5.609241,0.439932,0.170351,0.005690,8336.565829,10.777052
14.990000,22.000000,51.280986,5.611441,0.440089,0.170408,0.005690,8333.164789,10.772656
15.000000,22.000000,51.337123,5.613639,0.440246,0.170465,0.005690,8329.765822,10.768262
15.010000,22.000000,51.393281,5.615836,0.440404,0.170522,0.005690,8326.368930,10.763870
15.020000,22.000000,51.449461,5.618032,0.440561,0.170579,0.005690,8322.974109,10.759482
15.030000,22.000000,51.505663,5.620226,0.440718,0.170636,0.005689,8319.581360,10.755096
15.040000,22.000000,51.561888,5.622419,0.440876,0.170693,0.005689,8316.190682,10.750712
15.050000,22.000000,51.618134,5.624611,0.441033,0.170750,0.005689,8312.802072,10.746332
15.060000,22.000000,51.674402,5.626801,0.441190,0.170806,0.005689,8309.415530,10.741954
15.070000,22.000000,51.730692,5.628990,0.441348,0.170863,0.005689,8306.031054,10.737579
15.080000,22.000000,51.787003,5.631178,0.441505,0.170920,0.005689,8302.648645,10.733206
15.090000,22.000000,51.843337,5.633364,0.441662,0.170977,0.005689,8299.268299,10.728836
15.100000,22.000000,51.899693,5.635549,0.441820,0.171034,0.005689,8295.890017,10.724469
15.110000,22.000000,51.956070,5.637733,0.441977,0.171091,0.005689,8292.513798,10.720104
15.120000,22.000000,52.012469,5.639915,0.442134,0.171148,0.005688,8289.139639,10.715742
15.130000,22.000000,52.068890,5.642096,0.442292,0.171205,0.005688,8285.767540,10.711383
15.140000,22.000000,52.125333,5.644276,0.442449,0.171262,0.005688,8282.397500,10.707026
15.150000,22.000000,52.181797,5.646454,0.442606,0.171318,0.005688,8279.029517,10.702673
15.160000,22.000000,52.238284,5.648631,0.442764,0.171375,0.005688,8275.663591,10.698321
15.170000,22.000000,52.294792,5.650807,0.442921,0.171432,0.005688,8272.299721,10.693973
15.180000,22.000000,52.351322,5.652981,0.443079,0.171489,0.005688,8268.937904,10.689627
15.190000,22.000000,52.407873,5.655154,0.443236,0.171546,0.005688,8265.578140,10.685283
15.200000,22.000000,52.464446,5.657326,0.443394,0.171603,0.005687,8262.220429,10.680943
15.210000,22.000000,52.521041,5.659496,0.443551,0.171660,0.005687,8258.864767,10.676605
15.220000,22.000000,52.577658,5.661665,0.443708,0.171717,0.005687,8255.511156,10.672269
15.230000,22.000000,52.634296,5.663833,0.443866,0.171774,0.005687,8252.159593,10.667937
15.240000,22.000000,52.690956,5.665999,0.444023,0.171830,0.005687,8248.810077,10.663607
15.250000,22.000000,52.747638,5.668164,0.444181,0.171887,0.005687,8245.462607,10.659279
15.260000,22.000000,52.804341,5.670328,0.444338,0.171944,0.005687,8242.117182,10.654954
15.270000,22.000000,52.861066,5.672490,0.444496,0.172001,0.005687,8238.773801,10.650632
15.280000,22.000000,52.917813,5.674652,0.444653,0.172058,0.005686,8235.432462,10.646313
15.290000,22.000000,52.974581,5.676811,0.444811,0.172115,0.005686,8232.093165,10.641996
15.300000,22.000000,53.031370,5.678970,0.444968,0.172172,0.005686,8228.755908,10.637682
15.310000,22.000000,53.088182,5.681127,0.445126,0.172229,0.005686,8225.420690,10.633370
15.320000,22.000000,53.145015,5.683283,0.445283,0.172285,0.005686,8222.087510,10.629061
15.330000,22.000000,53.201869,5.685437,0.445441,0.172342,0.005686,8218.756366,10.624755
15.340000,22.000000,53.258745,5.687590,0.445598,0.172399,0.005686,8215.427259,10.620451
15.350000,22.000000,53.315642,5.689742,0.445756,0.172456,0.005685,8212.100185,10.616150
15.360000,22.000000,53.372561,5.691893,0.445914,0.172513,0.005685,8208.775145,10.611852
15.370000,22.000000,53.429502,5.694042,0.446071,0.172570,0.005685,8205.452137,10.607556
15.380000,22.000000,53.486463,5.696190,0.446229,0.172627,0.005685,8202.131160,10.603263
15.390000,22.000000,53.543447,5.698337,0.446386,0.172684,0.005685,8198.812213,10.598972
15.400000,22.000000,53.600452,5.700482,0.446544,0.172740,0.005685,8195.495294,10.594684
15.410000,22.000000,53.657478,5.702626,0.446702,0.172797,0.005684,8192.180402,10.590399
15.420000,22.000000,53.714526,5.704768,0.446859,0.172854,0.005684,8188.867537,10.586116
15.430000,22.000000,53.771595,5.706910,0.447017,0.172911,0.005684,8185.556696,10.581836
15.440000,22.000000,53.828685,5.709050,0.447174,0.172968,0.005684,8182.247879,10.577559
15.450000,22.000000,53.885797,5.711189,0.447332,0.173025,0.005684,8178.941085,10.573284
15.460000,22.000000,53.942930,5.713326,0.447490,0.173081,0.005684,8175.636313,10.569012
15.470000,22.000000,54.000085,5.715462,0.447647,0.173138,0.005683,8172.333560,10.564742
15.480000,22.000000,54.057261,5.717597,0.447805,0.173195,0.005683,8169.032827,10.560475
15.490000,22.000000,54.114458,5.719731,0.447963,0.173252,0.005683,8165.734112,10.556210
15.500000,22.000000,54.171677,5.721863,0.448120,0.173309,0.005683,8162.437413,10.551949
15.510000,22.000000,54.228917,5.723994,0.448278,0.173366,0.005683,8159.142730,10.547690
15.520000,22.000000,54.286178,5.726123,0.448436,0.173423,0.005683,8155.850061,10.543433
15.530000,22.000000,54.343461,5.728252,0.448593,0.173479,0.005682,8152.559405,10.539179
15.540000,22.000000,54.400764,5.730379,0.448751,0.173536,0.005682,8149.270761,10.534928
15.550000,22.000000,54.458089,5.732504,0.448909,0.173593,0.005682,8145.984128,10.530679
15.560000,22.000000,54.515436,5.734629,0.449066,0.173650,0.005682,8142.699504,10.526433
15.570000,22.000000,54.572803,5.736752,0.449224,0.173707,0.005682,8139.416888,10.522189
15.580000,22.000000,54.630192,5.738874,0.449382,0.173764,0.005681,8136.136280,10.517948
15.590000,22.000000,54.687602,5.740994,0.449539,0.173820,0.005681,8132.857678,10.513710
15.600000,22.000000,54.745033,5.743113,0.449697,0.173877,0.005681,8129.581080,10.509474
15.610000,22.000000,54.802485,5.745231,0.449855,0.173934,0.005681,8126.306486,10.505241
15.620000,22.000000,54.859959,5.747348,0.450013,0.173991,0.005681,8123.033895,10.501010
15.630000,22.000000,54.917453,5.749463,0.450170,0.174048,0.005680,8119.763304,10.496782
15.640000,22.000000,54.974969,5.751577,0.450328,0.174104,0.005680,8116.494713,10.492557
15.650000,22.000000,55.032506,5.753690,0.450486,0.174161,0.005680,8113.228121,10.488334
15.660000,22.000000,55.090064,5.755802,0.450644,0.174218,0.005680,8109.963527,10.484113
15.670000,22.000000,55.147643,5.757912,0.450802,0.174275,0.005680,8106.700929,10.479896
15.680000,22.000000,55.205243,5.760021,0.450959,0.174332,0.005679,8103.440326,10.475681
15.690000,22.000000,55.262865,5.762128,0.451117,0.174388,0.005679,8100.181717,10.471468
15.700000,22.000000,55.320507,5.764234,0.451275,0.174445,0.005679,8096.925100,10.467258
15.710000,22.000000,55.378170,5.766339,0.451433,0.174502,0.005679,8093.670475,10.463051
15.720000,22.000000,55.435855,5.768443,0.451591,0.174559,0.005679,8090.417841,10.458846
15.730000,22.000000,55.493560,5.770546,0.451748,0.174616,0.005678,8087.167195,10.454644
15.740000,22.000000,55.551287,5.772647,0.451906,0.174672,0.005678,8083.918537,10.450444
15.750000,22.000000,55.609034,5.774747,0.452064,0.174729,0.005678,8080.671866,10.446247
15.760000,22.000000,55.666803,5.776845,0.452222,0.174786,0.005678,8077.427180,10.442052
15.770000,22.000000,55.724592,5.778942,0.452380,0.174843,0.005678,8074.184479,10.437860
15.780000,22.000000,55.782403,5.781038,0.452537,0.174900,0.005677,8070.943760,10.433671
15.790000,22.000000,55.840234,5.783133,0.452695,0.174956,0.005677,8067.705024,10.429484
15.800000,22.000000,55.898086,5.785227,0.452853,0.175013,0.005677,8064.468267,10.425300
15.810000,22.000000,55.955959,5.787319,0.453011,0.175070,0.005677,8061.233491,10.421118
15.820000,22.000000,56.013853,5.789410,0.453169,0.175127,0.005676,8058.000692,10.416939
15.830000,22.000000,56.071768,5.791499,0.453327,0.175183,0.005676,8054.769870,10.412762
15.840000,22.000000,56.129704,5.793588,0.453485,0.175240,0.005676,8051.541024,10.408588
15.850000,22.000000,56.187661,5.795675,0.453643,0.175297,0.005676,8048.314152,10.404416
15.860000,22.000000,56.245639,5.797760,0.453800,0.175354,0.005675,8045.089253,10.400247
15.870000,22.000000,56.303637,5.799845,0.453958,0.175411,0.005675,8041.866327,10.396081
15.880000,22.000000,56.361656,5.801928,0.454116,0.175467,0.005675,8038.645371,10.391917
15.890000,22.000000,56.419696,5.804010,0.454274,0.175524,0.005675,8035.426385,10.387756
15.900000,22.000000,56.477757,5.806091,0.454432,0.175581,0.005675,8032.209367,10.383597
15.910000,22.000000,56.535839,5.808170,0.454590,0.175638,0.005674,8028.994317,10.379441
15.920000,22.000000,56.593942,5.810248,0.454748,0.175694,0.005674,8025.781232,10.375287
15.930000,22.000000,56.652065,5.812325,0.454906,0.175751,0.005674,8022.570112,10.371136
15.940000,22.000000,56.710209,5.814401,0.455064,0.175808,0.005674,8019.360955,10.366987
15.950000,22.000000,56.768374,5.816475,0.455222,0.175865,0.005673,8016.153760,10.362841
15.960000,22.000000,56.826559,5.818548,0.455380,0.175921,0.005673,8012.948527,10.358698
15.970000,22.000000,56.884765,5.820620,0.455538,0.175978,0.005673,8009.745253,10.354557
15.980000,22.000000,56.942992,5.822691,0.455696,0.176035,0.005673,8006.543937,10.350418
15.990000,22.000000,57.001240,5.824760,0.455854,0.176092,0.005672,8003.344579,10.346282
16.000000,22.000000,57.059508,5.826828,0.456011,0.176148,0.005672,8000.147177,10.342149
16.010000,22.000000,57.117797,5.828895,0.456169,0.176205,0.005672,7996.951730,10.338018
16.020000,22.000000,57.176107,5.830960,0.456327,0.176262,0.005672,7993.758236,10.333890
16.030000,22.000000,57.234437,5.833024,0.456485,0.176318,0.005671,7990.566695,10.329764
16.040000,22.000000,57.292788,5.835087,0.456643,0.176375,0.005671,7987.377105,10.325640
16.050000,22.000000,57.351159,5.837149,0.456801,0.176432,0.005671,7984.189465,10.321520
16.060000,22.000000,57.409551,5.839209,0.456959,0.176489,0.005671,7981.003773,10.317401
16.070000,22.000000,57.467964,5.841268,0.457117,0.176545,0.005670,7977.820028,10.313286
16.080000,22.000000,57.526397,5.843326,0.457275,0.176602,0.005670,7974.638230,10.309172
16.090000,22.000000,57.584851,5.845383,0.457433,0.176659,0.005670,7971.458377,10.305062
16.100000,22.000000,57.643325,5.847438,0.457591,0.176715,0.005669,7968.280467,10.300953
16.110000,22.000000,57.701820,5.849493,0.457749,0.176772,0.005669,7965.104500,10.296848
16.120000,22.000000,57.760336,5.851545,0.457907,0.176829,0.005669,7961.930474,10.292744
16.130000,22.000000,57.818872,5.853597,0.458066,0.176886,0.005669,7958.758388,10.288644
16.140000,22.000000,57.877428,5.855647,0.458224,0.176942,0.005668,7955.588241,10.284545
16.150000,22.000000,57.936005,5.857697,0.458382,0.176999,0.005668,7952.420031,10.280450
16.160000,22.000000,57.994603,5.859744,0.458540,0.177056,0.005668,7949.253758,10.276357
16.170000,22.000000,58.053221,5.861791,0.458698,0.177112,0.005668,7946.089419,10.272266
16.180000,22.000000,58.111859,5.863836,0.458856,0.177169,0.005667,7942.927014,10.268178
16.190000,22.000000,58.170518,5.865880,0.459014,0.177226,0.005667,7939.766542,10.264092
16.200000,22.000000,58.229197,5.867923,0.459172,0.177282,0.005667,7936.608001,10.260009
16.210000,22.000000,58.287897,5.869965,0.459330,0.177339,0.005666,7933.451390,10.255928
16.220000,22.000000,58.346617,5.872005,0.459488,0.177396,0.005666,7930.296707,10.251850
16.230000,22.000000,58.405357,5.874044,0.459646,0.177452,0.005666,7927.143953,10.247774
16.240000,22.000000,58.464118,5.876082,0.459804,0.177509,0.005666,7923.993124,10.243701
16.250000,22.000000,58.522899,5.878119,0.459962,0.177566,0.005665,7920.844221,10.239630
16.260000,22.000000,58.581701,5.880154,0.460120,0.177622,0.005665,7917.697241,10.235562
16.270000,22.000000,58.640523,5.882188,0.460278,0.177679,0.005665,7914.552184,10.231496
16.280000,22.000000,58.699365,5.884221,0.460437,0.177736,0.005664,7911.409048,10.227433
16.290000,22.000000,58.758227,5.886253,0.460595,0.177792,0.005664,7908.267832,10.223372
16.300000,22.000000,58.817110,5.888283,0.460753,0.177849,0.005664,7905.128535,10.219314
16.310000,22.000000,58.876013,5.890313,0.460911,0.177906,0.005664,7901.991155,10.215258
16.320000,22.000000,58.934937,5.892341,0.461069,0.177962,0.005663,7898.855692,10.211205
16.330000,22.000000,58.993880,5.894367,0.461227,0.178019,0.005663,7895.722143,10.207154
16.340000,22.000000,59.052844,5.896393,0.461385,0.178076,0.005663,7892.590509,10.203106
16.350000,22.000000,59.111828,5.898417,0.461543,0.178132,0.005662,7889.460787,10.199060
16.360000,22.000000,59.170833,5.900440,0.461701,0.178189,0.005662,7886.332976,10.195016
16.370000,22.000000,59.229857,5.902462,0.461860,0.178245,0.005662,7883.207075,10.190975
16.380000,22.000000,59.288902,5.904482,0.462018,0.178302,0.005661,7880.083083,10.186937
16.390000,22.000000,59.347967,5.906501,0.462176,0.178359,0.005661,7876.960999,10.182901
16.400000,22.000000,59.407052,5.908519,0.462334,0.178415,0.005661,7873.840821,10.178867
16.410000,22.000000,59.466158,5.910536,0.462492,0.178472,0.005660,7870.722547,10.174836
16.420000,22.000000,59.525283,5.912552,0.462650,0.178529,0.005660,7867.606178,10.170807
16.430000,22.000000,59.584429,5.914566,0.462808,0.178585,0.005660,7864.491711,10.166781
16.440000,22.000000,59.643595,5.916579,0.462967,0.178642,0.005660,7861.379145,10.162757
16.450000,22.000000,59.702781,5.918591,0.463125,0.178698,0.005659,7858.268479,10.158736
16.460000,22.000000,59.761987,5.920602,0.463283,0.178755,0.005659,7855.159712,10.154717
16.470000,22.000000,59.821213,5.922611,0.463441,0.178812,0.005659,7852.052842,10.150701
16.480000,22.000000,59.880459,5.924620,0.463599,0.178868,0.005658,7848.947869,10.146687
16.490000,22.000000,59.939725,5.926627,0.463757,0.178925,0.005658,7845.844790,10.142675
16.500000,22.000000,59.999012,5.928632,0.463916,0.178981,0.005658,7842.743606,10.138666
16.510000,22.000000,60.058318,5.930637,0.464074,0.179038,0.005657,7839.644313,10.134660
16.520000,22.000000,60.117644,5.932640,0.464232,0.179094,0.005657,7836.546912,10.130655
16.530000,22.000000,60.176991,5.934642,0.464390,0.179151,0.005657,7833.451401,10.126654
16.540000,22.000000,60.236357,5.936643,0.464548,0.179208,0.005656,7830.357778,10.122654
16.550000,22.000000,60.295744,5.938643,0.464707,0.179264,0.005656,7827.266042,10.118658
16.560000,22.000000,60.355150,5.940641,0.464865,0.179321,0.005656,7824.176193,10.114663
16.570000,22.000000,60.414577,5.942638,0.465023,0.179377,0.005655,7821.088229,10.110671
16.580000,22.000000,60.474023,5.944634,0.465181,0.179434,0.005655,7818.002148,10.106682
16.590000,22.000000,60.533489,5.946629,0.465339,0.179490,0.005655,7814.917950,10.102695
16.600000,22.000000,60.592975,5.948623,0.465498,0.179547,0.005654,7811.835633,10.098710
16.610000,22.000000,60.652482,5.950615,0.465656,0.179604,0.005654,7808.755195,10.094728
16.620000,22.000000,60.712008,5.952606,0.465814,0.179660,0.005654,7805.676636,10.090748
16.630000,22.000000,60.771554,5.954596,0.465972,0.179717,0.005653,7802.599954,10.086771
16.640000,22.000000,60.831119,5.956585,0.466131,0.179773,0.005653,7799.525149,10.082796
16.650000,22.000000,60.890705,5.958572,0.466289,0.179830,0.005653,7796.452218,10.078823
16.660000,22.000000,60.950311,5.960559,0.466447,0.179886,0.005652,7793.381160,10.074853
16.670000,22.000000,61.009936,5.962544,0.466605,0.179943,0.005652,7790.311975,10.070885
16.680000,22.000000,61.069581,5.964528,0.466763,0.179999,0.005652,7787.244661,10.066920
16.690000,22.000000,61.129247,5.966510,0.466922,0.180056,0.005651,7784.179217,10.062957
16.700000,22.000000,61.188931,5.968492,0.467080,0.180112,0.005651,7781.115641,10.058997
16.710000,22.000000,61.248636,5.970472,0.467238,0.180169,0.005651,7778.053932,10.055039
16.720000,22.000000,61.308361,5.972451,0.467396,0.180225,0.005650,7774.994089,10.051083
16.730000,22.000000,61.368105,5.974429,0.467555,0.180282,0.005650,7771.936111,10.047130
16.740000,22.000000,61.427869,5.976405,0.467713,0.180338,0.005650,7768.879996,10.043179
16.750000,22.000000,61.487653,5.978381,0.467871,0.180395,0.005649,7765.825743,10.039231
16.760000,22.000000,61.547456,5.980355,0.468030,0.180451,0.005649,7762.773351,10.035285
16.770000,22.000000,61.607280,5.982328,0.468188,0.180508,0.005648,7759.722819,10.031341
16.780000,22.000000,61.667123,5.984300,0.468346,0.180564,0.005648,7756.674145,10.027400
16.790000,22.000000,61.726985,5.986270,0.468504,0.180621,0.005648,7753.627328,10.023462
16.800000,22.000000,61.786868,5.988240,0.468663,0.180677,0.005647,7750.582366,10.019525
16.810000,22.000000,61.846770,5.990208,0.468821,0.180734,0.005647,7747.539260,10.015591
16.820000,22.000000,61.906692,5.992175,0.468979,0.180790,0.005647,7744.498006,10.011660
16.830000,22.000000,61.966633,5.994141,0.469137,0.180847,0.005646,7741.458605,10.007731
16.840000,22.000000,62.026594,5.996105,0.469296,0.180903,0.005646,7738.421054,10.003804
16.850000,22.000000,62.086575,5.998069,0.469454,0.180960,0.005646,7735.385353,9.999879
16.860000,22.000000,62.146575,6.000031,0.469612,0.181016,0.005645,7732.351500,9.995957
16.870000,22.000000,62.206595,6.001992,0.469771,0.181073,0.005645,7729.319494,9.992038
16.880000,22.000000,62.266634,6.003952,0.469929,0.181129,0.005644,7726.289333,9.988121
16.890000,22.000000,62.326694,6.005910,0.470087,0.181186,0.005644,7723.261017,9.984206
16.900000,22.000000,62.386772,6.007868,0.470245,0.181242,0.005644,7720.234544,9.980293
16.910000,22.000000,62.446870,6.009824,0.470404,0.181298,0.005643,7717.209912,9.976383
16.920000,22.000000,62.506988,6.011779,0.470562,0.181355,0.005643,7714.187122,9.972475
16.930000,22.000000,62.567126,6.013733,0.470720,0.181411,0.005643,7711.166170,9.968570
16.940000,22.000000,62.627282,6.015686,0.470879,0.181468,0.005642,7708.147057,9.964667
16.950000,22.000000,62.687459,6.017637,0.471037,0.181524,0.005642,7705.129780,9.960767
16.960000,22.000000,62.747655,6.019587,0.471195,0.181581,0.005641,7702.114339,9.956868
16.970000,22.000000,62.807870,6.021537,0.471354,0.181637,0.005641,7699.100732,9.952973
16.980000,22.000000,62.868105,6.023484,0.471512,0.181693,0.005641,7696.088959,9.949079
16.990000,22.000000,62.928359,6.025431,0.471670,0.181750,0.005640,7693.079016,9.945188
17.000000,22.000000,62.988633,6.027377,0.471829,0.181806,0.005640,7690.070904,9.941299
17.010000,22.000000,63.048926,6.029321,0.471987,0.181863,0.005640,7687.064622,9.937413
17.020000,22.000000,63.109239,6.031264,0.472145,0.181919,0.005639,7684.060167,9.933529
17.030000,22.000000,63.169571,6.033206,0.472303,0.181976,0.005639,7681.057539,9.929647
17.040000,22.000000,63.229922,6.035147,0.472462,0.182032,0.005638,7678.056736,9.925768
17.050000,22.000000,63.290293,6.037087,0.472620,0.182088,0.005638,7675.057757,9.921891
17.060000,22.000000,63.350683,6.039025,0.472778,0.182145,0.005638,7672.060601,9.918017
17.070000,22.000000,63.411093,6.040963,0.472937,0.182201,0.005637,7669.065266,9.914144
17.080000,22.000000,63.471522,6.042899,0.473095,0.182257,0.005637,7666.071752,9.910275
17.090000,22.000000,63.531970,6.044834,0.473253,0.182314,0.005636,7663.080057,9.906407
17.100000,22.000000,63.592438,6.046767,0.473412,0.182370,0.005636,7660.090179,9.902542
17.110000,22.000000,63.652925,6.048700,0.473570,0.182427,0.005636,7657.102118,9.898679
17.120000,22.000000,63.713431,6.050631,0.473728,0.182483,0.005635,7654.115872,9.894819
17.130000,22.000000,63.773957,6.052562,0.473887,0.182539,0.005635,7651.131440,9.890961
17.140000,22.000000,63.834502,6.054491,0.474045,0.182596,0.005634,7648.148821,9.887105
17.150000,22.000000,63.895066,6.056419,0.474204,0.182652,0.005634,7645.168012,9.883251
17.160000,22.000000,63.955650,6.058345,0.474362,0.182708,0.005634,7642.189014,9.879400
17.170000,22.000000,64.016252,6.060271,0.474520,0.182765,0.005633,7639.211825,9.875552
17.180000,22.000000,64.076874,6.062195,0.474679,0.182821,0.005633,7636.236444,9.871705
17.190000,22.000000,64.137515,6.064119,0.474837,0.182877,0.005632,7633.262868,9.867861
17.200000,22.000000,64.198176,6.066041,0.474995,0.182934,0.005632,7630.291098,9.864019
17.210000,22.000000,64.258855,6.067962,0.475154,0.182990,0.005632,7627.321131,9.860180
17.220000,22.000000,64.319554,6.069881,0.475312,0.183046,0.005631,7624.352967,9.856343
17.230000,22.000000,64.380272,6.071800,0.475470,0.183103,0.005631,7621.386604,9.852508
17.240000,22.000000,64.441009,6.073717,0.475629,0.183159,0.005630,7618.422041,9.848676
17.250000,22.000000,64.501766,6.075633,0.475787,0.183215,0.005630,7615.459276,9.844846
17.260000,22.000000,64.562541,6.077549,0.475945,0.183272,0.005629,7612.498309,9.841018
17.270000,22.000000,64.623336,6.079462,0.476104,0.183328,0.005629,7609.539138,9.837192
17.280000,22.000000,64.684150,6.081375,0.476262,0.183384,0.005629,7606.581762,9.833369
17.290000,22.000000,64.744983,6.083287,0.476420,0.183440,0.005628,7603.626180,9.829548
17.300000,22.000000,64.805834,6.085197,0.476579,0.183497,0.005628,7600.672389,9.825730
17.310000,22.000000,64.866706,6.087106,0.476737,0.183553,0.005627,7597.720390,9.821914
17.320000,22.000000,64.927596,6.089015,0.476896,0.183609,0.005627,7594.770181,9.818100
17.330000,22.000000,64.988505,6.090921,0.477054,0.183666,0.005627,7591.821760,9.814288
17.340000,22.000000,65.049433,6.092827,0.477212,0.183722,0.005626,7588.875126,9.810479
17.350000,22.000000,65.110381,6.094732,0.477371,0.183778,0.005626,7585.930278,9.806672
17.360000,22.000000,65.171347,6.096635,0.477529,0.183834,0.005625,7582.987215,9.802867
17.370000,22.000000,65.232332,6.098538,0.477687,0.183891,0.005625,7580.045935,9.799065
17.380000,22.000000,65.293337,6.100439,0.477846,0.183947,0.005624,7577.106437,9.795265
17.390000,22.000000,65.354360,6.102339,0.478004,0.184003,0.005624,7574.168720,9.791467
17.400000,22.000000,65.415402,6.104238,0.478163,0.184059,0.005624,7571.232783,9.787672
17.410000,22.000000,65.476464,6.106136,0.478321,0.184116,0.005623,7568.298624,9.783879
17.420000,22.000000,65.537544,6.108032,0.478479,0.184172,0.005623,7565.366242,9.780088
17.430000,22.000000,65.598643,6.109928,0.478638,0.184228,0.005622,7562.435636,9.776300
17.440000,22.000000,65.659762,6.111822,0.478796,0.184284,0.005622,7559.506805,9.772513
17.450000,22.000000,65.720899,6.113715,0.478954,0.184341,0.005621,7556.579746,9.768729
17.460000,22.000000,65.782055,6.115607,0.479113,0.184397,0.005621,7553.654460,9.764948
17.470000,22.000000,65.843230,6.117498,0.479271,0.184453,0.005621,7550.730944,9.761168
17.480000,22.000000,65.904424,6.119387,0.479430,0.184509,0.005620,7547.809198,9.757391
17.490000,22.000000,65.965636,6.121276,0.479588,0.184565,0.005620,7544.889220,9.753616
17.500000,22.000000,66.026868,6.123163,0.479746,0.184622,0.005619,7541.971009,9.749844
17.510000,22.000000,66.088119,6.125050,0.479905,0.184678,0.005619,7539.054564,9.746074
17.520000,22.000000,66.149388,6.126935,0.480063,0.184734,0.005618,7536.139882,9.742306
17.530000,22.000000,66.210676,6.128819,0.480221,0.184790,0.005618,7533.226964,9.738540
17.540000,22.000000,66.271983,6.130702,0.480380,0.184846,0.005617,7530.315808,9.734777
17.550000,22.000000,66.333309,6.132583,0.480538,0.184903,0.005617,7527.406412,9.731016
17.560000,22.000000,66.394654,6.134464,0.480697,0.184959,0.005617,7524.498776,9.727257
17.570000,22.000000,66.456017,6.136343,0.480855,0.185015,0.005616,7521.592897,9.723500
17.580000,22.000000,66.517399,6.138222,0.481013,0.185071,0.005616,7518.688776,9.719746
17.590000,22.000000,66.578800,6.140099,0.481172,0.185127,0.005615,7515.786409,9.715994
17.600000,22.000000,66.640220,6.141975,0.481330,0.185183,0.005615,7512.885797,9.712244
17.610000,22.000000,66.701658,6.143850,0.481488,0.185240,0.005614,7509.986938,9.708497
17.620000,22.000000,66.763116,6.145724,0.481647,0.185296,0.005614,7507.089831,9.704752
17.630000,22.000000,66.824592,6.147596,0.481805,0.185352,0.005613,7504.194474,9.701009
17.640000,22.000000,66.886086,6.149468,0.481964,0.185408,0.005613,7501.300866,9.697268
17.650000,22.000000,66.947600,6.151338,0.482122,0.185464,0.005612,7498.409006,9.693529
17.660000,22.000000,67.009132,6.153207,0.482280,0.185520,0.005612,7495.518893,9.689793
17.670000,22.000000,67.070683,6.155075,0.482439,0.185576,0.005612,7492.630525,9.686059
17.680000,22.000000,67.132252,6.156942,0.482597,0.185633,0.005611,7489.743901,9.682328
17.690000,22.000000,67.193840,6.158808,0.482756,0.185689,0.005611,7486.859020,9.678598
17.700000,22.000000,67.255447,6.160673,0.482914,0.185745,0.005610,7483.975880,9.674871
17.710000,22.000000,67.317072,6.162537,0.483072,0.185801,0.005610,7481.094481,9.671146
17.720000,22.000000,67.378716,6.164399,0.483231,0.185857,0.005609,7478.214821,9.667423
17.730000,22.000000,67.440379,6.166260,0.483389,0.185913,0.005609,7475.336898,9.663703
17.740000,22.000000,67.502060,6.168121,0.483548,0.185969,0.005608,7472.460712,9.659985
17.750000,22.000000,67.563760,6.169980,0.483706,0.186025,0.005608,7469.586261,9.656269
17.760000,22.000000,67.625478,6.171838,0.483864,0.186081,0.005607,7466.713544,9.652555
17.770000,22.000000,67.687215,6.173695,0.484023,0.186137,0.005607,7463.842560,9.648844
17.780000,22.000000,67.748971,6.175550,0.484181,0.186193,0.005606,7460.973307,9.645135
17.790000,22.000000,67.810745,6.177405,0.484339,0.186250,0.005606,7458.105785,9.641428
17.800000,22.000000,67.872537,6.179258,0.484498,0.186306,0.005605,7455.239991,9.637723
17.810000,22.000000,67.934348,6.181111,0.484656,0.186362,0.005605,7452.375925,9.634020
17.820000,22.000000,67.996178,6.182962,0.484815,0.186418,0.005605,7449.513585,9.630320
17.830000,22.000000,68.058026,6.184812,0.484973,0.186474,0.005604,7446.652970,9.626622
17.840000,22.000000,68.119893,6.186661,0.485131,0.186530,0.005604,7443.794079,9.622926
17.850000,22.000000,68.181778,6.188509,0.485290,0.186586,0.005603,7440.936911,9.619233
17.860000,22.000000,68.243681,6.190356,0.485448,0.186642,0.005603,7438.081464,9.615541
17.870000,22.000000,68.305603,6.192202,0.485607,0.186698,0.005602,7435.227737,9.611852
17.880000,22.000000,68.367544,6.194046,0.485765,0.186754,0.005602,7432.375729,9.608165
17.890000,22.000000,68.429503,6.195890,0.485923,0.186810,0.005601,7429.525439,9.604481
17.900000,22.000000,68.491480,6.197732,0.486082,0.186866,0.005601,7426.676864,9.600798
17.910000,22.000000,68.553476,6.199573,0.486240,0.186922,0.005600,7423.830005,9.597118
17.920000,22.000000,68.615490,6.201414,0.486398,0.186978,0.005600,7420.984860,9.593440
17.930000,22.000000,68.677522,6.203253,0.486557,0.187034,0.005599,7418.141427,9.589764
17.940000,22.000000,68.739573,6.205090,0.486715,0.187090,0.005599,7415.299705,9.586090
17.950000,22.000000,68.801643,6.206927,0.486874,0.187146,0.005598,7412.459693,9.582419
17.960000,22.000000,68.863730,6.208763,0.487032,0.187202,0.005598,7409.621390,9.578750
17.970000,22.000000,68.925836,6.210598,0.487190,0.187258,0.005597,7406.784794,9.575083
17.980000,22.000000,68.987960,6.212431,0.487349,0.187314,0.005597,7403.949904,9.571418
17.990000,22.000000,69.050103,6.214264,0.487507,0.187370,0.005596,7401.116720,9.567755
18.000000,22.000000,69.112264,6.216095,0.487665,0.187426,0.005596,7398.285239,9.564095
18.010000,22.000000,69.174443,6.217925,0.487824,0.187482,0.005595,7395.455460,9.560437
18.020000,22.000000,69.236641,6.219754,0.487982,0.187538,0.005595,7392.627383,9.556781
18.030000,22.000000,69.298857,6.221582,0.488141,0.187594,0.005594,7389.801006,9.553127
18.040000,22.000000,69.361091,6.223409,0.488299,0.187650,0.005594,7386.976327,9.549475
18.050000,22.000000,69.423343,6.225235,0.488457,0.187706,0.005593,7384.153345,9.545826
18.060000,22.000000,69.485614,6.227060,0.488616,0.187762,0.005593,7381.332060,9.542179
18.070000,22.000000,69.547903,6.228883,0.488774,0.187818,0.005592,7378.512469,9.538534
18.080000,22.000000,69.610210,6.230706,0.488932,0.187873,0.005592,7375.694573,9.534891
18.090000,22.000000,69.672535,6.232527,0.489091,0.187929,0.005591,7372.878368,9.531250
18.100000,22.000000,69.734878,6.234348,0.489249,0.187985,0.005591,7370.063855,9.527612
18.110000,22.000000,69.797240,6.236167,0.489408,0.188041,0.005590,7367.251031,9.523976
18.120000,22.000000,69.859620,6.237985,0.489566,0.188097,0.005590,7364.439896,9.520342
18.130000,22.000000,69.922018,6.239802,0.489724,0.188153,0.005589,7361.630448,9.516710
18.140000,22.000000,69.984434,6.241618,0.489883,0.188209,0.005589,7358.822687,9.513080
18.150000,22.000000,70.046868,6.243433,0.490041,0.188265,0.005588,7356.016610,9.509452
18.160000,22.000000,70.109321,6.245247,0.490199,0.188321,0.005588,7353.212217,9.505827
18.170000,22.000000,70.171791,6.247059,0.490358,0.188377,0.005587,7350.409506,9.502204
18.180000,22.000000,70.234280,6.248871,0.490516,0.188432,0.005587,7347.608476,9.498583
18.190000,22.000000,70.296787,6.250681,0.490675,0.188488,0.005586,7344.809126,9.494964
18.200000,22.000000,70.359312,6.252491,0.490833,0.188544,0.005586,7342.011455,9.491347
18.210000,22.000000,70.421855,6.254299,0.490991,0.188600,0.005585,7339.215461,9.487733
18.220000,22.000000,70.484416,6.256107,0.491150,0.188656,0.005585,7336.421143,9.484120
18.230000,22.000000,70.546995,6.257913,0.491308,0.188712,0.005584,7333.628500,9.480510
18.240000,22.000000,70.609592,6.259718,0.491466,0.188768,0.005584,7330.837530,9.476902
18.250000,22.000000,70.672207,6.261522,0.491625,0.188823,0.005583,7328.048233,9.473296
18.260000,22.000000,70.734841,6.263325,0.491783,0.188879,0.005583,7325.260606,9.469693
18.270000,22.000000,70.797492,6.265127,0.491941,0.188935,0.005582,7322.474650,9.466091
18.280000,22.000000,70.860161,6.266927,0.492100,0.188991,0.005582,7319.690362,9.462492
18.290000,22.000000,70.922849,6.268727,0.492258,0.189047,0.005581,7316.907741,9.458895
18.300000,22.000000,70.985554,6.270526,0.492416,0.189103,0.005581,7314.126786,9.455300
18.310000,22.000000,71.048277,6.272323,0.492575,0.189158,0.005580,7311.347497,9.451707
18.320000,22.000000,71.111018,6.274120,0.492733,0.189214,0.005580,7308.569870,9.448116
18.330000,22.000000,71.173777,6.275915,0.492891,0.189270,0.005579,7305.793907,9.444527
18.340000,22.000000,71.236554,6.277709,0.493050,0.189326,0.005578,7303.019604,9.440941
18.350000,22.000000,71.299349,6.279503,0.493208,0.189382,0.005578,7300.246961,9.437356
18.360000,22.000000,71.362162,6.281295,0.493366,0.189437,0.005577,7297.475976,9.433774
18.370000,22.000000,71.424993,6.283086,0.493525,0.189493,0.005577,7294.706649,9.430194
18.380000,22.000000,71.487842,6.284876,0.493683,0.189549,0.005576,7291.938978,9.426616
18.390000,22.000000,71.550709,6.286665,0.493841,0.189605,0.005576,7289.172962,9.423041
18.400000,22.000000,71.613593,6.288453,0.494000,0.189661,0.005575,7286.408599,9.419467
18.410000,22.000000,71.676496,6.290240,0.494158,0.189716,0.005575,7283.645889,9.415896
18.420000,22.000000,71.739416,6.292025,0.494316,0.189772,0.005574,7280.884830,9.412326
18.430000,22.000000,71.802354,6.293810,0.494475,0.189828,0.005574,7278.125421,9.408759
18.440000,22.000000,71.865310,6.295594,0.494633,0.189884,0.005573,7275.367660,9.405194
18.450000,22.000000,71.928284,6.297376,0.494791,0.189939,0.005573,7272.611547,9.401631
18.460000,22.000000,71.991275,6.299158,0.494950,0.189995,0.005572,7269.857079,9.398070
18.470000,22.000000,72.054285,6.300938,0.495108,0.190051,0.005572,7267.104257,9.394511
18.480000,22.000000,72.117312,6.302718,0.495266,0.190106,0.005571,7264.353079,9.390955
18.490000,22.000000,72.180357,6.304496,0.495425,0.190162,0.005571,7261.603542,9.387400
18.500000,22.000000,72.243420,6.306273,0.495583,0.190218,0.005570,7258.855647,9.383848
18.510000,22.000000,72.306500,6.308049,0.495741,0.190274,0.005569,7256.109392,9.380298
18.520000,22.000000,72.369598,6.309824,0.495900,0.190329,0.005569,7253.364776,9.376750
18.530000,22.000000,72.432714,6.311599,0.496058,0.190385,0.005568,7250.621797,9.373204
18.540000,22.000000,72.495848,6.313372,0.496216,0.190441,0.005568,7247.880454,9.369660
18.550000,22.000000,72.558999,6.315143,0.496375,0.190496,0.005567,7245.140746,9.366118
18.560000,22.000000,72.622169,6.316914,0.496533,0.190552,0.005567,7242.402672,9.362579
18.570000,22.000000,72.685355,6.318684,0.496691,0.190608,0.005566,7239.666231,9.359041
18.580000,22.000000,72.748560,6.320453,0.496850,0.190663,0.005566,7236.931421,9.355506
18.590000,22.000000,72.811782,6.322221,0.497008,0.190719,0.005565,7234.198240,9.351972
18.600000,22.000000,72.875022,6.323987,0.497166,0.190775,0.005565,7231.466689,9.348441
18.610000,22.000000,72.938280,6.325753,0.497324,0.190830,0.005564,7228.736765,9.344912
18.620000,22.000000,73.001555,6.327518,0.497483,0.190886,0.005563,7226.008467,9.341385
18.630000,22.000000,73.064848,6.329281,0.497641,0.190942,0.005563,7223.281795,9.337860
18.640000,22.000000,73.128158,6.331043,0.497799,0.190997,0.005562,7220.556746,9.334337
18.650000,22.000000,73.191486,6.332805,0.497958,0.191053,0.005562,7217.833320,9.330817
18.660000,22.000000,73.254832,6.334565,0.498116,0.191108,0.005561,7215.111516,9.327298
18.670000,22.000000,73.318195,6.336325,0.498274,0.191164,0.005561,7212.391331,9.323782
18.680000,22.000000,73.381576,6.338083,0.498432,0.191220,0.005560,7209.672765,9.320267
18.690000,22.000000,73.444974,6.339840,0.498591,0.191275,0.005560,7206.955818,9.316755
18.700000,22.000000,73.508390,6.341596,0.498749,0.191331,0.005559,7204.240486,9.313245
18.710000,22.000000,73.571824,6.343351,0.498907,0.191387,0.005558,7201.526770,9.309736
18.720000,22.000000,73.635275,6.345105,0.499066,0.191442,0.005558,7198.814668,9.306230
18.730000,22.000000,73.698743,6.346859,0.499224,0.191498,0.005557,7196.104178,9.302726
18.740000,22.000000,73.762229,6.348611,0.499382,0.191553,0.005557,7193.395300,9.299225
18.750000,22.000000,73.825733,6.350361,0.499540,0.191609,0.005556,7190.688033,9.295725
18.760000,22.000000,73.889254,6.352111,0.499699,0.191664,0.005556,7187.982374,9.292227
18.770000,22.000000,73.952793,6.353860,0.499857,0.191720,0.005555,7185.278324,9.288731
18.780000,22.000000,74.016349,6.355608,0.500015,0.191776,0.005555,7182.575879,9.285238
18.790000,22.000000,74.079922,6.357355,0.500173,0.191831,0.005554,7179.875041,9.281746
18.800000,22.000000,74.143513,6.359101,0.500332,0.191887,0.005553,7177.175806,9.278257
18.810000,22.000000,74.207122,6.360845,0.500490,0.191942,0.005553,7174.478175,9.274770
18.820000,22.000000,74.270748,6.362589,0.500648,0.191998,0.005552,7171.782145,9.271284
18.830000,22.000000,74.334391,6.364332,0.500806,0.192053,0.005552,7169.087715,9.267801
18.840000,22.000000,74.398052,6.366073,0.500965,0.192109,0.005551,7166.394885,9.264320
18.850000,22.000000,74.461730,6.367814,0.501123,0.192164,0.005551,7163.703653,9.260841
18.860000,22.000000,74.525425,6.369554,0.501281,0.192220,0.005550,7161.014018,9.257364
18.870000,22.000000,74.589138,6.371292,0.501439,0.192275,0.005549,7158.325978,9.253889
18.880000,22.000000,74.652869,6.373030,0.501598,0.192331,0.005549,7155.639533,9.250416
18.890000,22.000000,74.716616,6.374766,0.501756,0.192386,0.005548,7152.954681,9.246945
18.900000,22.000000,74.780381,6.376501,0.501914,0.192442,0.005548,7150.271421,9.243476
18.910000,22.000000,74.844164,6.378236,0.502072,0.192497,0.005547,7147.589751,9.240010
18.920000,22.000000,74.907963,6.379969,0.502230,0.192553,0.005547,7144.909671,9.236545
18.930000,22.000000,74.971780,6.381702,0.502389,0.192608,0.005546,7142.231180,9.233082
18.940000,22.000000,75.035615,6.383433,0.502547,0.192664,0.005545,7139.554275,9.229622
18.950000,22.000000,75.099466,6.385163,0.502705,0.192719,0.005545,7136.878956,9.226163
18.960000,22.000000,75.163335,6.386892,0.502863,0.192775,0.005544,7134.205222,9.222707
18.970000,22.000000,75.227221,6.388621,0.503022,0.192830,0.005544,7131.533071,9.219252
18.980000,22.000000,75.291125,6.390348,0.503180,0.192885,0.005543,7128.862503,9.215800
18.990000,22.000000,75.355046,6.392074,0.503338,0.192941,0.005543,7126.193515,9.212350
19.000000,22.000000,75.418984,6.393799,0.503496,0.192996,0.005542,7123.526107,9.208901
19.010000,22.000000,75.482939,6.395523,0.503654,0.193052,0.005541,7120.860278,9.205455
19.020000,22.000000,75.546911,6.397247,0.503813,0.193107,0.005541,7118.196025,9.202011
19.030000,22.000000,75.610901,6.398969,0.503971,0.193163,0.005540,7115.533349,9.198569
19.040000,22.000000,75.674908,6.400690,0.504129,0.193218,0.005540,7112.872248,9.195129
19.050000,22.000000,75.738932,6.402410,0.504287,0.193273,0.005539,7110.212721,9.191691
19.060000,22.000000,75.802973,6.404129,0.504445,0.193329,0.005539,7107.554766,9.188255
19.070000,22.000000,75.867032,6.405847,0.504604,0.193384,0.005538,7104.898382,9.184821
19.080000,22.000000,75.931107,6.407564,0.504762,0.193440,0.005537,7102.243569,9.181389
19.090000,22.000000,75.995200,6.409280,0.504920,0.193495,0.005537,7099.590324,9.177959
19.100000,22.000000,76.059310,6.410995,0.505078,0.193550,0.005536,7096.938646,9.174531
19.110000,22.000000,76.123437,6.412709,0.505236,0.193606,0.005536,7094.288536,9.171105
19.120000,22.000000,76.187581,6.414422,0.505394,0.193661,0.005535,7091.639990,9.167681
19.130000,22.000000,76.251743,6.416134,0.505553,0.193716,0.005534,7088.993008,9.164259
19.140000,22.000000,76.315921,6.417845,0.505711,0.193772,0.005534,7086.347589,9.160839
19.150000,22.000000,76.380117,6.419555,0.505869,0.193827,0.005533,7083.703732,9.157421
19.160000,22.000000,76.444329,6.421264,0.506027,0.193882,0.005533,7081.061435,9.154005
19.170000,22.000000,76.508559,6.422972,0.506185,0.193938,0.005532,7078.420697,9.150592
19.180000,22.000000,76.572806,6.424679,0.506343,0.193993,0.005531,7075.781517,9.147180
19.190000,22.000000,76.637070,6.426384,0.506501,0.194048,0.005531,7073.143894,9.143770
19.200000,22.000000,76.701351,6.428089,0.506660,0.194104,0.005530,7070.507827,9.140362
19.210000,22.000000,76.765649,6.429793,0.506818,0.194159,0.005530,7067.873313,9.136957
19.220000,22.000000,76.829964,6.431496,0.506976,0.194214,0.005529,7065.240353,9.133553
19.230000,22.000000,76.894296,6.433198,0.507134,0.194270,0.005528,7062.608945,9.130151
19.240000,22.000000,76.958645,6.434899,0.507292,0.194325,0.005528,7059.979088,9.126751
19.250000,22.000000,77.023011,6.436599,0.507450,0.194380,0.005527,7057.350780,9.123354
19.260000,22.000000,77.087394,6.438298,0.507608,0.194435,0.005527,7054.724020,9.119958
19.270000,22.000000,77.151793,6.439996,0.507767,0.194491,0.005526,7052.098807,9.116564
19.280000,22.000000,77.216210,6.441692,0.507925,0.194546,0.005525,7049.475141,9.113172
19.290000,22.000000,77.280644,6.443388,0.508083,0.194601,0.005525,7046.853019,9.109783
19.300000,22.000000,77.345095,6.445083,0.508241,0.194656,0.005524,7044.232441,9.106395
19.310000,22.000000,77.409563,6.446777,0.508399,0.194712,0.005524,7041.613405,9.103009
19.320000,22.000000,77.474048,6.448470,0.508557,0.194767,0.005523,7038.995910,9.099626
19.330000,22.000000,77.538549,6.450162,0.508715,0.194822,0.005522,7036.379955,9.096244
19.340000,22.000000,77.603068,6.451853,0.508873,0.194877,0.005522,7033.765538,9.092864
19.350000,22.000000,77.667603,6.453543,0.509031,0.194933,0.005521,7031.152660,9.089486
19.360000,22.000000,77.732155,6.455232,0.509189,0.194988,0.005521,7028.541317,9.086110
19.370000,22.000000,77.796725,6.456919,0.509348,0.195043,0.005520,7025.931510,9.082737
19.380000,22.000000,77.861311,6.458606,0.509506,0.195098,0.005519,7023.323237,9.079365
19.390000,22.000000,77.925914,6.460292,0.509664,0.195153,0.005519,7020.716496,9.075995
19.400000,22.000000,77.990533,6.461977,0.509822,0.195209,0.005518,7018.111287,9.072627
19.410000,22.000000,78.055170,6.463661,0.509980,0.195264,0.005518,7015.507608,9.069261
19.420000,22.000000,78.119823,6.465344,0.510138,0.195319,0.005517,7012.905459,9.065897
19.430000,22.000000,78.184494,6.467026,0.510296,0.195374,0.005516,7010.304838,9.062535
19.440000,22.000000,78.249181,6.468707,0.510454,0.195429,0.005516,7007.705743,9.059175
19.450000,22.000000,78.313885,6.470387,0.510612,0.195485,0.005515,7005.108174,9.055817
19.460000,22.000000,78.378605,6.472066,0.510770,0.195540,0.005515,7002.512129,9.052461
19.470000,22.000000,78.443343,6.473744,0.510928,0.195595,0.005514,6999.917608,9.049107
19.480000,22.000000,78.508097,6.475421,0.511086,0.195650,0.005513,6997.324608,9.045755
19.490000,22.000000,78.572868,6.477097,0.511244,0.195705,0.005513,6994.733130,9.042405
19.500000,22.000000,78.637656,6.478772,0.511402,0.195760,0.005512,6992.143171,9.039057
19.510000,22.000000,78.702460,6.480446,0.511560,0.195815,0.005511,6989.554730,9.035711
19.520000,22.000000,78.767281,6.482120,0.511718,0.195871,0.005511,6986.967807,9.032366
19.530000,22.000000,78.832119,6.483792,0.511876,0.195926,0.005510,6984.382400,9.029024
19.540000,22.000000,78.896974,6.485463,0.512035,0.195981,0.005510,6981.798508,9.025684
19.550000,22.000000,78.961845,6.487133,0.512193,0.196036,0.005509,6979.216130,9.022346
19.560000,22.000000,79.026733,6.488802,0.512351,0.196091,0.005508,6976.635264,9.019009
19.570000,22.000000,79.091638,6.490470,0.512509,0.196146,0.005508,6974.055909,9.015675
19.580000,22.000000,79.156559,6.492138,0.512667,0.196201,0.005507,6971.478065,9.012342
19.590000,22.000000,79.221497,6.493804,0.512825,0.196256,0.005507,6968.901730,9.009012
19.600000,22.000000,79.286452,6.495469,0.512983,0.196311,0.005506,6966.326902,9.005683
19.610000,22.000000,79.351423,6.497134,0.513141,0.196366,0.005505,6963.753582,9.002356
19.620000,22.000000,79.416411,6.498797,0.513299,0.196421,0.005505,6961.181766,8.999032
19.630000,22.000000,79.481416,6.500459,0.513457,0.196476,0.005504,6958.611455,8.995709
19.640000,22.000000,79.546437,6.502121,0.513615,0.196531,0.005503,6956.042647,8.992388
19.650000,22.000000,79.611475,6.503781,0.513773,0.196586,0.005503,6953.475341,8.989069
19.660000,22.000000,79.676529,6.505440,0.513931,0.196642,0.005502,6950.909536,8.985752
19.670000,22.000000,79.741600,6.507099,0.514089,0.196697,0.005502,6948.345230,8.982437
19.680000,22.000000,79.806688,6.508756,0.514246,0.196752,0.005501,6945.782423,8.979124
19.690000,22.000000,79.871792,6.510413,0.514404,0.196807,0.005500,6943.221113,8.975813
19.700000,22.000000,79.936913,6.512069,0.514562,0.196862,0.005500,6940.661299,8.972504
19.710000,22.000000,80.002050,6.513723,0.514720,0.196917,0.005499,6938.102980,8.969197
19.720000,22.000000,80.067204,6.515377,0.514878,0.196972,0.005498,6935.546154,8.965891
19.730000,22.000000,80.132374,6.517030,0.515036,0.197027,0.005498,6932.990821,8.962588
19.740000,22.000000,80.197561,6.518681,0.515194,0.197082,0.005497,6930.436980,8.959287
19.750000,22.000000,80.262764,6.520332,0.515352,0.197137,0.005496,6927.884629,8.955987
19.760000,22.000000,80.327984,6.521982,0.515510,0.197191,0.005496,6925.333766,8.952689
19.770000,22.000000,80.393220,6.523631,0.515668,0.197246,0.005495,6922.784392,8.949394
19.780000,22.000000,80.458473,6.525278,0.515826,0.197301,0.005495,6920.236504,8.946100
19.790000,22.000000,80.523742,6.526925,0.515984,0.197356,0.005494,6917.690102,8.942808
19.800000,22.000000,80.589028,6.528571,0.516142,0.197411,0.005493,6915.145184,8.939518
19.810000,22.000000,80.654330,6.530216,0.516300,0.197466,0.005493,6912.601749,8.936230
19.820000,22.000000,80.719649,6.531860,0.516458,0.197521,0.005492,6910.059796,8.932944
19.830000,22.000000,80.784984,6.533503,0.516616,0.197576,0.005491,6907.519324,8.929660
19.840000,22.000000,80.850335,6.535145,0.516773,0.197631,0.005491,6904.980332,8.926378
19.850000,22.000000,80.915703,6.536787,0.516931,0.197686,0.005490,6902.442818,8.923097
19.860000,22.000000,80.981087,6.538427,0.517089,0.197741,0.005489,6899.906782,8.919819
19.870000,22.000000,81.046488,6.540066,0.517247,0.197796,0.005489,6897.372221,8.916542
19.880000,22.000000,81.111905,6.541704,0.517405,0.197851,0.005488,6894.839136,8.913268
19.890000,22.000000,81.177339,6.543342,0.517563,0.197906,0.005488,6892.307525,8.909995
19.900000,22.000000,81.242788,6.544978,0.517721,0.197960,0.005487,6889.777386,8.906724
19.910000,22.000000,81.308254,6.546613,0.517879,0.198015,0.005486,6887.248719,8.903455
19.920000,22.000000,81.373737,6.548248,0.518037,0.198070,0.005486,6884.721522,8.900188
19.930000,22.000000,81.439236,6.549881,0.518194,0.198125,0.005485,6882.195795,8.896923
19.940000,22.000000,81.504751,6.551514,0.518352,0.198180,0.005484,6879.671535,8.893660
19.950000,22.000000,81.570282,6.553146,0.518510,0.198235,0.005484,6877.148743,8.890398
19.960000,22.000000,81.635830,6.554776,0.518668,0.198290,0.005483,6874.627416,8.887139
19.970000,22.000000,81.701394,6.556406,0.518826,0.198344,0.005482,6872.107554,8.883881
19.980000,22.000000,81.766975,6.558035,0.518984,0.198399,0.005482,6869.589155,8.880626
19.990000,22.000000,81.832571,6.559663,0.519142,0.198454,0.005481,6867.072218,8.877372
20.000000,22.000000,81.898184,6.561290,0.519299,0.198509,0.005480,6864.556743,8.874120
20.010000,22.000000,81.963813,6.562916,0.519457,0.198564,0.005480,6862.042727,8.870870
20.020000,22.000000,82.029459,6.564541,0.519615,0.198618,0.005479,6859.530171,8.867622
20.030000,22.000000,82.095120,6.566165,0.519773,0.198673,0.005478,6857.019072,8.864376
20.040000,22.000000,82.160798,6.567788,0.519931,0.198728,0.005478,6854.509429,8.861132
20.050000,22.000000,82.226492,6.569410,0.520089,0.198783,0.005477,6852.001242,8.857889
20.060000,22.000000,82.292203,6.571031,0.520246,0.198838,0.005477,6849.494509,8.854649
20.070000,22.000000,82.357929,6.572651,0.520404,0.198892,0.005476,6846.989230,8.851410
20.080000,22.000000,82.423672,6.574271,0.520562,0.198947,0.005475,6844.485402,8.848173
20.090000,22.000000,82.489431,6.575889,0.520720,0.199002,0.005475,6841.983025,8.844938
20.100000,22.000000,82.555206,6.577507,0.520878,0.199057,0.005474,6839.482097,8.841705
20.110000,22.000000,82.620997,6.579123,0.521035,0.199111,0.005473,6836.982618,8.838474
20.120000,22.000000,82.686804,6.580739,0.521193,0.199166,0.005473,6834.484586,8.835245
20.130000,22.000000,82.752628,6.582354,0.521351,0.199221,0.005472,6831.988001,8.832017
20.140000,22.000000,82.818468,6.583967,0.521509,0.199276,0.005471,6829.492860,8.828792
20.150000,22.000000,82.884323,6.585580,0.521666,0.199330,0.005471,6826.999163,8.825568
20.160000,22.000000,82.950195,6.587192,0.521824,0.199385,0.005470,6824.506910,8.822346
20.170000,22.000000,83.016083,6.588803,0.521982,0.199440,0.005469,6822.016097,8.819126
20.180000,22.000000,83.081987,6.590413,0.522140,0.199494,0.005469,6819.526725,8.815908
20.190000,22.000000,83.147908,6.592022,0.522297,0.199549,0.005468,6817.038793,8.812692
20.200000,22.000000,83.213844,6.593630,0.522455,0.199604,0.005467,6814.552298,8.809477
20.210000,22.000000,83.279796,6.595237,0.522613,0.199658,0.005467,6812.067241,8.806265
20.220000,22.000000,83.345765,6.596844,0.522771,0.199713,0.005466,6809.583620,8.803054
20.230000,22.000000,83.411749,6.598449,0.522928,0.199768,0.005465,6807.101433,8.799845
20.240000,22.000000,83.477750,6.600053,0.523086,0.199822,0.005465,6804.620680,8.796638
20.250000,22.000000,83.543766,6.601657,0.523244,0.199877,0.005464,6802.141359,8.793433
20.260000,22.000000,83.609799,6.603259,0.523402,0.199932,0.005463,6799.663470,8.790230
20.270000,22.000000,83.675848,6.604861,0.523559,0.199986,0.005463,6797.187011,8.787028
20.280000,22.000000,83.741912,6.606462,0.523717,0.200041,0.005462,6794.711981,8.783829
20.290000,22.000000,83.807993,6.608062,0.523875,0.200096,0.005461,6792.238379,8.780631
20.300000,22.000000,83.874089,6.609661,0.524032,0.200150,0.005461,6789.766204,8.777435
20.310000,22.000000,83.940202,6.611258,0.524190,0.200205,0.005460,6787.295454,8.774241
20.320000,22.000000,84.006331,6.612856,0.524348,0.200259,0.005459,6784.826129,8.771049
20.330000,22.000000,84.072475,6.614452,0.524505,0.200314,0.005459,6782.358228,8.767858
20.340000,22.000000,84.138636,6.616047,0.524663,0.200369,0.005458,6779.891748,8.764670
20.350000,22.000000,84.204812,6.617641,0.524821,0.200423,0.005457,6777.426690,8.761483
20.360000,22.000000,84.271004,6.619234,0.524978,0.200478,0.005457,6774.963052,8.758298
20.370000,22.000000,84.337213,6.620827,0.525136,0.200532,0.005456,6772.500833,8.755115
20.380000,22.000000,84.403437,6.622418,0.525294,0.200587,0.005455,6770.040031,8.751934
20.390000,22.000000,84.469677,6.624009,0.525451,0.200641,0.005455,6767.580646,8.748755
20.400000,22.000000,84.535933,6.625599,0.525609,0.200696,0.005454,6765.122677,8.745577
20.410000,22.000000,84.602205,6.627188,0.525767,0.200751,0.005453,6762.666122,8.742402
20.420000,22.000000,84.668492,6.628775,0.525924,0.200805,0.005453,6760.210980,8.739228
20.430000,22.000000,84.734796,6.630362,0.526082,0.200860,0.005452,6757.757251,8.736056
20.440000,22.000000,84.801116,6.631948,0.526240,0.200914,0.005451,6755.304932,8.732885
20.450000,22.000000,84.867451,6.633533,0.526397,0.200969,0.005451,6752.854023,8.729717
20.460000,22.000000,84.933802,6.635118,0.526555,0.201023,0.005450,6750.404523,8.726550
20.470000,22.000000,85.000169,6.636701,0.526712,0.201078,0.005449,6747.956431,8.723386
20.480000,22.000000,85.066552,6.638283,0.526870,0.201132,0.005449,6745.509745,8.720223
20.490000,22.000000,85.132951,6.639865,0.527028,0.201187,0.005448,6743.064465,8.717062
20.500000,22.000000,85.199365,6.641445,0.527185,0.201241,0.005447,6740.620589,8.713902
20.510000,22.000000,85.265795,6.643025,0.527343,0.201296,0.005447,6738.178116,8.710745
20.520000,22.000000,85.332241,6.644604,0.527500,0.201350,0.005446,6735.737045,8.707589
20.530000,22.000000,85.398703,6.646182,0.527658,0.201405,0.005445,6733.297375,8.704435
20.540000,22.000000,85.465181,6.647759,0.527816,0.201459,0.005445,6730.859105,8.701283
20.550000,22.000000,85.531674,6.649335,0.527973,0.201513,0.005444,6728.422233,8.698133
20.560000,22.000000,85.598183,6.650910,0.528131,0.201568,0.005443,6725.986759,8.694985
20.570000,22.000000,85.664708,6.652484,0.528288,0.201622,0.005442,6723.552682,8.691838
20.580000,22.000000,85.731249,6.654057,0.528446,0.201677,0.005442,6721.120000,8.688693
20.590000,22.000000,85.797805,6.655630,0.528603,0.201731,0.005441,6718.688712,8.685550
20.600000,22.000000,85.864377,6.657201,0.528761,0.201786,0.005440,6716.258817,8.682409
20.610000,22.000000,85.930965,6.658772,0.528919,0.201840,0.005440,6713.830315,8.679269
20.620000,22.000000,85.997568,6.660342,0.529076,0.201894,0.005439,6711.403203,8.676132
20.630000,22.000000,86.064187,6.661911,0.529234,0.201949,0.005438,6708.977481,8.672996
20.640000,22.000000,86.130822,6.663479,0.529391,0.202003,0.005438,6706.553147,8.669862
20.650000,22.000000,86.197472,6.665046,0.529549,0.202058,0.005437,6704.130202,8.666730
20.660000,22.000000,86.264138,6.666612,0.529706,0.202112,0.005436,6701.708642,8.663599
20.670000,22.000000,86.330820,6.668177,0.529864,0.202166,0.005436,6699.288468,8.660470
20.680000,22.000000,86.397518,6.669741,0.530021,0.202221,0.005435,6696.869679,8.657344
20.690000,22.000000,86.464231,6.671305,0.530179,0.202275,0.005434,6694.452272,8.654219
20.700000,22.000000,86.530959,6.672867,0.530336,0.202329,0.005434,6692.036248,8.651095
20.710000,22.000000,86.597704,6.674429,0.530494,0.202384,0.005433,6689.621604,8.647974
20.720000,22.000000,86.664464,6.675990,0.530651,0.202438,0.005432,6687.208340,8.644854
20.730000,22.000000,86.731239,6.677550,0.530809,0.202492,0.005431,6684.796455,8.641736
20.740000,22.000000,86.798030,6.679109,0.530966,0.202547,0.005431,6682.385948,8.638620
20.750000,22.000000,86.864837,6.680667,0.531123,0.202601,0.005430,6679.976817,8.635505
20.760000,22.000000,86.931659,6.682224,0.531281,0.202655,0.005429,6677.569062,8.632393
20.770000,22.000000,86.998497,6.683780,0.531438,0.202710,0.005429,6675.162681,8.629282
20.780000,22.000000,87.065350,6.685336,0.531596,0.202764,0.005428,6672.757673,8.626173
20.790000,22.000000,87.132219,6.686890,0.531753,0.202818,0.005427,6670.354037,8.623066
20.800000,22.000000,87.199104,6.688444,0.531911,0.202872,0.005427,6667.951772,8.619960
20.810000,22.000000,87.266004,6.689997,0.532068,0.202927,0.005426,6665.550878,8.616856
20.820000,22.000000,87.332919,6.691549,0.532226,0.202981,0.005425,6663.151352,8.613754
20.830000,22.000000,87.399850,6.693100,0.532383,0.203035,0.005425,6660.753194,8.610654
20.840000,22.000000,87.466797,6.694650,0.532540,0.203089,0.005424,6658.356402,8.607556
20.850000,22.000000,87.533758,6.696199,0.532698,0.203144,0.005423,6655.960976,8.604459
20.860000,22.000000,87.600736,6.697747,0.532855,0.203198,0.005422,6653.566915,8.601364
20.870000,22.000000,87.667729,6.699295,0.533013,0.203252,0.005422,6651.174217,8.598271
20.880000,22.000000,87.734737,6.700841,0.533170,0.203306,0.005421,6648.782881,8.595180
20.890000,22.000000,87.801761,6.702387,0.533327,0.203361,0.005420,6646.392906,8.592090
20.900000,22.000000,87.868801,6.703932,0.533485,0.203415,0.005420,6644.004292,8.589002
20.910000,22.000000,87.935855,6.705476,0.533642,0.203469,0.005419,6641.617036,8.585916
20.920000,22.000000,88.002925,6.707019,0.533800,0.203523,0.005418,6639.231138,8.582832
20.930000,22.000000,88.070011,6.708561,0.533957,0.203577,0.005418,6636.846598,8.579749
20.940000,22.000000,88.137112,6.710102,0.534114,0.203632,0.005417,6634.463413,8.576668
20.950000,22.000000,88.204229,6.711643,0.534272,0.203686,0.005416,6632.081582,8.573589
20.960000,22.000000,88.271360,6.713182,0.534429,0.203740,0.005415,6629.701105,8.570512
20.970000,22.000000,88.338508,6.714721,0.534586,0.203794,0.005415,6627.321981,8.567436
20.980000,22.000000,88.405670,6.716259,0.534744,0.203848,0.005414,6624.944208,8.564362
20.990000,22.000000,88.472848,6.717796,0.534901,0.203902,0.005413,6622.567786,8.561290
21.000000,22.000000,88.540041,6.719332,0.535058,0.203956,0.005413,6620.192712,8.558220
21.010000,22.000000,88.607250,6.720867,0.535216,0.204011,0.005412,6617.818987,8.555151
21.020000,22.000000,88.674474,6.722401,0.535373,0.204065,0.005411,6615.446609,8.552084
21.030000,22.000000,88.741713,6.723935,0.535530,0.204119,0.005411,6613.075577,8.549019
21.040000,22.000000,88.808968,6.725467,0.535687,0.204173,0.005410,6610.705890,8.545956
21.050000,22.000000,88.876238,6.726999,0.535845,0.204227,0.005409,6608.337546,8.542894
21.060000,22.000000,88.943523,6.728530,0.536002,0.204281,0.005408,6605.970546,8.539834
21.070000,22.000000,89.010824,6.730060,0.536159,0.204335,0.005408,6603.604887,8.536776
21.080000,22.000000,89.078140,6.731589,0.536317,0.204389,0.005407,6601.240569,8.533720
21.090000,22.000000,89.145471,6.733117,0.536474,0.204443,0.005406,6598.877590,8.530665
21.100000,22.000000,89.212818,6.734645,0.536631,0.204497,0.005406,6596.515950,8.527612
21.110000,22.000000,89.280179,6.736171,0.536788,0.204551,0.005405,6594.155647,8.524561
21.120000,22.000000,89.347556,6.737697,0.536946,0.204606,0.005404,6591.796680,8.521511
21.130000,22.000000,89.414948,6.739222,0.537103,0.204660,0.005403,6589.439049,8.518463
21.140000,22.000000,89.482356,6.740746,0.537260,0.204714,0.005403,6587.082751,8.515417
21.150000,22.000000,89.549779,6.742269,0.537417,0.204768,0.005402,6584.727787,8.512373
21.160000,22.000000,89.617216,6.743791,0.537575,0.204822,0.005401,6582.374155,8.509330
21.170000,22.000000,89.684670,6.745312,0.537732,0.204876,0.005401,6580.021854,8.506289
21.180000,22.000000,89.752138,6.746833,0.537889,0.204930,0.005400,6577.670883,8.503250
21.190000,22.000000,89.819621,6.748352,0.538046,0.204984,0.005399,6575.321240,8.500212
21.200000,22.000000,89.887120,6.749871,0.538203,0.205038,0.005398,6572.972925,8.497177
21.210000,22.000000,89.954634,6.751389,0.538361,0.205092,0.005398,6570.625937,8.494143
21.220000,22.000000,90.022163,6.752906,0.538518,0.205146,0.005397,6568.280275,8.491110
21.230000,22.000000,90.089707,6.754422,0.538675,0.205200,0.005396,6565.935937,8.488080
21.240000,22.000000,90.157267,6.755937,0.538832,0.205254,0.005396,6563.592923,8.485051
21.250000,22.000000,90.224841,6.757452,0.538989,0.205308,0.005395,6561.251231,8.482024
21.260000,22.000000,90.292431,6.758966,0.539147,0.205362,0.005394,6558.910860,8.478998
21.270000,22.000000,90.360036,6.760478,0.539304,0.205415,0.005393,6556.571810,8.475974
21.280000,22.000000,90.427656,6.761990,0.539461,0.205469,0.005393,6554.234079,8.472952
21.290000,22.000000,90.495291,6.763501,0.539618,0.205523,0.005392,6551.897666,8.469932
21.300000,22.000000,90.562941,6.765011,0.539775,0.205577,0.005391,6549.562570,8.466913
21.310000,22.000000,90.630606,6.766521,0.539932,0.205631,0.005391,6547.228790,8.463896
21.320000,22.000000,90.698286,6.768029,0.540089,0.205685,0.005390,6544.896325,8.460881
21.330000,22.000000,90.765982,6.769537,0.540247,0.205739,0.005389,6542.565174,8.457867
21.340000,22.000000,90.833692,6.771044,0.540404,0.205793,0.005388,6540.235336,8.454855
21.350000,22.000000,90.901417,6.772550,0.540561,0.205847,0.005388,6537.906810,8.451845
21.360000,22.000000,90.969158,6.774055,0.540718,0.205901,0.005387,6535.579595,8.448837
21.370000,22.000000,91.036914,6.775559,0.540875,0.205954,0.005386,6533.253689,8.445830
21.380000,22.000000,91.104684,6.777063,0.541032,0.206008,0.005386,6530.929092,8.442825
21.390000,22.000000,91.172470,6.778565,0.541189,0.206062,0.005385,6528.605803,8.439821
21.400000,22.000000,91.240271,6.780067,0.541346,0.206116,0.005384,6526.283820,8.436820
21.410000,22.000000,91.308086,6.781568,0.541503,0.206170,0.005383,6523.963143,8.433820
21.420000,22.000000,91.375917,6.783068,0.541660,0.206224,0.005383,6521.643770,8.430821
21.430000,22.000000,91.443763,6.784567,0.541817,0.206278,0.005382,6519.325700,8.427825
21.440000,22.000000,91.511623,6.786065,0.541974,0.206331,0.005381,6517.008933,8.424830
21.450000,22.000000,91.579499,6.787563,0.542132,0.206385,0.005380,6514.693467,8.421836
21.460000,22.000000,91.647389,6.789059,0.542289,0.206439,0.005380,6512.379302,8.418845
21.470000,22.000000,91.715295,6.790555,0.542446,0.206493,0.005379,6510.066435,8.415855
21.480000,22.000000,91.783216,6.792050,0.542603,0.206547,0.005378,6507.754867,8.412866
21.490000,22.000000,91.851151,6.793544,0.542760,0.206600,0.005378,6505.444596,8.409880
21.500000,22.000000,91.919101,6.795038,0.542917,0.206654,0.005377,6503.135621,8.406895
21.510000,22.000000,91.987067,6.796530,0.543074,0.206708,0.005376,6500.827941,8.403912
21.520000,22.000000,92.055047,6.798022,0.543231,0.206762,0.005375,6498.521555,8.400930
21.530000,22.000000,92.123042,6.799513,0.543388,0.206815,0.005375,6496.216462,8.397950
21.540000,22.000000,92.191052,6.801003,0.543545,0.206869,0.005374,6493.912661,8.394972
21.550000,22.000000,92.259077,6.802492,0.543702,0.206923,0.005373,6491.610151,8.391995
21.560000,22.000000,92.327117,6.803980,0.543859,0.206977,0.005372,6489.308930,8.389021
21.570000,22.000000,92.395171,6.805467,0.544016,0.207030,0.005372,6487.008999,8.386047
21.580000,22.000000,92.463241,6.806954,0.544173,0.207084,0.005371,6484.710355,8.383076
21.590000,22.000000,92.531325,6.808440,0.544330,0.207138,0.005370,6482.412997,8.380106
21.600000,22.000000,92.599425,6.809925,0.544486,0.207192,0.005370,6480.116926,8.377138
21.610000,22.000000,92.667539,6.811409,0.544643,0.207245,0.005369,6477.822139,8.374171
21.620000,22.000000,92.735668,6.812892,0.544800,0.207299,0.005368,6475.528636,8.371206
21.630000,22.000000,92.803811,6.814375,0.544957,0.207353,0.005367,6473.236415,8.368243
21.640000,22.000000,92.871970,6.815856,0.545114,0.207406,0.005367,6470.945476,8.365281
21.650000,22.000000,92.940143,6.817337,0.545271,0.207460,0.005366,6468.655817,8.362321
21.660000,22.000000,93.008331,6.818817,0.545428,0.207514,0.005365,6466.367438,8.359363
21.670000,22.000000,93.076534,6.820296,0.545585,0.207567,0.005364,6464.080337,8.356406
21.680000,22.000000,93.144752,6.821775,0.545742,0.207621,0.005364,6461.794513,8.353451
21.690000,22.000000,93.212985,6.823252,0.545899,0.207675,0.005363,6459.509966,8.350498
21.700000,22.000000,93.281232,6.824729,0.546056,0.207728,0.005362,6457.226694,8.347546
21.710000,22.000000,93.349494,6.826205,0.546213,0.207782,0.005361,6454.944697,8.344596
21.720000,22.000000,93.417771,6.827680,0.546369,0.207835,0.005361,6452.663973,8.341648
21.730000,22.000000,93.486062,6.829154,0.546526,0.207889,0.005360,6450.384521,8.338701
21.740000,22.000000,93.554369,6.830627,0.546683,0.207943,0.005359,6448.106340,8.335756
21.750000,22.000000,93.622690,6.832100,0.546840,0.207996,0.005359,6445.829430,8.332813
21.760000,22.000000,93.691025,6.833572,0.546997,0.208050,0.005358,6443.553788,8.329871
21.770000,22.000000,93.759376,6.835043,0.547154,0.208103,0.005357,6441.279415,8.326931
21.780000,22.000000,93.827741,6.836513,0.547310,0.208157,0.005356,6439.006309,8.323992
21.790000,22.000000,93.896121,6.837982,0.547467,0.208211,0.005356,6436.734469,8.321055
21.800000,22.000000,93.964515,6.839450,0.547624,0.208264,0.005355,6434.463895,8.318120
21.810000,22.000000,94.032924,6.840918,0.547781,0.208318,0.005354,6432.194584,8.315186
21.820000,22.000000,94.101348,6.842385,0.547938,0.208371,0.005353,6429.926536,8.312254
21.830000,22.000000,94.169787,6.843851,0.548095,0.208425,0.005353,6427.659751,8.309324
21.840000,22.000000,94.238240,6.845316,0.548251,0.208478,0.005352,6425.394226,8.306395
21.850000,22.000000,94.306708,6.846780,0.548408,0.208532,0.005351,6423.129961,8.303468
21.860000,22.000000,94.375190,6.848244,0.548565,0.208585,0.005350,6420.866956,8.300543
21.870000,22.000000,94.443687,6.849707,0.548722,0.208639,0.005350,6418.605208,8.297619
21.880000,22.000000,94.512199,6.851169,0.548878,0.208692,0.005349,6416.344717,8.294696
21.890000,22.000000,94.580725,6.852630,0.549035,0.208746,0.005348,6414.085482,8.291776
21.900000,22.000000,94.649266,6.854090,0.549192,0.208799,0.005347,6411.827502,8.288857
21.910000,22.000000,94.717822,6.855550,0.549349,0.208853,0.005347,6409.570776,8.285939
21.920000,22.000000,94.786392,6.857008,0.549505,0.208906,0.005346,6407.315303,8.283024
21.930000,22.000000,94.854976,6.858466,0.549662,0.208960,0.005345,6405.061082,8.280110
21.940000,22.000000,94.923576,6.859923,0.549819,0.209013,0.005344,6402.808112,8.277197
21.950000,22.000000,94.992189,6.861380,0.549976,0.209067,0.005344,6400.556391,8.274286
21.960000,22.000000,95.060818,6.862835,0.550132,0.209120,0.005343,6398.305919,8.271377
21.970000,22.000000,95.129461,6.864290,0.550289,0.209173,0.005342,6396.056696,8.268469
21.980000,22.000000,95.198118,6.865744,0.550446,0.209227,0.005341,6393.808719,8.265563
21.990000,22.000000,95.266790,6.867197,0.550602,0.209280,0.005341,6391.561987,8.262659
22.000000,22.000000,95.335477,6.868649,0.550759,0.209334,0.005340,6389.316501,8.259756
22.010000,22.000000,95.404178,6.870100,0.550916,0.209387,0.005339,6387.072258,8.256855
22.020000,22.000000,95.472893,6.871551,0.551072,0.209441,0.005338,6384.829259,8.253955
22.030000,22.000000,95.541623,6.873001,0.551229,0.209494,0.005338,6382.587501,8.251057
22.040000,22.000000,95.610368,6.874450,0.551386,0.209547,0.005337,6380.346984,8.248161
22.050000,22.000000,95.679127,6.875898,0.551542,0.209601,0.005336,6378.107706,8.245266
22.060000,22.000000,95.747900,6.877345,0.551699,0.209654,0.005335,6375.869668,8.242372
22.070000,22.000000,95.816688,6.878792,0.551856,0.209707,0.005335,6373.632867,8.239481
22.080000,22.000000,95.885490,6.880238,0.552012,0.209761,0.005334,6371.397303,8.236591
22.090000,22.000000,95.954307,6.881683,0.552169,0.209814,0.005333,6369.162975,8.233702
22.100000,22.000000,96.023138,6.883127,0.552326,0.209867,0.005332,6366.929881,8.230816
22.110000,22.000000,96.091984,6.884571,0.552482,0.209921,0.005332,6364.698022,8.227930
22.120000,22.000000,96.160844,6.886013,0.552639,0.209974,0.005331,6362.467395,8.225047
22.130000,22.000000,96.229719,6.887455,0.552795,0.210027,0.005330,6360.238000,8.222165
22.140000,22.000000,96.298608,6.888896,0.552952,0.210081,0.005329,6358.009836,8.219284
22.150000,22.000000,96.367511,6.890336,0.553109,0.210134,0.005329,6355.782902,8.216405
22.160000,22.000000,96.436429,6.891776,0.553265,0.210187,0.005328,6353.557196,8.213528
22.170000,22.000000,96.505361,6.893214,0.553422,0.210241,0.005327,6351.332718,8.210652
22.180000,22.000000,96.574308,6.894652,0.553578,0.210294,0.005326,6349.109468,8.207778
22.190000,22.000000,96.643268,6.896089,0.553735,0.210347,0.005326,6346.887443,8.204906
22.200000,22.000000,96.712244,6.897526,0.553891,0.210400,0.005325,6344.666643,8.202035
22.210000,22.000000,96.781233,6.898961,0.554048,0.210454,0.005324,6342.447066,8.199166
22.220000,22.000000,96.850237,6.900396,0.554204,0.210507,0.005323,6340.228713,8.196298
22.230000,22.000000,96.919256,6.901830,0.554361,0.210560,0.005323,6338.011581,8.193432
22.240000,22.000000,96.988288,6.903263,0.554518,0.210613,0.005322,6335.795671,8.190567
22.250000,22.000000,97.057335,6.904695,0.554674,0.210666,0.005321,6333.580980,8.187704
22.260000,22.000000,97.126396,6.906127,0.554831,0.210720,0.005320,6331.367508,8.184843
22.270000,22.000000,97.195472,6.907557,0.554987,0.210773,0.005320,6329.155255,8.181983
22.280000,22.000000,97.264562,6.908987,0.555144,0.210826,0.005319,6326.944218,8.179124
22.290000,22.000000,97.333666,6.910416,0.555300,0.210879,0.005318,6324.734397,8.176268
22.300000,22.000000,97.402784,6.911845,0.555456,0.210932,0.005317,6322.525791,8.173412
22.310000,22.000000,97.471917,6.913272,0.555613,0.210986,0.005317,6320.318399,8.170559
22.320000,22.000000,97.541064,6.914699,0.555769,0.211039,0.005316,6318.112220,8.167707
22.330000,22.000000,97.610225,6.916125,0.555926,0.211092,0.005315,6315.907253,8.164856
22.340000,22.000000,97.679401,6.917550,0.556082,0.211145,0.005314,6313.703498,8.162007
22.350000,22.000000,97.748591,6.918975,0.556239,0.211198,0.005314,6311.500952,8.159160
22.360000,22.000000,97.817795,6.920399,0.556395,0.211251,0.005313,6309.299615,8.156314
22.370000,22.000000,97.887013,6.921821,0.556552,0.211305,0.005312,6307.099487,8.153470
22.380000,22.000000,97.956245,6.923244,0.556708,0.211358,0.005311,6304.900566,8.150628
22.390000,22.000000,98.025492,6.924665,0.556864,0.211411,0.005311,6302.702851,8.147786
22.400000,22.000000,98.094753,6.926085,0.557021,0.211464,0.005310,6300.506341,8.144947
22.410000,22.000000,98.164028,6.927505,0.557177,0.211517,0.005309,6298.311035,8.142109
22.420000,22.000000,98.233317,6.928924,0.557334,0.211570,0.005308,6296.116933,8.139273
22.430000,22.000000,98.302621,6.930342,0.557490,0.211623,0.005307,6293.924032,8.136438
22.440000,22.000000,98.371938,6.931760,0.557646,0.211676,0.005307,6291.732334,8.133604
22.450000,22.000000,98.441270,6.933177,0.557803,0.211729,0.005306,6289.541835,8.130773
22.460000,22.000000,98.510616,6.934592,0.557959,0.211782,0.005305,6287.352536,8.127942
22.470000,22.000000,98.579976,6.936008,0.558115,0.211835,0.005304,6285.164435,8.125114
22.480000,22.000000,98.649350,6.937422,0.558272,0.211888,0.005304,6282.977532,8.122287
22.490000,22.000000,98.718738,6.938835,0.558428,0.211942,0.005303,6280.791825,8.119461
22.500000,22.000000,98.788141,6.940248,0.558584,0.211995,0.005302,6278.607314,8.116637
22.510000,22.000000,98.857558,6.941660,0.558741,0.212048,0.005301,6276.423997,8.113815
22.520000,22.000000,98.926988,6.943072,0.558897,0.212101,0.005301,6274.241874,8.110994
22.530000,22.000000,98.996433,6.944482,0.559053,0.212154,0.005300,6272.060943,8.108174
22.540000,22.000000,99.065892,6.945892,0.559210,0.212207,0.005299,6269.881204,8.105356
22.550000,22.000000,99.135365,6.947301,0.559366,0.212260,0.005298,6267.702656,8.102540
22.560000,22.000000,99.204852,6.948709,0.559522,0.212313,0.005298,6265.525297,8.099725
22.570000,22.000000,99.274353,6.950116,0.559679,0.212366,0.005297,6263.349127,8.096912
22.580000,22.000000,99.343868,6.951523,0.559835,0.212419,0.005296,6261.174145,8.094100
22.590000,22.000000,99.413398,6.952929,0.559991,0.212471,0.005295,6259.000349,8.091290
22.600000,22.000000,99.482941,6.954334,0.560147,0.212524,0.005294,6256.827740,8.088482
22.610000,22.000000,99.552498,6.955738,0.560304,0.212577,0.005294,6254.656315,8.085675
22.620000,22.000000,99.622070,6.957142,0.560460,0.212630,0.005293,6252.486075,8.082869
22.630000,22.000000,99.691655,6.958544,0.560616,0.212683,0.005292,6250.317017,8.080065
22.640000,22.000000,99.761255,6.959946,0.560772,0.212736,0.005291,6248.149141,8.077262
22.650000,22.000000,99.830868,6.961348,0.560929,0.212789,0.005291,6245.982447,8.074461
22.660000,22.000000,99.900496,6.962748,0.561085,0.212842,0.005290,6243.816932,8.071662
22.670000,22.000000,99.970137,6.964148,0.561241,0.212895,0.005289,6241.652597,8.068864
22.680000,22.000000,100.039793,6.965547,0.561397,0.212948,0.005288,6239.489440,8.066068
22.690000,22.000000,100.109462,6.966945,0.561553,0.213001,0.005288,6237.327460,8.063273
22.700000,22.000000,100.179146,6.968343,0.561710,0.213054,0.005287,6235.166656,8.060479
22.710000,22.000000,100.248843,6.969739,0.561866,0.213106,0.005286,6233.007028,8.057688
22.720000,22.000000,100.318554,6.971135,0.562022,0.213159,0.005285,6230.848574,8.054897
22.730000,22.000000,100.388280,6.972530,0.562178,0.213212,0.005284,6228.691294,8.052108
22.740000,22.000000,100.458019,6.973925,0.562334,0.213265,0.005284,6226.535186,8.049321
22.750000,22.000000,100.527772,6.975319,0.562490,0.213318,0.005283,6224.380250,8.046535
22.760000,22.000000,100.597539,6.976711,0.562647,0.213371,0.005282,6222.226484,8.043751
22.770000,22.000000,100.667320,6.978104,0.562803,0.213423,0.005281,6220.073888,8.040968
22.780000,22.000000,100.737115,6.979495,0.562959,0.213476,0.005281,6217.922461,8.038187
22.790000,22.000000,100.806924,6.980886,0.563115,0.213529,0.005280,6215.772201,8.035407
22.800000,22.000000,100.876747,6.982275,0.563271,0.213582,0.005279,6213.623108,8.032629
22.810000,22.000000,100.946583,6.983665,0.563427,0.213635,0.005278,6211.475181,8.029852
22.820000,22.000000,101.016434,6.985053,0.563583,0.213687,0.005277,6209.328419,8.027077
22.830000,22.000000,101.086298,6.986441,0.563739,0.213740,0.005277,6207.182821,8.024303
22.840000,22.000000,101.156177,6.987827,0.563895,0.213793,0.005276,6205.038386,8.021531
22.850000,22.000000,101.226069,6.989214,0.564051,0.213846,0.005275,6202.895114,8.018761
22.860000,22.000000,101.295975,6.990599,0.564207,0.213899,0.005274,6200.753002,8.015991
22.870000,22.000000,101.365895,6.991984,0.564364,0.213951,0.005274,6198.612051,8.013224
22.880000,22.000000,101.435828,6.993367,0.564520,0.214004,0.005273,6196.472258,8.010457
22.890000,22.000000,101.505776,6.994751,0.564676,0.214057,0.005272,6194.333625,8.007693
22.900000,22.000000,101.575737,6.996133,0.564832,0.214109,0.005271,6192.196148,8.004930
22.910000,22.000000,101.645712,6.997515,0.564988,0.214162,0.005270,6190.059828,8.002168
22.920000,22.000000,101.715701,6.998895,0.565144,0.214215,0.005270,6187.924664,7.999408
22.930000,22.000000,101.785704,7.000276,0.565300,0.214268,0.005269,6185.790654,7.996649
22.940000,22.000000,101.855721,7.001655,0.565456,0.214320,0.005268,6183.657798,7.993892
22.950000,22.000000,101.925751,7.003034,0.565612,0.214373,0.005267,6181.526095,7.991136
22.960000,22.000000,101.995795,7.004411,0.565768,0.214426,0.005267,6179.395543,7.988382
22.970000,22.000000,102.065853,7.005789,0.565924,0.214478,0.005266,6177.266143,7.985629
22.980000,22.000000,102.135924,7.007165,0.566080,0.214531,0.005265,6175.137892,7.982878
22.990000,22.000000,102.206010,7.008541,0.566236,0.214584,0.005264,6173.010790,7.980128
23.000000,22.000000,102.276109,7.009916,0.566392,0.214636,0.005263,6170.884836,7.977379
23.010000,22.000000,102.346222,7.011290,0.566548,0.214689,0.005263,6168.760030,7.974633
23.020000,22.000000,102.416349,7.012663,0.566703,0.214742,0.005262,6166.636370,7.971887
23.030000,22.000000,102.486489,7.014036,0.566859,0.214794,0.005261,6164.513855,7.969143
23.040000,22.000000,102.556643,7.015408,0.567015,0.214847,0.005260,6162.392484,7.966401
23.050000,22.000000,102.626811,7.016779,0.567171,0.214899,0.005260,6160.272257,7.963660
23.060000,22.000000,102.696992,7.018149,0.567327,0.214952,0.005259,6158.153173,7.960921
23.070000,22.000000,102.767187,7.019519,0.567483,0.215005,0.005258,6156.035230,7.958183
23.080000,22.000000,102.837396,7.020888,0.567639,0.215057,0.005257,6153.918427,7.955446
23.090000,22.000000,102.907619,7.022256,0.567795,0.215110,0.005256,6151.802765,7.952711
23.100000,22.000000,102.977855,7.023624,0.567951,0.215162,0.005256,6149.688241,7.949978
23.110000,22.000000,103.048105,7.024991,0.568107,0.215215,0.005255,6147.574855,7.947246
23.120000,22.000000,103.118369,7.026357,0.568262,0.215267,0.005254,6145.462607,7.944515
23.130000,22.000000,103.188646,7.027722,0.568418,0.215320,0.005253,6143.351494,7.941786
23.140000,22.000000,103.258937,7.029087,0.568574,0.215372,0.005253,6141.241516,7.939058
23.150000,22.000000,103.329241,7.030450,0.568730,0.215425,0.005252,6139.132673,7.936332
23.160000,22.000000,103.399559,7.031814,0.568886,0.215477,0.005251,6137.024963,7.933607
23.170000,22.000000,103.469891,7.033176,0.569042,0.215530,0.005250,6134.918385,7.930884
23.180000,22.000000,103.540237,7.034538,0.569197,0.215582,0.005249,6132.812939,7.928162
23.190000,22.000000,103.610596,7.035899,0.569353,0.215635,0.005249,6130.708624,7.925442
23.200000,22.000000,103.680968,7.037259,0.569509,0.215687,0.005248,6128.605438,7.922723
23.210000,22.000000,103.751354,7.038618,0.569665,0.215740,0.005247,6126.503381,7.920006
23.220000,22.000000,103.821754,7.039977,0.569821,0.215792,0.005246,6124.402451,7.917290
23.230000,22.000000,103.892167,7.041335,0.569976,0.215845,0.005245,6122.302649,7.914575
23.240000,22.000000,103.962594,7.042692,0.570132,0.215897,0.005245,6120.203973,7.911862
23.250000,22.000000,104.033035,7.044049,0.570288,0.215950,0.005244,6118.106421,7.909150
23.260000,22.000000,104.103489,7.045404,0.570444,0.216002,0.005243,6116.009994,7.906440
23.270000,22.000000,104.173956,7.046760,0.570599,0.216055,0.005242,6113.914691,7.903732
23.280000,22.000000,104.244438,7.048114,0.570755,0.216107,0.005242,6111.820509,7.901024
23.290000,22.000000,104.314932,7.049468,0.570911,0.216160,0.005241,6109.727449,7.898319
23.300000,22.000000,104.385440,7.050820,0.571067,0.216212,0.005240,6107.635510,7.895614
23.310000,22.000000,104.455962,7.052173,0.571222,0.216264,0.005239,6105.544690,7.892911
23.320000,22.000000,104.526497,7.053524,0.571378,0.216317,0.005238,6103.454989,7.890210
23.330000,22.000000,104.597046,7.054875,0.571534,0.216369,0.005238,6101.366406,7.887510
23.340000,22.000000,104.667608,7.056225,0.571689,0.216421,0.005237,6099.278940,7.884811
23.350000,22.000000,104.738184,7.057574,0.571845,0.216474,0.005236,6097.192589,7.882114
23.360000,22.000000,104.808773,7.058923,0.572001,0.216526,0.005235,6095.107354,7.879418
23.370000,22.000000,104.879376,7.060271,0.572157,0.216579,0.005234,6093.023234,7.876724
23.380000,22.000000,104.949992,7.061618,0.572312,0.216631,0.005234,6090.940226,7.874031
23.390000,22.000000,105.020622,7.062964,0.572468,0.216683,0.005233,6088.858331,7.871340
23.400000,22.000000,105.091265,7.064310,0.572623,0.216736,0.005232,6086.777548,7.868650
23.410000,22.000000,105.161922,7.065655,0.572779,0.216788,0.005231,6084.697875,7.865962
23.420000,22.000000,105.232592,7.066999,0.572935,0.216840,0.005230,6082.619311,7.863275
23.430000,22.000000,105.303275,7.068343,0.573090,0.216892,0.005230,6080.541857,7.860589
23.440000,22.000000,105.373972,7.069685,0.573246,0.216945,0.005229,6078.465511,7.857905
23.450000,22.000000,105.444682,7.071027,0.573402,0.216997,0.005228,6076.390272,7.855222
23.460000,22.000000,105.515406,7.072369,0.573557,0.217049,0.005227,6074.316138,7.852541
23.470000,22.000000,105.586143,7.073710,0.573713,0.217102,0.005226,6072.243110,7.849861
23.480000,22.000000,105.656893,7.075049,0.573868,0.217154,0.005226,6070.171187,7.847182
23.490000,22.000000,105.727657,7.076389,0.574024,0.217206,0.005225,6068.100367,7.844505
23.500000,22.000000,105.798435,7.077727,0.574179,0.217258,0.005224,6066.030649,7.841830
23.510000,22.000000,105.869225,7.079065,0.574335,0.217311,0.005223,6063.962034,7.839156
23.520000,22.000000,105.940029,7.080402,0.574491,0.217363,0.005223,6061.894519,7.836483
23.530000,22.000000,106.010847,7.081739,0.574646,0.217415,0.005222,6059.828104,7.833811
23.540000,22.000000,106.081677,7.083074,0.574802,0.217467,0.005221,6057.762788,7.831141
23.550000,22.000000,106.152521,7.084409,0.574957,0.217520,0.005220,6055.698570,7.828473
23.560000,22.000000,106.223379,7.085744,0.575113,0.217572,0.005219,6053.635449,7.825806
23.570000,22.000000,106.294250,7.087077,0.575268,0.217624,0.005219,6051.573425,7.823140
23.580000,22.000000,106.365134,7.088410,0.575424,0.217676,0.005218,6049.512496,7.820476
23.590000,22.000000,106.436031,7.089742,0.575579,0.217728,0.005217,6047.452662,7.817813
23.600000,22.000000,106.506942,7.091073,0.575735,0.217780,0.005216,6045.393921,7.815152
23.610000,22.000000,106.577866,7.092404,0.575890,0.217833,0.005215,6043.336274,7.812492
23.620000,22.000000,106.648803,7.093734,0.576046,0.217885,0.005215,6041.279718,7.809833
23.630000,22.000000,106.719754,7.095064,0.576201,0.217937,0.005214,6039.224253,7.807176
23.640000,22.000000,106.790718,7.096392,0.576357,0.217989,0.005213,6037.169879,7.804520
23.650000,22.000000,106.861695,7.097720,0.576512,0.218041,0.005212,6035.116594,7.801866
23.660000,22.000000,106.932686,7.099047,0.576667,0.218093,0.005211,6033.064397,7.799213
23.670000,22.000000,107.003689,7.100374,0.576823,0.218145,0.005211,6031.013288,7.796561
23.680000,22.000000,107.074706,7.101700,0.576978,0.218198,0.005210,6028.963265,7.793911
23.690000,22.000000,107.145736,7.103025,0.577134,0.218250,0.005209,6026.914328,7.791262
23.700000,22.000000,107.216780,7.104349,0.577289,0.218302,0.005208,6024.866477,7.788615
23.710000,22.000000,107.287837,7.105673,0.577444,0.218354,0.005207,6022.819709,7.785969
23.720000,22.000000,107.358907,7.106996,0.577600,0.218406,0.005207,6020.774024,7.783324
23.730000,22.000000,107.429990,7.108318,0.577755,0.218458,0.005206,6018.729422,7.780681
23.740000,22.000000,107.501086,7.109640,0.577911,0.218510,0.005205,6016.685901,7.778040
23.750000,22.000000,107.572196,7.110960,0.578066,0.218562,0.005204,6014.643460,7.775399
23.760000,22.000000,107.643319,7.112281,0.578221,0.218614,0.005203,6012.602100,7.772760
23.770000,22.000000,107.714455,7.113600,0.578377,0.218666,0.005203,6010.561818,7.770123
23.780000,22.000000,107.785604,7.114919,0.578532,0.218718,0.005202,6008.522614,7.767486
23.790000,22.000000,107.856766,7.116237,0.578687,0.218770,0.005201,6006.484487,7.764852
23.800000,22.000000,107.927942,7.117554,0.578843,0.218822,0.005200,6004.447436,7.762218
23.810000,22.000000,107.999130,7.118871,0.578998,0.218874,0.005199,6002.411460,7.759586
23.820000,22.000000,108.070332,7.120187,0.579153,0.218926,0.005199,6000.376559,7.756956
23.830000,22.000000,108.141547,7.121502,0.579309,0.218978,0.005198,5998.342732,7.754327
23.840000,22.000000,108.212776,7.122817,0.579464,0.219030,0.005197,5996.309977,7.751699
23.850000,22.000000,108.284017,7.124131,0.579619,0.219082,0.005196,5994.278294,7.749072
23.860000,22.000000,108.355271,7.125444,0.579774,0.219134,0.005195,5992.247682,7.746447
23.870000,22.000000,108.426539,7.126757,0.579930,0.219186,0.005195,5990.218140,7.743823
23.880000,22.000000,108.497820,7.128069,0.580085,0.219238,0.005194,5988.189668,7.741201
23.890000,22.000000,108.569113,7.129380,0.580240,0.219290,0.005193,5986.162264,7.738580
23.900000,22.000000,108.640420,7.130690,0.580395,0.219342,0.005192,5984.135927,7.735961
23.910000,22.000000,108.711740,7.132000,0.580551,0.219394,0.005191,5982.110657,7.733343
23.920000,22.000000,108.783073,7.133309,0.580706,0.219446,0.005191,5980.086453,7.730726
23.930000,22.000000,108.854419,7.134617,0.580861,0.219498,0.005190,5978.063314,7.728110
23.940000,22.000000,108.925779,7.135925,0.581016,0.219550,0.005189,5976.041239,7.725496
23.950000,22.000000,108.997151,7.137232,0.581172,0.219601,0.005188,5974.020227,7.722884
23.960000,22.000000,109.068536,7.138539,0.581327,0.219653,0.005187,5972.000277,7.720272
23.970000,22.000000,109.139935,7.139844,0.581482,0.219705,0.005186,5969.981390,7.717663
23.980000,22.000000,109.211346,7.141149,0.581637,0.219757,0.005186,5967.963562,7.715054
23.990000,22.000000,109.282771,7.142453,0.581792,0.219809,0.005185,5965.946795,7.712447
24.000000,22.000000,109.354208,7.143757,0.581947,0.219861,0.005184,5963.931086,7.709841
24.010000,22.000000,109.425659,7.145060,0.582103,0.219913,0.005183,5961.916436,7.707237
24.020000,22.000000,109.497123,7.146362,0.582258,0.219964,0.005182,5959.902843,7.704634
24.030000,22.000000,109.568599,7.147664,0.582413,0.220016,0.005182,5957.890306,7.702032
24.040000,22.000000,109.640089,7.148965,0.582568,0.220068,0.005181,5955.878825,7.699432
24.050000,22.000000,109.711592,7.150265,0.582723,0.220120,0.005180,5953.868398,7.696833
24.060000,22.000000,109.783107,7.151564,0.582878,0.220172,0.005179,5951.859025,7.694235
24.070000,22.000000,109.854636,7.152863,0.583033,0.220223,0.005178,5949.850706,7.691639
24.080000,22.000000,109.926178,7.154161,0.583188,0.220275,0.005178,5947.843438,7.689044
24.090000,22.000000,109.997732,7.155459,0.583343,0.220327,0.005177,5945.837222,7.686450
24.100000,22.000000,110.069300,7.156755,0.583498,0.220379,0.005176,5943.832056,7.683858
24.110000,22.000000,110.140880,7.158052,0.583654,0.220431,0.005175,5941.827940,7.681267
24.120000,22.000000,110.212474,7.159347,0.583809,0.220482,0.005174,5939.824872,7.678678
24.130000,22.000000,110.284080,7.160642,0.583964,0.220534,0.005174,5937.822853,7.676090
24.140000,22.000000,110.355699,7.161936,0.584119,0.220586,0.005173,5935.821880,7.673503
24.150000,22.000000,110.427332,7.163229,0.584274,0.220637,0.005172,5933.821954,7.670918
24.160000,22.000000,110.498977,7.164522,0.584429,0.220689,0.005171,5931.823073,7.668334
24.170000,22.000000,110.570635,7.165814,0.584584,0.220741,0.005170,5929.825236,7.665751
24.180000,22.000000,110.642306,7.167105,0.584739,0.220793,0.005170,5927.828444,7.663170
24.190000,22.000000,110.713990,7.168396,0.584894,0.220844,0.005169,5925.832694,7.660590
24.200000,22.000000,110.785687,7.169686,0.585049,0.220896,0.005168,5923.837986,7.658011
24.210000,22.000000,110.857397,7.170975,0.585204,0.220948,0.005167,5921.844320,7.655434
24.220000,22.000000,110.929119,7.172264,0.585359,0.220999,0.005166,5919.851693,7.652858
24.230000,22.000000,111.000855,7.173552,0.585514,0.221051,0.005165,5917.860107,7.650283
24.240000,22.000000,111.072603,7.174839,0.585669,0.221103,0.005165,5915.869558,7.647710
24.250000,22.000000,111.144364,7.176126,0.585824,0.221154,0.005164,5913.880048,7.645138
24.260000,22.000000,111.216139,7.177412,0.585979,0.221206,0.005163,5911.891575,7.642567
24.270000,22.000000,111.287926,7.178697,0.586133,0.221258,0.005162,5909.904138,7.639998
24.280000,22.000000,111.359725,7.179982,0.586288,0.221309,0.005161,5907.917736,7.637430
24.290000,22.000000,111.431538,7.181266,0.586443,0.221361,0.005161,5905.932368,7.634863
24.300000,22.000000,111.503364,7.182549,0.586598,0.221412,0.005160,5903.948035,7.632298
24.310000,22.000000,111.575202,7.183832,0.586753,0.221464,0.005159,5901.964734,7.629734
24.320000,22.000000,111.647053,7.185114,0.586908,0.221516,0.005158,5899.982465,7.627172
24.330000,22.000000,111.718917,7.186395,0.587063,0.221567,0.005157,5898.001227,7.624611
24.340000,22.000000,111.790794,7.187676,0.587218,0.221619,0.005157,5896.021020,7.622051
24.350000,22.000000,111.862683,7.188955,0.587373,0.221670,0.005156,5894.041842,7.619492
24.360000,22.000000,111.934586,7.190235,0.587527,0.221722,0.005155,5892.063693,7.616935
24.370000,22.000000,112.006501,7.191513,0.587682,0.221773,0.005154,5890.086572,7.614379
24.380000,22.000000,112.078429,7.192791,0.587837,0.221825,0.005153,5888.110477,7.611824
24.390000,22.000000,112.150369,7.194069,0.587992,0.221877,0.005152,5886.135409,7.609271
24.400000,22.000000,112.222323,7.195345,0.588147,0.221928,0.005152,5884.161366,7.606719
24.410000,22.000000,112.294289,7.196621,0.588302,0.221980,0.005151,5882.188348,7.604169
24.420000,22.000000,112.366268,7.197897,0.588456,0.222031,0.005150,5880.216354,7.601619
24.430000,22.000000,112.438260,7.199171,0.588611,0.222083,0.005149,5878.245382,7.599071
24.440000,22.000000,112.510264,7.200445,0.588766,0.222134,0.005148,5876.275432,7.596525
24.450000,22.000000,112.582281,7.201719,0.588921,0.222186,0.005148,5874.306504,7.593979
24.460000,22.000000,112.654311,7.202991,0.589076,0.222237,0.005147,5872.338596,7.591435
24.470000,22.000000,112.726354,7.204263,0.589230,0.222289,0.005146,5870.371708,7.588893
24.480000,22.000000,112.798409,7.205535,0.589385,0.222340,0.005145,5868.405839,7.586351
24.490000,22.000000,112.870477,7.206805,0.589540,0.222391,0.005144,5866.440987,7.583811
24.500000,22.000000,112.942558,7.208075,0.589695,0.222443,0.005144,5864.477153,7.581272
24.510000,22.000000,113.014651,7.209345,0.589849,0.222494,0.005143,5862.514335,7.578735
24.520000,22.000000,113.086758,7.210613,0.590004,0.222546,0.005142,5860.552532,7.576199
24.530000,22.000000,113.158876,7.211882,0.590159,0.222597,0.005141,5858.591744,7.573664
24.540000,22.000000,113.231008,7.213149,0.590313,0.222649,0.005140,5856.631971,7.571131
24.550000,22.000000,113.303152,7.214416,0.590468,0.222700,0.005139,5854.673210,7.568598
24.560000,22.000000,113.375309,7.215682,0.590623,0.222751,0.005139,5852.715461,7.566068
24.570000,22.000000,113.447478,7.216947,0.590777,0.222803,0.005138,5850.758724,7.563538
24.580000,22.000000,113.519660,7.218212,0.590932,0.222854,0.005137,5848.802997,7.561010
24.590000,22.000000,113.591855,7.219476,0.591087,0.222906,0.005136,5846.848281,7.558483
24.600000,22.000000,113.664063,7.220740,0.591241,0.222957,0.005135,5844.894573,7.555957
24.610000,22.000000,113.736283,7.222002,0.591396,0.223008,0.005135,5842.941874,7.553433
24.620000,22.000000,113.808515,7.223265,0.591551,0.223060,0.005134,5840.990181,7.550910
24.630000,22.000000,113.880761,7.224526,0.591705,0.223111,0.005133,5839.039496,7.548388
24.640000,22.000000,113.953018,7.225787,0.591860,0.223162,0.005132,5837.089816,7.545868
24.650000,22.000000,114.025289,7.227047,0.592015,0.223214,0.005131,5835.141141,7.543348
24.660000,22.000000,114.097572,7.228307,0.592169,0.223265,0.005130,5833.193471,7.540831
24.670000,22.000000,114.169868,7.229566,0.592324,0.223316,0.005130,5831.246803,7.538314
24.680000,22.000000,114.242176,7.230824,0.592478,0.223367,0.005129,5829.301139,7.535799
24.690000,22.000000,114.314497,7.232082,0.592633,0.223419,0.005128,5827.356476,7.533285
24.700000,22.000000,114.386830,7.233339,0.592787,0.223470,0.005127,5825.412814,7.530772
24.710000,22.000000,114.459176,7.234595,0.592942,0.223521,0.005126,5823.470152,7.528261
24.720000,22.000000,114.531535,7.235851,0.593097,0.223573,0.005126,5821.528489,7.525751
24.730000,22.000000,114.603906,7.237106,0.593251,0.223624,0.005125,5819.587825,7.523242
24.740000,22.000000,114.676289,7.238360,0.593406,0.223675,0.005124,5817.648158,7.520735
24.750000,22.000000,114.748685,7.239614,0.593560,0.223726,0.005123,5815.709489,7.518228
24.760000,22.000000,114.821094,7.240867,0.593715,0.223778,0.005122,5813.771816,7.515723
24.770000,22.000000,114.893515,7.242120,0.593869,0.223829,0.005121,5811.835137,7.513220
24.780000,22.000000,114.965949,7.243371,0.594024,0.223880,0.005121,5809.899454,7.510717
24.790000,22.000000,115.038395,7.244623,0.594178,0.223931,0.005120,5807.964764,7.508216
24.800000,22.000000,115.110854,7.245873,0.594333,0.223982,0.005119,5806.031067,7.505717
24.810000,22.000000,115.183325,7.247123,0.594487,0.224034,0.005118,5804.098363,7.503218
24.820000,22.000000,115.255809,7.248372,0.594642,0.224085,0.005117,5802.166649,7.500721
24.830000,22.000000,115.328305,7.249621,0.594796,0.224136,0.005117,5800.235926,7.498225
24.840000,22.000000,115.400814,7.250869,0.594950,0.224187,0.005116,5798.306193,7.495730
24.850000,22.000000,115.473335,7.252116,0.595105,0.224238,0.005115,5796.377449,7.493237
24.860000,22.000000,115.545869,7.253363,0.595259,0.224289,0.005114,5794.449693,7.490745
24.870000,22.000000,115.618415,7.254609,0.595414,0.224341,0.005113,5792.522924,7.488254
24.880000,22.000000,115.690973,7.255854,0.595568,0.224392,0.005112,5790.597142,7.485764
24.890000,22.000000,115.763544,7.257099,0.595723,0.224443,0.005112,5788.672346,7.483276
24.900000,22.000000,115.836128,7.258343,0.595877,0.224494,0.005111,5786.748535,7.480789
24.910000,22.000000,115.908723,7.259587,0.596031,0.224545,0.005110,5784.825708,7.478303
24.920000,22.000000,115.981332,7.260830,0.596186,0.224596,0.005109,5782.903864,7.475819
24.930000,22.000000,116.053952,7.262072,0.596340,0.224647,0.005108,5780.983003,7.473336
24.940000,22.000000,116.126586,7.263313,0.596494,0.224698,0.005107,5779.063124,7.470854
24.950000,22.000000,116.199231,7.264554,0.596649,0.224749,0.005107,5777.144226,7.468373
24.960000,22.000000,116.271889,7.265795,0.596803,0.224800,0.005106,5775.226308,7.465894
24.970000,22.000000,116.344559,7.267034,0.596957,0.224851,0.005105,5773.309369,7.463416
24.980000,22.000000,116.417242,7.268274,0.597112,0.224903,0.005104,5771.393409,7.460939
24.990000,22.000000,116.489937,7.269512,0.597266,0.224954,0.005103,5769.478428,7.458463
25.000000,22.000000,116.562645,7.270750,0.597420,0.225005,0.005103,5767.564423,7.455989
25.010000,22.000000,116.635365,7.271987,0.597575,0.225056,0.005102,5765.651395,7.453516
25.020000,22.000000,116.708097,7.273223,0.597729,0.225107,0.005101,5763.739342,7.451044
25.030000,22.000000,116.780841,7.274459,0.597883,0.225158,0.005100,5761.828264,7.448574
25.040000,22.000000,116.853598,7.275695,0.598038,0.225209,0.005099,5759.918160,7.446104
25.050000,22.000000,116.926368,7.276929,0.598192,0.225260,0.005098,5758.009029,7.443636
25.060000,22.000000,116.999149,7.278163,0.598346,0.225311,0.005098,5756.100871,7.441170
25.070000,22.000000,117.071943,7.279397,0.598500,0.225362,0.005097,5754.193684,7.438704
25.080000,22.000000,117.144750,7.280629,0.598655,0.225413,0.005096,5752.287468,7.436240
25.090000,22.000000,117.217568,7.281862,0.598809,0.225464,0.005095,5750.382223,7.433777
25.100000,22.000000,117.290399,7.283093,0.598963,0.225515,0.005094,5748.477946,7.431315
25.110000,22.000000,117.363242,7.284324,0.599117,0.225565,0.005093,5746.574639,7.428855
25.120000,22.000000,117.436098,7.285554,0.599271,0.225616,0.005093,5744.672299,7.426395
25.130000,22.000000,117.508966,7.286784,0.599426,0.225667,0.005092,5742.770926,7.423937
25.140000,22.000000,117.581846,7.288013,0.599580,0.225718,0.005091,5740.870519,7.421481
25.150000,22.000000,117.654738,7.289241,0.599734,0.225769,0.005090,5738.971078,7.419025
25.160000,22.000000,117.727643,7.290469,0.599888,0.225820,0.005089,5737.072601,7.416571
25.170000,22.000000,117.800560,7.291696,0.600042,0.225871,0.005088,5735.175088,7.414118
25.180000,22.000000,117.873489,7.292923,0.600196,0.225922,0.005088,5733.278539,7.411666
25.190000,22.000000,117.946431,7.294149,0.600351,0.225973,0.005087,5731.382952,7.409216
25.200000,22.000000,118.019384,7.295374,0.600505,0.226024,0.005086,5729.488326,7.406766
25.210000,22.000000,118.092350,7.296598,0.600659,0.226074,0.005085,5727.594661,7.404318
25.220000,22.000000,118.165329,7.297822,0.600813,0.226125,0.005084,5725.701957,7.401872
25.230000,22.000000,118.238319,7.299046,0.600967,0.226176,0.005084,5723.810211,7.399426
25.240000,22.000000,118.311322,7.300269,0.601121,0.226227,0.005083,5721.919425,7.396982
25.250000,22.000000,118.384337,7.301491,0.601275,0.226278,0.005082,5720.029596,7.394539
25.260000,22.000000,118.457364,7.302712,0.601429,0.226329,0.005081,5718.140723,7.392097
25.270000,22.000000,118.530403,7.303933,0.601583,0.226379,0.005080,5716.252808,7.389656
25.280000,22.000000,118.603455,7.305154,0.601737,0.226430,0.005079,5714.365847,7.387217
25.290000,22.000000,118.676518,7.306373,0.601891,0.226481,0.005079,5712.479842,7.384779
25.300000,22.000000,118.749594,7.307592,0.602045,0.226532,0.005078,5710.594790,7.382342
25.310000,22.000000,118.822682,7.308811,0.602199,0.226583,0.005077,5708.710691,7.379906
25.320000,22.000000,118.895783,7.310029,0.602354,0.226633,0.005076,5706.827545,7.377472
25.330000,22.000000,118.968895,7.311246,0.602508,0.226684,0.005075,5704.945351,7.375039
25.340000,22.000000,119.042020,7.312462,0.602662,0.226735,0.005074,5703.064107,7.372607
25.350000,22.000000,119.115157,7.313678,0.602816,0.226786,0.005074,5701.183814,7.370176
25.360000,22.000000,119.188306,7.314894,0.602970,0.226836,0.005073,5699.304470,7.367746
25.370000,22.000000,119.261467,7.316109,0.603123,0.226887,0.005072,5697.426075,7.365318
25.380000,22.000000,119.334640,7.317323,0.603277,0.226938,0.005071,5695.548627,7.362891
25.390000,22.000000,119.407825,7.318536,0.603431,0.226988,0.005070,5693.672127,7.360465
25.400000,22.000000,119.481023,7.319749,0.603585,0.227039,0.005069,5691.796573,7.358041
25.410000,22.000000,119.554232,7.320962,0.603739,0.227090,0.005069,5689.921964,7.355617
25.420000,22.000000,119.627454,7.322173,0.603893,0.227141,0.005068,5688.048301,7.353195
25.430000,22.000000,119.700688,7.323384,0.604047,0.227191,0.005067,5686.175581,7.350774
25.440000,22.000000,119.773934,7.324595,0.604201,0.227242,0.005066,5684.303805,7.348354
25.450000,22.000000,119.847192,7.325805,0.604355,0.227293,0.005065,5682.432972,7.345936
25.460000,22.000000,119.920462,7.327014,0.604509,0.227343,0.005064,5680.563080,7.343519
25.470000,22.000000,119.993744,7.328223,0.604663,0.227394,0.005064,5678.694129,7.341102
25.480000,22.000000,120.067039,7.329431,0.604817,0.227445,0.005063,5676.826119,7.338688
25.490000,22.000000,120.140345,7.330638,0.604971,0.227495,0.005062,5674.959048,7.336274
25.500000,22.000000,120.213663,7.331845,0.605124,0.227546,0.005061,5673.092916,7.333861
25.510000,22.000000,120.286994,7.333051,0.605278,0.227596,0.005060,5671.227722,7.331450
25.520000,22.000000,120.360336,7.334257,0.605432,0.227647,0.005059,5669.363466,7.329040
25.530000,22.000000,120.433691,7.335462,0.605586,0.227698,0.005059,5667.500146,7.326631
25.540000,22.000000,120.507058,7.336666,0.605740,0.227748,0.005058,5665.637762,7.324224
25.550000,22.000000,120.580436,7.337870,0.605894,0.227799,0.005057,5663.776313,7.321817
25.560000,22.000000,120.653827,7.339073,0.606047,0.227849,0.005056,5661.915798,7.319412
25.570000,22.000000,120.727230,7.340276,0.606201,0.227900,0.005055,5660.056217,7.317008
25.580000,22.000000,120.800645,7.341478,0.606355,0.227950,0.005054,5658.197569,7.314606
25.590000,22.000000,120.874072,7.342679,0.606509,0.228001,0.005054,5656.339853,7.312204
25.600000,22.000000,120.947510,7.343880,0.606663,0.228051,0.005053,5654.483068,7.309804
25.610000,22.000000,121.020961,7.345080,0.606816,0.228102,0.005052,5652.627214,7.307405
25.620000,22.000000,121.094424,7.346280,0.606970,0.228153,0.005051,5650.772290,7.305007
25.630000,22.000000,121.167899,7.347479,0.607124,0.228203,0.005050,5648.918295,7.302610
25.640000,22.000000,121.241385,7.348677,0.607278,0.228254,0.005049,5647.065229,7.300214
25.650000,22.000000,121.314884,7.349875,0.607431,0.228304,0.005049,5645.213090,7.297820
25.660000,22.000000,121.388395,7.351072,0.607585,0.228355,0.005048,5643.361878,7.295427
25.670000,22.000000,121.461918,7.352269,0.607739,0.228405,0.005047,5641.511592,7.293035
25.680000,22.000000,121.535452,7.353465,0.607892,0.228455,0.005046,5639.662231,7.290644
25.690000,22.000000,121.608999,7.354660,0.608046,0.228506,0.005045,5637.813796,7.288255
25.700000,22.000000,121.682557,7.355855,0.608200,0.228556,0.005044,5635.966284,7.285866
25.710000,22.000000,121.756128,7.357049,0.608353,0.228607,0.005044,5634.119696,7.283479
25.720000,22.000000,121.829710,7.358243,0.608507,0.228657,0.005043,5632.274030,7.281093
25.730000,22.000000,121.903305,7.359436,0.608661,0.228708,0.005042,5630.429286,7.278708
25.740000,22.000000,121.976911,7.360628,0.608814,0.228758,0.005041,5628.585463,7.276325
25.750000,22.000000,122.050529,7.361820,0.608968,0.228809,0.005040,5626.742560,7.273942
25.760000,22.000000,122.124159,7.363011,0.609122,0.228859,0.005039,5624.900577,7.271561
25.770000,22.000000,122.197801,7.364202,0.609275,0.228909,0.005039,5623.059512,7.269181
25.780000,22.000000,122.271455,7.365392,0.609429,0.228960,0.005038,5621.219366,7.266802
25.790000,22.000000,122.345121,7.366581,0.609583,0.229010,0.005037,5619.380137,7.264425
25.800000,22.000000,122.418799,7.367770,0.609736,0.229060,0.005036,5617.541825,7.262048
25.810000,22.000000,122.492488,7.368958,0.609890,0.229111,0.005035,5615.704429,7.259673
25.820000,22.000000,122.566190,7.370146,0.610043,0.229161,0.005034,5613.867948,7.257299
25.830000,22.000000,122.639903,7.371333,0.610197,0.229212,0.005034,5612.032381,7.254926
25.840000,22.000000,122.713628,7.372519,0.610350,0.229262,0.005033,5610.197728,7.252554
25.850000,22.000000,122.787365,7.373705,0.610504,0.229312,0.005032,5608.363989,7.250184
25.860000,22.000000,122.861114,7.374890,0.610658,0.229363,0.005031,5606.531161,7.247814
25.870000,22.000000,122.934875,7.376075,0.610811,0.229413,0.005030,5604.699245,7.245446
25.880000,22.000000,123.008648,7.377259,0.610965,0.229463,0.005029,5602.868240,7.243079
25.890000,22.000000,123.082432,7.378443,0.611118,0.229513,0.005029,5601.038145,7.240713
25.900000,22.000000,123.156228,7.379626,0.611272,0.229564,0.005028,5599.208959,7.238348
25.910000,22.000000,123.230036,7.380808,0.611425,0.229614,0.005027,5597.380682,7.235985
25.920000,22.000000,123.303856,7.381990,0.611579,0.229664,0.005026,5595.553313,7.233623
25.930000,22.000000,123.377688,7.383171,0.611732,0.229715,0.005025,5593.726852,7.231261
25.940000,22.000000,123.451531,7.384352,0.611886,0.229765,0.005024,5591.901297,7.228901
25.950000,22.000000,123.525387,7.385532,0.612039,0.229815,0.005024,5590.076647,7.226543
25.960000,22.000000,123.599254,7.386711,0.612192,0.229865,0.005023,5588.252903,7.224185
25.970000,22.000000,123.673133,7.387890,0.612346,0.229915,0.005022,5586.430063,7.221829
25.980000,22.000000,123.747023,7.389068,0.612499,0.229966,0.005021,5584.608126,7.219473
25.990000,22.000000,123.820926,7.390246,0.612653,0.230016,0.005020,5582.787093,7.217119
26.000000,22.000000,123.894840,7.391423,0.612806,0.230066,0.005019,5580.966962,7.214766
26.010000,22.000000,123.968766,7.392599,0.612960,0.230116,0.005019,5579.147732,7.212414
26.020000,22.000000,124.042704,7.393775,0.613113,0.230166,0.005018,5577.329403,7.210064
26.030000,22.000000,124.116653,7.394951,0.613266,0.230217,0.005017,5575.511974,7.207714
26.040000,22.000000,124.190615,7.396125,0.613420,0.230267,0.005016,5573.695444,7.205366
26.050000,22.000000,124.264588,7.397299,0.613573,0.230317,0.005015,5571.879813,7.203019
26.060000,22.000000,124.338572,7.398473,0.613726,0.230367,0.005014,5570.065080,7.200673
26.070000,22.000000,124.412569,7.399646,0.613880,0.230417,0.005014,5568.251244,7.198328
26.080000,22.000000,124.486577,7.400818,0.614033,0.230467,0.005013,5566.438305,7.195984
26.090000,22.000000,124.560597,7.401990,0.614186,0.230518,0.005012,5564.626261,7.193642
26.100000,22.000000,124.634629,7.403162,0.614340,0.230568,0.005011,5562.815113,7.191300
26.110000,22.000000,124.708672,7.404332,0.614493,0.230618,0.005010,5561.004859,7.188960
26.120000,22.000000,124.782727,7.405502,0.614646,0.230668,0.005009,5559.195498,7.186621
26.130000,22.000000,124.856794,7.406672,0.614800,0.230718,0.005008,5557.387031,7.184283
26.140000,22.000000,124.930872,7.407841,0.614953,0.230768,0.005008,5555.579455,7.181947
26.150000,22.000000,125.004962,7.409009,0.615106,0.230818,0.005007,5553.772771,7.179611
26.160000,22.000000,125.079064,7.410177,0.615260,0.230868,0.005006,5551.966978,7.177277
26.170000,22.000000,125.153177,7.411344,0.615413,0.230918,0.005005,5550.162076,7.174943
26.180000,22.000000,125.227302,7.412511,0.615566,0.230968,0.005004,5548.358062,7.172611
26.190000,22.000000,125.301439,7.413677,0.615719,0.231018,0.005003,5546.554937,7.170280
26.200000,22.000000,125.375588,7.414842,0.615872,0.231068,0.005003,5544.752701,7.167950
26.210000,22.000000,125.449748,7.416007,0.616026,0.231118,0.005002,5542.951351,7.165622
26.220000,22.000000,125.523919,7.417172,0.616179,0.231168,0.005001,5541.150888,7.163294
26.230000,22.000000,125.598103,7.418335,0.616332,0.231218,0.005000,5539.351311,7.160968
26.240000,22.000000,125.672298,7.419499,0.616485,0.231268,0.004999,5537.552620,7.158642
26.250000,22.000000,125.746504,7.420661,0.616639,0.231318,0.004998,5535.754812,7.156318
26.260000,22.000000,125.820723,7.421823,0.616792,0.231368,0.004998,5533.957889,7.153995
26.270000,22.000000,125.894952,7.422985,0.616945,0.231418,0.004997,5532.161848,7.151674
26.280000,22.000000,125.969194,7.424146,0.617098,0.231468,0.004996,5530.366690,7.149353
26.290000,22.000000,126.043447,7.425306,0.617251,0.231518,0.004995,5528.572414,7.147033
26.300000,22.000000,126.117712,7.426466,0.617404,0.231568,0.004994,5526.779019,7.144715
26.310000,22.000000,126.191988,7.427625,0.617557,0.231618,0.004993,5524.986504,7.142398
26.320000,22.000000,126.266276,7.428784,0.617711,0.231668,0.004993,5523.194868,7.140082
26.330000,22.000000,126.340575,7.429942,0.617864,0.231718,0.004992,5521.404112,7.137767
26.340000,22.000000,126.414886,7.431099,0.618017,0.231768,0.004991,5519.614234,7.135453
26.350000,22.000000,126.489209,7.432256,0.618170,0.231818,0.004990,5517.825233,7.133140
26.360000,22.000000,126.563543,7.433413,0.618323,0.231868,0.004989,5516.037109,7.130828
26.370000,22.000000,126.637889,7.434568,0.618476,0.231918,0.004988,5514.249861,7.128518
26.380000,22.000000,126.712246,7.435724,0.618629,0.231968,0.004987,5512.463489,7.126209
26.390000,22.000000,126.786615,7.436878,0.618782,0.232017,0.004987,5510.677991,7.123900
26.400000,22.000000,126.860995,7.438032,0.618935,0.232067,0.004986,5508.893368,7.121593
26.410000,22.000000,126.935387,7.439186,0.619088,0.232117,0.004985,5507.109617,7.119287
26.420000,22.000000,127.009790,7.440339,0.619241,0.232167,0.004984,5505.326740,7.116983
26.430000,22.000000,127.084205,7.441491,0.619394,0.232217,0.004983,5503.544734,7.114679
26.440000,22.000000,127.158631,7.442643,0.619547,0.232267,0.004982,5501.763600,7.112376
26.450000,22.000000,127.233069,7.443795,0.619700,0.232316,0.004982,5499.983337,7.110075
26.460000,22.000000,127.307519,7.444945,0.619853,0.232366,0.004981,5498.203943,7.107775
26.470000,22.000000,127.381980,7.446095,0.620006,0.232416,0.004980,5496.425418,7.105475
26.480000,22.000000,127.456452,7.447245,0.620159,0.232466,0.004979,5494.647763,7.103177
26.490000,22.000000,127.530936,7.448394,0.620312,0.232516,0.004978,5492.870974,7.100881
26.500000,22.000000,127.605432,7.449543,0.620465,0.232565,0.004977,5491.095054,7.098585
26.510000,22.000000,127.679939,7.450690,0.620618,0.232615,0.004977,5489.319999,7.096290
26.520000,22.000000,127.754457,7.451838,0.620771,0.232665,0.004976,5487.545811,7.093996
26.530000,22.000000,127.828987,7.452985,0.620924,0.232715,0.004975,5485.772487,7.091704
26.540000,22.000000,127.903528,7.454131,0.621077,0.232765,0.004974,5484.000028,7.089413
26.550000,22.000000,127.978081,7.455276,0.621230,0.232814,0.004973,5482.228433,7.087122
26.560000,22.000000,128.052645,7.456422,0.621383,0.232864,0.004972,5480.457701,7.084833
26.570000,22.000000,128.127221,7.457566,0.621536,0.232914,0.004971,5478.687831,7.082545
26.580000,22.000000,128.201808,7.458710,0.621689,0.232963,0.004971,5476.918823,7.080258
26.590000,22.000000,128.276406,7.459854,0.621841,0.233013,0.004970,5475.150676,7.077973
26.600000,22.000000,128.351016,7.460997,0.621994,0.233063,0.004969,5473.383389,7.075688
26.610000,22.000000,128.425638,7.462139,0.622147,0.233113,0.004968,5471.616963,7.073404
26.620000,22.000000,128.500270,7.463281,0.622300,0.233162,0.004967,5469.851395,7.071122
26.630000,22.000000,128.574915,7.464422,0.622453,0.233212,0.004966,5468.086685,7.068841
26.640000,22.000000,128.649570,7.465563,0.622606,0.233262,0.004966,5466.322833,7.066561
26.650000,22.000000,128.724237,7.466703,0.622758,0.233311,0.004965,5464.559838,7.064281
26.660000,22.000000,128.798916,7.467842,0.622911,0.233361,0.004964,5462.797699,7.062003
26.670000,22.000000,128.873606,7.468981,0.623064,0.233410,0.004963,5461.036416,7.059727
26.680000,22.000000,128.948307,7.470120,0.623217,0.233460,0.004962,5459.275988,7.057451
26.690000,22.000000,129.023019,7.471258,0.623370,0.233510,0.004961,5457.516414,7.055176
26.700000,22.000000,129.097743,7.472395,0.623522,0.233559,0.004961,5455.757694,7.052903
26.710000,22.000000,129.172479,7.473532,0.623675,0.233609,0.004960,5453.999827,7.050630
26.720000,22.000000,129.247225,7.474668,0.623828,0.233659,0.004959,5452.242812,7.048359
26.730000,22.000000,129.321983,7.475804,0.623981,0.233708,0.004958,5450.486648,7.046088
26.740000,22.000000,129.396753,7.476939,0.624133,0.233758,0.004957,5448.731336,7.043819
26.750000,22.000000,129.471533,7.478073,0.624286,0.233807,0.004956,5446.976874,7.041551
26.760000,22.000000,129.546326,7.479207,0.624439,0.233857,0.004955,5445.223261,7.039284
26.770000,22.000000,129.621129,7.480341,0.624592,0.233906,0.004955,5443.470497,7.037018
26.780000,22.000000,129.695944,7.481474,0.624744,0.233956,0.004954,5441.718582,7.034754
26.790000,22.000000,129.770770,7.482606,0.624897,0.234005,0.004953,5439.967514,7.032490
26.800000,22.000000,129.845607,7.483738,0.625050,0.234055,0.004952,5438.217293,7.030227
26.810000,22.000000,129.920456,7.484869,0.625202,0.234105,0.004951,5436.467918,7.027966
26.820000,22.000000,129.995316,7.486000,0.625355,0.234154,0.004950,5434.719388,7.025705
26.830000,22.000000,130.070187,7.487130,0.625508,0.234204,0.004950,5432.971704,7.023446
26.840000,22.000000,130.145070,7.488260,0.625660,0.234253,0.004949,5431.224864,7.021188
26.850000,22.000000,130.219964,7.489389,0.625813,0.234303,0.004948,5429.478868,7.018931
26.860000,22.000000,130.294869,7.490518,0.625966,0.234352,0.004947,5427.733714,7.016675
26.870000,22.000000,130.369785,7.491646,0.626118,0.234401,0.004946,5425.989403,7.014420
26.880000,22.000000,130.444713,7.492773,0.626271,0.234451,0.004945,5424.245933,7.012166
26.890000,22.000000,130.519652,7.493900,0.626423,0.234500,0.004944,5422.503304,7.009913
26.900000,22.000000,130.594602,7.495027,0.626576,0.234550,0.004944,5420.761516,7.007661
26.910000,22.000000,130.669564,7.496152,0.626729,0.234599,0.004943,5419.020567,7.005411
26.920000,22.000000,130.744537,7.497278,0.626881,0.234649,0.004942,5417.280457,7.003161
26.930000,22.000000,130.819521,7.498403,0.627034,0.234698,0.004941,5415.541185,7.000913
26.940000,22.000000,130.894516,7.499527,0.627186,0.234748,0.004940,5413.802751,6.998665
26.950000,22.000000,130.969522,7.500650,0.627339,0.234797,0.004939,5412.065154,6.996419
26.960000,22.000000,131.044540,7.501774,0.627491,0.234846,0.004939,5410.328394,6.994174
26.970000,22.000000,131.119569,7.502896,0.627644,0.234896,0.004938,5408.592469,6.991930
26.980000,22.000000,131.194609,7.504018,0.627796,0.234945,0.004937,5406.857379,6.989687
26.990000,22.000000,131.269661,7.505140,0.627949,0.234994,0.004936,5405.123123,6.987445
27.000000,22.000000,131.344723,7.506261,0.628101,0.235044,0.004935,5403.389701,6.985204
27.010000,22.000000,131.419797,7.507381,0.628254,0.235093,0.004934,5401.657112,6.982964
27.020000,22.000000,131.494882,7.508501,0.628406,0.235143,0.004933,5399.925356,6.980726
27.030000,22.000000,131.569978,7.509620,0.628559,0.235192,0.004933,5398.194431,6.978488
27.040000,22.000000,131.645086,7.510739,0.628711,0.235241,0.004932,5396.464337,6.976251
27.050000,22.000000,131.720204,7.511858,0.628864,0.235290,0.004931,5394.735074,6.974016
27.060000,22.000000,131.795334,7.512975,0.629016,0.235340,0.004930,5393.006641,6.971781
27.070000,22.000000,131.870475,7.514093,0.629169,0.235389,0.004929,5391.279036,6.969548
27.080000,22.000000,131.945627,7.515209,0.629321,0.235438,0.004928,5389.552261,6.967316
27.090000,22.000000,132.020790,7.516325,0.629473,0.235488,0.004928,5387.826313,6.965085
27.100000,22.000000,132.095965,7.517441,0.629626,0.235537,0.004927,5386.101192,6.962854
27.110000,22.000000,132.171150,7.518556,0.629778,0.235586,0.004926,5384.376897,6.960625
27.120000,22.000000,132.246347,7.519671,0.629931,0.235635,0.004925,5382.653429,6.958397
27.130000,22.000000,132.321555,7.520785,0.630083,0.235685,0.004924,5380.930786,6.956170
27.140000,22.000000,132.396774,7.521898,0.630235,0.235734,0.004923,5379.208967,6.953945
27.150000,22.000000,132.472004,7.523011,0.630388,0.235783,0.004922,5377.487973,6.951720
27.160000,22.000000,132.547245,7.524123,0.630540,0.235832,0.004922,5375.767801,6.949496
27.170000,22.000000,132.622497,7.525235,0.630692,0.235882,0.004921,5374.048453,6.947273
27.180000,22.000000,132.697761,7.526347,0.630845,0.235931,0.004920,5372.329926,6.945052
27.190000,22.000000,132.773036,7.527457,0.630997,0.235980,0.004919,5370.612221,6.942831
27.200000,22.000000,132.848321,7.528568,0.631149,0.236029,0.004918,5368.895336,6.940612
27.210000,22.000000,132.923618,7.529678,0.631302,0.236078,0.004917,5367.179272,6.938393
27.220000,22.000000,132.998926,7.530787,0.631454,0.236128,0.004917,5365.464027,6.936176
27.230000,22.000000,133.074245,7.531895,0.631606,0.236177,0.004916,5363.749601,6.933960
27.240000,22.000000,133.149575,7.533004,0.631759,0.236226,0.004915,5362.035993,6.931744
27.250000,22.000000,133.224916,7.534111,0.631911,0.236275,0.004914,5360.323202,6.929530
27.260000,22.000000,133.300268,7.535218,0.632063,0.236324,0.004913,5358.611229,6.927317
27.270000,22.000000,133.375631,7.536325,0.632215,0.236373,0.004912,5356.900071,6.925105
27.280000,22.000000,133.451006,7.537431,0.632368,0.236422,0.004911,5355.189730,6.922894
27.290000,22.000000,133.526391,7.538537,0.632520,0.236472,0.004911,5353.480203,6.920684
27.300000,22.000000,133.601787,7.539642,0.632672,0.236521,0.004910,5351.771490,6.918475
27.310000,22.000000,133.677195,7.540746,0.632824,0.236570,0.004909,5350.063591,6.916267
27.320000,22.000000,133.752613,7.541850,0.632976,0.236619,0.004908,5348.356506,6.914060
27.330000,22.000000,133.828043,7.542953,0.633129,0.236668,0.004907,5346.650232,6.911854
27.340000,22.000000,133.903484,7.544056,0.633281,0.236717,0.004906,5344.944771,6.909650
27.350000,22.000000,133.978935,7.545159,0.633433,0.236766,0.004906,5343.240121,6.907446
27.360000,22.000000,134.054398,7.546260,0.633585,0.236815,0.004905,5341.536281,6.905243
27.370000,22.000000,134.129871,7.547362,0.633737,0.236864,0.004904,5339.833251,6.903042
27.380000,22.000000,134.205356,7.548463,0.633889,0.236913,0.004903,5338.131030,6.900841
27.390000,22.000000,134.280852,7.549563,0.634042,0.236962,0.004902,5336.429618,6.898642
27.400000,22.000000,134.356358,7.550663,0.634194,0.237011,0.004901,5334.729014,6.896443
27.410000,22.000000,134.431876,7.551762,0.634346,0.237060,0.004900,5333.029217,6.894246
27.420000,22.000000,134.507404,7.552861,0.634498,0.237109,0.004900,5331.330227,6.892050
27.430000,22.000000,134.582944,7.553959,0.634650,0.237158,0.004899,5329.632043,6.889854
27.440000,22.000000,134.658495,7.555056,0.634802,0.237207,0.004898,5327.934665,6.887660
27.450000,22.000000,134.734056,7.556154,0.634954,0.237256,0.004897,5326.238091,6.885467
27.460000,22.000000,134.809629,7.557250,0.635106,0.237305,0.004896,5324.542322,6.883275
27.470000,22.000000,134.885212,7.558346,0.635258,0.237354,0.004895,5322.847356,6.881083
27.480000,22.000000,134.960806,7.559442,0.635410,0.237403,0.004894,5321.153193,6.878893
27.490000,22.000000,135.036412,7.560537,0.635562,0.237452,0.004894,5319.459833,6.876704
27.500000,22.000000,135.112028,7.561632,0.635714,0.237501,0.004893,5317.767274,6.874516
27.510000,22.000000,135.187655,7.562726,0.635866,0.237550,0.004892,5316.075516,6.872329
27.520000,22.000000,135.263294,7.563819,0.636018,0.237599,0.004891,5314.384559,6.870143
27.530000,22.000000,135.338943,7.564912,0.636170,0.237648,0.004890,5312.694402,6.867958
27.540000,22.000000,135.414603,7.566005,0.636322,0.237697,0.004889,5311.005043,6.865774
27.550000,22.000000,135.490274,7.567096,0.636474,0.237746,0.004889,5309.316484,6.863591
27.560000,22.000000,135.565956,7.568188,0.636626,0.237794,0.004888,5307.628722,6.861410
27.570000,22.000000,135.641648,7.569279,0.636778,0.237843,0.004887,5305.941758,6.859229
27.580000,22.000000,135.717352,7.570369,0.636930,0.237892,0.004886,5304.255590,6.857049
27.590000,22.000000,135.793067,7.571459,0.637082,0.237941,0.004885,5302.570219,6.854870
27.600000,22.000000,135.868792,7.572549,0.637234,0.237990,0.004884,5300.885643,6.852692
27.610000,22.000000,135.944529,7.573637,0.637386,0.238039,0.004883,5299.201861,6.850516
27.620000,22.000000,136.020276,7.574726,0.637538,0.238088,0.004883,5297.518875,6.848340
27.630000,22.000000,136.096034,7.575814,0.637690,0.238136,0.004882,5295.836681,6.846165
27.640000,22.000000,136.171803,7.576901,0.637842,0.238185,0.004881,5294.155281,6.843992
27.650000,22.000000,136.247583,7.577988,0.637994,0.238234,0.004880,5292.474673,6.841819
27.660000,22.000000,136.323374,7.579074,0.638146,0.238283,0.004879,5290.794857,6.839648
27.670000,22.000000,136.399175,7.580160,0.638298,0.238332,0.004878,5289.115832,6.837477
27.680000,22.000000,136.474988,7.581245,0.638449,0.238380,0.004878,5287.437598,6.835308
27.690000,22.000000,136.550811,7.582330,0.638601,0.238429,0.004877,5285.760153,6.833139
27.700000,22.000000,136.626645,7.583414,0.638753,0.238478,0.004876,5284.083498,6.830972
27.710000,22.000000,136.702490,7.584498,0.638905,0.238527,0.004875,5282.407631,6.828805
27.720000,22.000000,136.778346,7.585581,0.639057,0.238575,0.004874,5280.732553,6.826640
27.730000,22.000000,136.854213,7.586664,0.639209,0.238624,0.004873,5279.058262,6.824475
27.740000,22.000000,136.930090,7.587746,0.639360,0.238673,0.004872,5277.384758,6.822312
27.750000,22.000000,137.005978,7.588828,0.639512,0.238722,0.004872,5275.712040,6.820149
27.760000,22.000000,137.081877,7.589909,0.639664,0.238770,0.004871,5274.040108,6.817988
27.770000,22.000000,137.157787,7.590990,0.639816,0.238819,0.004870,5272.368961,6.815828
27.780000,22.000000,137.233708,7.592070,0.639968,0.238868,0.004869,5270.698598,6.813668
27.790000,22.000000,137.309639,7.593150,0.640119,0.238916,0.004868,5269.029019,6.811510
27.800000,22.000000,137.385582,7.594229,0.640271,0.238965,0.004867,5267.360223,6.809353
27.810000,22.000000,137.461535,7.595307,0.640423,0.239014,0.004866,5265.692210,6.807196
27.820000,22.000000,137.537499,7.596386,0.640575,0.239062,0.004866,5264.024979,6.805041
27.830000,22.000000,137.613473,7.597463,0.640726,0.239111,0.004865,5262.358529,6.802887
27.840000,22.000000,137.689459,7.598540,0.640878,0.239160,0.004864,5260.692860,6.800733
27.850000,22.000000,137.765455,7.599617,0.641030,0.239208,0.004863,5259.027971,6.798581
27.860000,22.000000,137.841462,7.600693,0.641181,0.239257,0.004862,5257.363862,6.796430
27.870000,22.000000,137.917479,7.601769,0.641333,0.239306,0.004861,5255.700531,6.794280
27.880000,22.000000,137.993508,7.602844,0.641485,0.239354,0.004861,5254.037979,6.792130
27.890000,22.000000,138.069547,7.603919,0.641636,0.239403,0.004860,5252.376205,6.789982
27.900000,22.000000,138.145597,7.604993,0.641788,0.239451,0.004859,5250.715208,6.787835
27.910000,22.000000,138.221658,7.606066,0.641940,0.239500,0.004858,5249.054987,6.785689
27.920000,22.000000,138.297729,7.607140,0.642091,0.239549,0.004857,5247.395543,6.783543
27.930000,22.000000,138.373811,7.608212,0.642243,0.239597,0.004856,5245.736873,6.781399
27.940000,22.000000,138.449904,7.609284,0.642395,0.239646,0.004855,5244.078979,6.779256
27.950000,22.000000,138.526008,7.610356,0.642546,0.239694,0.004855,5242.421858,6.777114
27.960000,22.000000,138.602122,7.611427,0.642698,0.239743,0.004854,5240.765511,6.774972
27.970000,22.000000,138.678247,7.612498,0.642849,0.239791,0.004853,5239.109937,6.772832
27.980000,22.000000,138.754383,7.613568,0.643001,0.239840,0.004852,5237.455135,6.770693
27.990000,22.000000,138.830529,7.614637,0.643153,0.239888,0.004851,5235.801105,6.768555
28.000000,22.000000,138.906686,7.615707,0.643304,0.239937,0.004850,5234.147847,6.766418
28.010000,22.000000,138.982854,7.616775,0.643456,0.239985,0.004849,5232.495358,6.764281
28.020000,22.000000,139.059032,7.617843,0.643607,0.240034,0.004849,5230.843640,6.762146
28.030000,22.000000,139.135221,7.618911,0.643759,0.240082,0.004848,5229.192691,6.760012
28.040000,22.000000,139.211421,7.619978,0.643910,0.240131,0.004847,5227.542511,6.757879
28.050000,22.000000,139.287632,7.621045,0.644062,0.240179,0.004846,5225.893098,6.755746
28.060000,22.000000,139.363853,7.622111,0.644213,0.240228,0.004845,5224.244454,6.753615
28.070000,22.000000,139.440084,7.623177,0.644365,0.240276,0.004844,5222.596576,6.751485
28.080000,22.000000,139.516327,7.624242,0.644516,0.240325,0.004843,5220.949465,6.749355
28.090000,22.000000,139.592580,7.625306,0.644668,0.240373,0.004843,5219.303120,6.747227
28.100000,22.000000,139.668844,7.626370,0.644819,0.240422,0.004842,5217.657539,6.745100
28.110000,22.000000,139.745118,7.627434,0.644971,0.240470,0.004841,5216.012724,6.742973
28.120000,22.000000,139.821403,7.628497,0.645122,0.240518,0.004840,5214.368672,6.740848
28.130000,22.000000,139.897698,7.629560,0.645274,0.240567,0.004839,5212.725384,6.738724
28.140000,22.000000,139.974005,7.630622,0.645425,0.240615,0.004838,5211.082858,6.736600
28.150000,22.000000,140.050322,7.631684,0.645576,0.240664,0.004838,5209.441095,6.734478
28.160000,22.000000,140.126649,7.632745,0.645728,0.240712,0.004837,5207.800093,6.732357
28.170000,22.000000,140.202987,7.633806,0.645879,0.240760,0.004836,5206.159853,6.730236
28.180000,22.000000,140.279336,7.634866,0.646031,0.240809,0.004835,5204.520373,6.728117
28.190000,22.000000,140.355695,7.635926,0.646182,0.240857,0.004834,5202.881653,6.725998
28.200000,22.000000,140.432065,7.636985,0.646333,0.240905,0.004833,5201.243692,6.723881
28.210000,22.000000,140.508445,7.638044,0.646485,0.240954,0.004832,5199.606490,6.721764
28.220000,22.000000,140.584836,7.639102,0.646636,0.241002,0.004832,5197.970046,6.719649
28.230000,22.000000,140.661238,7.640160,0.646788,0.241050,0.004831,5196.334359,6.717534
28.240000,22.000000,140.737650,7.641217,0.646939,0.241099,0.004830,5194.699429,6.715421
28.250000,22.000000,140.814073,7.642274,0.647090,0.241147,0.004829,5193.065256,6.713308
28.260000,22.000000,140.890506,7.643330,0.647242,0.241195,0.004828,5191.431839,6.711197
28.270000,22.000000,140.966950,7.644386,0.647393,0.241244,0.004827,5189.799177,6.709086
28.280000,22.000000,141.043404,7.645441,0.647544,0.241292,0.004826,5188.167269,6.706976
28.290000,22.000000,141.119869,7.646496,0.647695,0.241340,0.004826,5186.536115,6.704868
28.300000,22.000000,141.196345,7.647550,0.647847,0.241388,0.004825,5184.905715,6.702760
28.310000,22.000000,141.272831,7.648604,0.647998,0.241437,0.004824,5183.276068,6.700653
28.320000,22.000000,141.349327,7.649658,0.648149,0.241485,0.004823,5181.647173,6.698548
28.330000,22.000000,141.425835,7.650710,0.648300,0.241533,0.004822,5180.019029,6.696443
28.340000,22.000000,141.502352,7.651763,0.648452,0.241581,0.004821,5178.391637,6.694339
28.350000,22.000000,141.578880,7.652815,0.648603,0.241629,0.004820,5176.764996,6.692236
28.360000,22.000000,141.655419,7.653866,0.648754,0.241678,0.004820,5175.139104,6.690134
28.370000,22.000000,141.731968,7.654917,0.648905,0.241726,0.004819,5173.513962,6.688033
28.380000,22.000000,141.808528,7.655968,0.649057,0.241774,0.004818,5171.889568,6.685933
28.390000,22.000000,141.885098,7.657018,0.649208,0.241822,0.004817,5170.265923,6.683834
28.400000,22.000000,141.961679,7.658067,0.649359,0.241870,0.004816,5168.643025,6.681737
28.410000,22.000000,142.038270,7.659116,0.649510,0.241919,0.004815,5167.020875,6.679639
28.420000,22.000000,142.114871,7.660165,0.649661,0.241967,0.004815,5165.399471,6.677543
28.430000,22.000000,142.191484,7.661213,0.649813,0.242015,0.004814,5163.778813,6.675448
28.440000,22.000000,142.268106,7.662260,0.649964,0.242063,0.004813,5162.158900,6.673354
28.450000,22.000000,142.344739,7.663307,0.650115,0.242111,0.004812,5160.539732,6.671261
28.460000,22.000000,142.421383,7.664354,0.650266,0.242159,0.004811,5158.921309,6.669169
28.470000,22.000000,142.498037,7.665400,0.650417,0.242207,0.004810,5157.303628,6.667078
28.480000,22.000000,142.574701,7.666446,0.650568,0.242255,0.004809,5155.686691,6.664987
28.490000,22.000000,142.651376,7.667491,0.650719,0.242304,0.004809,5154.070497,6.662898
28.500000,22.000000,142.728062,7.668535,0.650870,0.242352,0.004808,5152.455044,6.660810
28.510000,22.000000,142.804757,7.669580,0.651021,0.242400,0.004807,5150.840333,6.658722
28.520000,22.000000,142.881464,7.670623,0.651173,0.242448,0.004806,5149.226363,6.656636
28.530000,22.000000,142.958180,7.671666,0.651324,0.242496,0.004805,5147.613132,6.654550
28.540000,22.000000,143.034907,7.672709,0.651475,0.242544,0.004804,5146.000642,6.652466
28.550000,22.000000,143.111645,7.673752,0.651626,0.242592,0.004803,5144.388890,6.650382
28.560000,22.000000,143.188393,7.674793,0.651777,0.242640,0.004803,5142.777877,6.648299
28.570000,22.000000,143.265151,7.675835,0.651928,0.242688,0.004802,5141.167602,6.646218
28.580000,22.000000,143.341920,7.676875,0.652079,0.242736,0.004801,5139.558064,6.644137
28.590000,22.000000,143.418699,7.677916,0.652230,0.242784,0.004800,5137.949264,6.642057
28.600000,22.000000,143.495489,7.678956,0.652381,0.242832,0.004799,5136.341199,6.639978
28.610000,22.000000,143.572289,7.679995,0.652532,0.242880,0.004798,5134.733870,6.637901
28.620000,22.000000,143.649099,7.681034,0.652683,0.242928,0.004797,5133.127276,6.635824
28.630000,22.000000,143.725920,7.682073,0.652834,0.242976,0.004797,5131.521417,6.633748
28.640000,22.000000,143.802751,7.683111,0.652985,0.243024,0.004796,5129.916291,6.631673
28.650000,22.000000,143.879592,7.684148,0.653136,0.243072,0.004795,5128.311899,6.629599
28.660000,22.000000,143.956444,7.685185,0.653287,0.243120,0.004794,5126.708240,6.627526
28.670000,22.000000,144.033306,7.686222,0.653438,0.243168,0.004793,5125.105313,6.625453
28.680000,22.000000,144.110179,7.687258,0.653588,0.243216,0.004792,5123.503118,6.623382
28.690000,22.000000,144.187062,7.688293,0.653739,0.243264,0.004792,5121.901654,6.621312
28.700000,22.000000,144.263955,7.689329,0.653890,0.243312,0.004791,5120.300921,6.619242
28.710000,22.000000,144.340859,7.690363,0.654041,0.243359,0.004790,5118.700918,6.617174
28.720000,22.000000,144.417773,7.691397,0.654192,0.243407,0.004789,5117.101644,6.615107
28.730000,22.000000,144.494697,7.692431,0.654343,0.243455,0.004788,5115.503099,6.613040
28.740000,22.000000,144.571632,7.693464,0.654494,0.243503,0.004787,5113.905282,6.610975
28.750000,22.000000,144.648577,7.694497,0.654645,0.243551,0.004786,5112.308194,6.608910
28.760000,22.000000,144.725532,7.695530,0.654796,0.243599,0.004786,5110.711832,6.606846
28.770000,22.000000,144.802497,7.696561,0.654946,0.243647,0.004785,5109.116197,6.604784
28.780000,22.000000,144.879473,7.697593,0.655097,0.243695,0.004784,5107.521289,6.602722
28.790000,22.000000,144.956460,7.698624,0.655248,0.243742,0.004783,5105.927106,6.600661
28.800000,22.000000,145.033456,7.699654,0.655399,0.243790,0.004782,5104.333648,6.598601
28.810000,22.000000,145.110463,7.700684,0.655550,0.243838,0.004781,5102.740914,6.596542
28.820000,22.000000,145.187480,7.701714,0.655700,0.243886,0.004780,5101.148904,6.594484
28.830000,22.000000,145.264508,7.702743,0.655851,0.243934,0.004780,5099.557618,6.592427
28.840000,22.000000,145.341545,7.703771,0.656002,0.243981,0.004779,5097.967055,6.590371
28.850000,22.000000,145.418593,7.704799,0.656153,0.244029,0.004778,5096.377213,6.588315
28.860000,22.000000,145.495652,7.705827,0.656304,0.244077,0.004777,5094.788094,6.586261
28.870000,22.000000,145.572720,7.706854,0.656454,0.244125,0.004776,5093.199695,6.584208
28.880000,22.000000,145.649799,7.707881,0.656605,0.244173,0.004775,5091.612018,6.582155
28.890000,22.000000,145.726888,7.708907,0.656756,0.244220,0.004774,5090.025060,6.580104
28.900000,22.000000,145.803987,7.709933,0.656906,0.244268,0.004774,5088.438822,6.578053
28.910000,22.000000,145.881097,7.710958,0.657057,0.244316,0.004773,5086.853302,6.576003
28.920000,22.000000,145.958217,7.711983,0.657208,0.244363,0.004772,5085.268501,6.573955
28.930000,22.000000,146.035347,7.713007,0.657359,0.244411,0.004771,5083.684418,6.571907
28.940000,22.000000,146.112487,7.714031,0.657509,0.244459,0.004770,5082.101052,6.569860
28.950000,22.000000,146.189638,7.715055,0.657660,0.244507,0.004769,5080.518403,6.567814
28.960000,22.000000,146.266798,7.716078,0.657811,0.244554,0.004768,5078.936470,6.565769
28.970000,22.000000,146.343969,7.717100,0.657961,0.244602,0.004768,5077.355253,6.563725
28.980000,22.000000,146.421151,7.718122,0.658112,0.244650,0.004767,5075.774751,6.561682
28.990000,22.000000,146.498342,7.719144,0.658263,0.244697,0.004766,5074.194964,6.559639
29.000000,22.000000,146.575544,7.720165,0.658413,0.244745,0.004765,5072.615890,6.557598
29.010000,22.000000,146.652756,7.721186,0.658564,0.244793,0.004764,5071.037530,6.555558
29.020000,22.000000,146.729978,7.722206,0.658714,0.244840,0.004763,5069.459883,6.553518
29.030000,22.000000,146.807210,7.723226,0.658865,0.244888,0.004763,5067.882948,6.551479
29.040000,22.000000,146.884452,7.724245,0.659016,0.244936,0.004762,5066.306725,6.549442
29.050000,22.000000,146.961705,7.725264,0.659166,0.244983,0.004761,5064.731213,6.547405
29.060000,22.000000,147.038968,7.726282,0.659317,0.245031,0.004760,5063.156412,6.545369
29.070000,22.000000,147.116241,7.727300,0.659467,0.245078,0.004759,5061.582321,6.543334
29.080000,22.000000,147.193524,7.728318,0.659618,0.245126,0.004758,5060.008940,6.541300
29.090000,22.000000,147.270817,7.729335,0.659768,0.245174,0.004757,5058.436268,6.539267
29.100000,22.000000,147.348121,7.730351,0.659919,0.245221,0.004757,5056.864305,6.537235
29.110000,22.000000,147.425435,7.731367,0.660069,0.245269,0.004756,5055.293050,6.535204
29.120000,22.000000,147.502758,7.732383,0.660220,0.245316,0.004755,5053.722502,6.533174
29.130000,22.000000,147.580092,7.733398,0.660370,0.245364,0.004754,5052.152661,6.531144
29.140000,22.000000,147.657436,7.734413,0.660521,0.245411,0.004753,5050.583526,6.529116
29.150000,22.000000,147.734791,7.735427,0.660671,0.245459,0.004752,5049.015098,6.527088
29.160000,22.000000,147.812155,7.736441,0.660822,0.245506,0.004751,5047.447375,6.525061
29.170000,22.000000,147.889530,7.737454,0.660972,0.245554,0.004751,5045.880356,6.523036
29.180000,22.000000,147.966914,7.738467,0.661123,0.245601,0.004750,5044.314042,6.521011
29.190000,22.000000,148.044309,7.739479,0.661273,0.245649,0.004749,5042.748432,6.518987
29.200000,22.000000,148.121714,7.740491,0.661424,0.245696,0.004748,5041.183524,6.516964
29.210000,22.000000,148.199129,7.741503,0.661574,0.245744,0.004747,5039.619320,6.514942
29.220000,22.000000,148.276554,7.742514,0.661725,0.245791,0.004746,5038.055817,6.512921
29.230000,22.000000,148.353990,7.743525,0.661875,0.245839,0.004745,5036.493016,6.510900
29.240000,22.000000,148.431435,7.744535,0.662025,0.245886,0.004745,5034.930916,6.508881
29.250000,22.000000,148.508890,7.745544,0.662176,0.245934,0.004744,5033.369517,6.506862
29.260000,22.000000,148.586356,7.746554,0.662326,0.245981,0.004743,5031.808818,6.504845
29.270000,22.000000,148.663831,7.747562,0.662476,0.246029,0.004742,5030.248818,6.502828
29.280000,22.000000,148.741317,7.748571,0.662627,0.246076,0.004741,5028.689517,6.500812
29.290000,22.000000,148.818813,7.749579,0.662777,0.246123,0.004740,5027.130914,6.498797
29.300000,22.000000,148.896319,7.750586,0.662928,0.246171,0.004739,5025.573010,6.496783
29.310000,22.000000,148.973835,7.751593,0.663078,0.246218,0.004739,5024.015802,6.494770
29.320000,22.000000,149.051361,7.752600,0.663228,0.246266,0.004738,5022.459292,6.492758
29.330000,22.000000,149.128897,7.753606,0.663378,0.246313,0.004737,5020.903478,6.490747
29.340000,22.000000,149.206443,7.754611,0.663529,0.246360,0.004736,5019.348359,6.488737
29.350000,22.000000,149.283999,7.755617,0.663679,0.246408,0.004735,5017.793936,6.486727
29.360000,22.000000,149.361565,7.756621,0.663829,0.246455,0.004734,5016.240207,6.484719
29.370000,22.000000,149.439142,7.757626,0.663980,0.246502,0.004734,5014.687173,6.482711
29.380000,22.000000,149.516728,7.758630,0.664130,0.246550,0.004733,5013.134832,6.480704
29.390000,22.000000,149.594324,7.759633,0.664280,0.246597,0.004732,5011.583184,6.478698
29.400000,22.000000,149.671931,7.760636,0.664430,0.246644,0.004731,5010.032229,6.476693
29.410000,22.000000,149.749547,7.761638,0.664581,0.246692,0.004730,5008.481966,6.474689
29.420000,22.000000,149.827173,7.762640,0.664731,0.246739,0.004729,5006.932394,6.472686
29.430000,22.000000,149.904810,7.763642,0.664881,0.246786,0.004728,5005.383513,6.470684
29.440000,22.000000,149.982456,7.764643,0.665031,0.246834,0.004728,5003.835323,6.468682
29.450000,22.000000,150.060113,7.765644,0.665182,0.246881,0.004727,5002.287823,6.466682
29.460000,22.000000,150.137779,7.766644,0.665332,0.246928,0.004726,5000.741012,6.464682
29.470000,22.000000,150.215455,7.767644,0.665482,0.246975,0.004725,4999.194890,6.462683
29.480000,22.000000,150.293142,7.768643,0.665632,0.247023,0.004724,4997.649457,6.460685
29.490000,22.000000,150.370838,7.769642,0.665782,0.247070,0.004723,4996.104711,6.458688
29.500000,22.000000,150.448545,7.770641,0.665932,0.247117,0.004722,4994.560653,6.456692
29.510000,22.000000,150.526261,7.771639,0.666083,0.247164,0.004722,4993.017282,6.454697
29.520000,22.000000,150.603988,7.772636,0.666233,0.247211,0.004721,4991.474596,6.452703
29.530000,22.000000,150.681724,7.773634,0.666383,0.247259,0.004720,4989.932597,6.450710
29.540000,22.000000,150.759470,7.774630,0.666533,0.247306,0.004719,4988.391283,6.448717
29.550000,22.000000,150.837226,7.775627,0.666683,0.247353,0.004718,4986.850654,6.446725
29.560000,22.000000,150.914993,7.776622,0.666833,0.247400,0.004717,4985.310708,6.444735
29.570000,22.000000,150.992769,7.777618,0.666983,0.247447,0.004716,4983.771447,6.442745
29.580000,22.000000,151.070555,7.778613,0.667133,0.247495,0.004716,4982.232869,6.440756
29.590000,22.000000,151.148351,7.779607,0.667283,0.247542,0.004715,4980.694973,6.438768
29.600000,22.000000,151.226157,7.780601,0.667433,0.247589,0.004714,4979.157759,6.436780
29.610000,22.000000,151.303973,7.781595,0.667583,0.247636,0.004713,4977.621228,6.434794
29.620000,22.000000,151.381799,7.782588,0.667734,0.247683,0.004712,4976.085377,6.432809
29.630000,22.000000,151.459635,7.783581,0.667884,0.247730,0.004711,4974.550207,6.430824
29.640000,22.000000,151.537480,7.784573,0.668034,0.247777,0.004711,4973.015717,6.428840
29.650000,22.000000,151.615336,7.785565,0.668184,0.247824,0.004710,4971.481906,6.426857
29.660000,22.000000,151.693202,7.786556,0.668334,0.247872,0.004709,4969.948775,6.424876
29.670000,22.000000,151.771077,7.787547,0.668484,0.247919,0.004708,4968.416322,6.422894
29.680000,22.000000,151.848962,7.788538,0.668634,0.247966,0.004707,4966.884547,6.420914
29.690000,22.000000,151.926858,7.789528,0.668784,0.248013,0.004706,4965.353450,6.418935
29.700000,22.000000,152.004763,7.790518,0.668933,0.248060,0.004705,4963.823029,6.416957
29.710000,22.000000,152.082678,7.791507,0.669083,0.248107,0.004705,4962.293285,6.414979
29.720000,22.000000,152.160603,7.792496,0.669233,0.248154,0.004704,4960.764218,6.413002
29.730000,22.000000,152.238538,7.793484,0.669383,0.248201,0.004703,4959.235825,6.411026
29.740000,22.000000,152.316483,7.794472,0.669533,0.248248,0.004702,4957.708108,6.409051
29.750000,22.000000,152.394437,7.795459,0.669683,0.248295,0.004701,4956.181065,6.407077
29.760000,22.000000,152.472402,7.796446,0.669833,0.248342,0.004700,4954.654696,6.405104
29.770000,22.000000,152.550376,7.797433,0.669983,0.248389,0.004699,4953.129000,6.403132
29.780000,22.000000,152.628360,7.798419,0.670133,0.248436,0.004699,4951.603977,6.401160
29.790000,22.000000,152.706354,7.799405,0.670283,0.248483,0.004698,4950.079627,6.399190
29.800000,22.000000,152.784358,7.800390,0.670433,0.248530,0.004697,4948.555949,6.397220
29.810000,22.000000,152.862372,7.801375,0.670582,0.248577,0.004696,4947.032942,6.395251
29.820000,22.000000,152.940395,7.802360,0.670732,0.248624,0.004695,4945.510606,6.393283
29.830000,22.000000,153.018429,7.803344,0.670882,0.248671,0.004694,4943.988940,6.391316
29.840000,22.000000,153.096472,7.804327,0.671032,0.248718,0.004693,4942.467944,6.389350
29.850000,22.000000,153.174525,7.805310,0.671182,0.248765,0.004693,4940.947618,6.387384
29.860000,22.000000,153.252588,7.806293,0.671332,0.248812,0.004692,4939.427960,6.385420
29.870000,22.000000,153.330661,7.807275,0.671481,0.248859,0.004691,4937.908971,6.383456
29.880000,22.000000,153.408743,7.808257,0.671631,0.248906,0.004690,4936.390650,6.381493
29.890000,22.000000,153.486836,7.809239,0.671781,0.248952,0.004689,4934.872996,6.379532
29.900000,22.000000,153.564938,7.810220,0.671931,0.248999,0.004688,4933.356008,6.377570
29.910000,22.000000,153.643050,7.811200,0.672081,0.249046,0.004687,4931.839688,6.375610
29.920000,22.000000,153.721172,7.812180,0.672230,0.249093,0.004687,4930.324033,6.373651
29.930000,22.000000,153.799303,7.813160,0.672380,0.249140,0.004686,4928.809043,6.371692
29.940000,22.000000,153.877445,7.814139,0.672530,0.249187,0.004685,4927.294718,6.369735
29.950000,22.000000,153.955596,7.815118,0.672680,0.249234,0.004684,4925.781058,6.367778
29.960000,22.000000,154.033757,7.816096,0.672829,0.249280,0.004683,4924.268062,6.365822
29.970000,22.000000,154.111928,7.817074,0.672979,0.249327,0.004682,4922.755728,6.363867
29.980000,22.000000,154.190108,7.818052,0.673129,0.249374,0.004682,4921.244058,6.361913
29.990000,22.000000,154.268299,7.819029,0.673278,0.249421,0.004681,4919.733050,6.359959
30.000000,22.000000,154.346499,7.820006,0.673428,0.249468,0.004680,4918.222704,6.358007
30.010000,22.000000,154.424708,7.820982,0.673578,0.249515,0.004679,4916.713019,6.356055
30.020000,22.000000,154.502928,7.821958,0.673727,0.249561,0.004678,4915.203995,6.354105
30.030000,22.000000,154.581157,7.822933,0.673877,0.249608,0.004677,4913.695632,6.352155
30.040000,22.000000,154.659396,7.823908,0.674027,0.249655,0.004676,4912.187928,6.350206
30.050000,22.000000,154.737645,7.824883,0.674176,0.249702,0.004676,4910.680884,6.348257
30.060000,22.000000,154.815904,7.825857,0.674326,0.249748,0.004675,4909.174498,6.346310
30.070000,22.000000,154.894172,7.826830,0.674476,0.249795,0.004674,4907.668771,6.344363
30.080000,22.000000,154.972450,7.827804,0.674625,0.249842,0.004673,4906.163702,6.342418
30.090000,22.000000,155.050738,7.828777,0.674775,0.249889,0.004672,4904.659290,6.340473
30.100000,22.000000,155.129035,7.829749,0.674924,0.249935,0.004671,4903.155535,6.338529
30.110000,22.000000,155.207343,7.830721,0.675074,0.249982,0.004670,4901.652436,6.336586
30.120000,22.000000,155.285660,7.831693,0.675224,0.250029,0.004670,4900.149994,6.334644
30.130000,22.000000,155.363986,7.832664,0.675373,0.250075,0.004669,4898.648206,6.332702
30.140000,22.000000,155.442322,7.833634,0.675523,0.250122,0.004668,4897.147074,6.330762
30.150000,22.000000,155.520669,7.834605,0.675672,0.250169,0.004667,4895.646596,6.328822
30.160000,22.000000,155.599024,7.835575,0.675822,0.250215,0.004666,4894.146772,6.326883
30.170000,22.000000,155.677390,7.836544,0.675971,0.250262,0.004665,4892.647602,6.324945
30.180000,22.000000,155.755765,7.837513,0.676121,0.250309,0.004664,4891.149084,6.323008
30.190000,22.000000,155.834150,7.838482,0.676270,0.250355,0.004664,4889.651219,6.321071
30.200000,22.000000,155.912544,7.839450,0.676420,0.250402,0.004663,4888.154006,6.319136
30.210000,22.000000,155.990948,7.840418,0.676569,0.250449,0.004662,4886.657444,6.317201
30.220000,22.000000,156.069362,7.841385,0.676719,0.250495,0.004661,4885.161534,6.315267
30.230000,22.000000,156.147786,7.842352,0.676868,0.250542,0.004660,4883.666274,6.313334
30.240000,22.000000,156.226219,7.843318,0.677018,0.250589,0.004659,4882.171663,6.311402
30.250000,22.000000,156.304662,7.844284,0.677167,0.250635,0.004658,4880.677703,6.309471
30.260000,22.000000,156.383114,7.845250,0.677317,0.250682,0.004658,4879.184391,6.307540
30.270000,22.000000,156.461576,7.846215,0.677466,0.250728,0.004657,4877.691728,6.305611
30.280000,22.000000,156.540048,7.847180,0.677615,0.250775,0.004656,4876.199713,6.303682
30.290000,22.000000,156.618530,7.848145,0.677765,0.250821,0.004655,4874.708346,6.301754
30.300000,22.000000,156.697021,7.849109,0.677914,0.250868,0.004654,4873.217626,6.299827
30.310000,22.000000,156.775521,7.850072,0.678064,0.250914,0.004653,4871.727552,6.297901
30.320000,22.000000,156.854032,7.851035,0.678213,0.250961,0.004653,4870.238125,6.295975
30.330000,22.000000,156.932552,7.851998,0.678362,0.251008,0.004652,4868.749343,6.294050
30.340000,22.000000,157.011081,7.852960,0.678512,0.251054,0.004651,4867.261206,6.292127
30.350000,22.000000,157.089621,7.853922,0.678661,0.251101,0.004650,4865.773715,6.290204
30.360000,22.000000,157.168169,7.854884,0.678810,0.251147,0.004649,4864.286867,6.288282
30.370000,22.000000,157.246728,7.855845,0.678960,0.251194,0.004648,4862.800663,6.286360
30.380000,22.000000,157.325296,7.856805,0.679109,0.251240,0.004647,4861.315102,6.284440
30.390000,22.000000,157.403874,7.857766,0.679258,0.251286,0.004647,4859.830184,6.282520
30.400000,22.000000,157.482461,7.858725,0.679408,0.251333,0.004646,4858.345908,6.280602
30.410000,22.000000,157.561058,7.859685,0.679557,0.251379,0.004645,4856.862274,6.278684
30.420000,22.000000,157.639664,7.860644,0.679706,0.251426,0.004644,4855.379282,6.276766
30.430000,22.000000,157.718280,7.861602,0.679856,0.251472,0.004643,4853.896930,6.274850
30.440000,22.000000,157.796906,7.862561,0.680005,0.251519,0.004642,4852.415218,6.272935
30.450000,22.000000,157.875541,7.863518,0.680154,0.251565,0.004641,4850.934147,6.271020
30.460000,22.000000,157.954186,7.864476,0.680303,0.251612,0.004641,4849.453715,6.269106
30.470000,22.000000,158.032840,7.865433,0.680453,0.251658,0.004640,4847.973921,6.267193
30.480000,22.000000,158.111504,7.866389,0.680602,0.251704,0.004639,4846.494766,6.265281
30.490000,22.000000,158.190177,7.867345,0.680751,0.251751,0.004638,4845.016250,6.263370
30.500000,22.000000,158.268860,7.868301,0.680900,0.251797,0.004637,4843.538370,6.261459
30.510000,22.000000,158.347553,7.869256,0.681050,0.251844,0.004636,4842.061128,6.259549
30.520000,22.000000,158.426255,7.870211,0.681199,0.251890,0.004635,4840.584522,6.257641
30.530000,22.000000,158.504967,7.871165,0.681348,0.251936,0.004635,4839.108552,6.255733
30.540000,22.000000,158.583688,7.872119,0.681497,0.251983,0.004634,4837.633218,6.253825
30.550000,22.000000,158.662419,7.873073,0.681646,0.252029,0.004633,4836.158519,6.251919
30.560000,22.000000,158.741159,7.874026,0.681795,0.252075,0.004632,4834.684455,6.250013
30.570000,22.000000,158.819909,7.874979,0.681945,0.252122,0.004631,4833.211025,6.248109
30.580000,22.000000,158.898668,7.875931,0.682094,0.252168,0.004630,4831.738228,6.246205
30.590000,22.000000,158.977437,7.876883,0.682243,0.252214,0.004630,4830.266065,6.244301
30.600000,22.000000,159.056215,7.877835,0.682392,0.252260,0.004629,4828.794534,6.242399
30.610000,22.000000,159.135003,7.878786,0.682541,0.252307,0.004628,4827.323636,6.240498
30.620000,22.000000,159.213800,7.879737,0.682690,0.252353,0.004627,4825.853370,6.238597
30.630000,22.000000,159.292607,7.880687,0.682839,0.252399,0.004626,4824.383734,6.236697
30.640000,22.000000,159.371424,7.881637,0.682988,0.252446,0.004625,4822.914730,6.234798
30.650000,22.000000,159.450250,7.882587,0.683137,0.252492,0.004624,4821.446356,6.232900
30.660000,22.000000,159.529085,7.883536,0.683286,0.252538,0.004624,4819.978612,6.231002
30.670000,22.000000,159.607930,7.884485,0.683436,0.252584,0.004623,4818.511498,6.229106
30.680000,22.000000,159.686784,7.885433,0.683585,0.252631,0.004622,4817.045012,6.227210
30.690000,22.000000,159.765648,7.886381,0.683734,0.252677,0.004621,4815.579156,6.225315
30.700000,22.000000,159.844521,7.887328,0.683883,0.252723,0.004620,4814.113927,6.223421
30.710000,22.000000,159.923404,7.888275,0.684032,0.252769,0.004619,4812.649325,6.221527
30.720000,22.000000,160.002296,7.889222,0.684181,0.252815,0.004618,4811.185351,6.219635
30.730000,22.000000,160.081198,7.890168,0.684330,0.252862,0.004618,4809.722004,6.217743
30.740000,22.000000,160.160109,7.891114,0.684479,0.252908,0.004617,4808.259282,6.215852
30.750000,22.000000,160.239030,7.892060,0.684628,0.252954,0.004616,4806.797187,6.213962
30.760000,22.000000,160.317960,7.893005,0.684777,0.253000,0.004615,4805.335716,6.212073
30.770000,22.000000,160.396899,7.893949,0.684926,0.253046,0.004614,4803.874871,6.210184
30.780000,22.000000,160.475848,7.894894,0.685075,0.253092,0.004613,4802.414649,6.208297
30.790000,22.000000,160.554806,7.895838,0.685223,0.253138,0.004613,4800.955052,6.206410
30.800000,22.000000,160.633774,7.896781,0.685372,0.253185,0.004612,4799.496078,6.204524
30.810000,22.000000,160.712751,7.897724,0.685521,0.253231,0.004611,4798.037727,6.202638
30.820000,22.000000,160.791738,7.898667,0.685670,0.253277,0.004610,4796.579998,6.200754
30.830000,22.000000,160.870734,7.899609,0.685819,0.253323,0.004609,4795.122891,6.198870
30.840000,22.000000,160.949740,7.900551,0.685968,0.253369,0.004608,4793.666406,6.196987
30.850000,22.000000,161.028755,7.901492,0.686117,0.253415,0.004607,4792.210542,6.195105
30.860000,22.000000,161.107779,7.902433,0.686266,0.253461,0.004607,4790.755299,6.193224
30.870000,22.000000,161.186813,7.903374,0.686415,0.253507,0.004606,4789.300676,6.191344
30.880000,22.000000,161.265856,7.904314,0.686564,0.253553,0.004605,4787.846672,6.189464
30.890000,22.000000,161.344908,7.905254,0.686712,0.253599,0.004604,4786.393288,6.187585
30.900000,22.000000,161.423970,7.906193,0.686861,0.253645,0.004603,4784.940523,6.185707
30.910000,22.000000,161.503042,7.907132,0.687010,0.253691,0.004602,4783.488375,6.183830
30.920000,22.000000,161.582122,7.908071,0.687159,0.253737,0.004601,4782.036846,6.181953
30.930000,22.000000,161.661212,7.909009,0.687308,0.253783,0.004601,4780.585934,6.180078
30.940000,22.000000,161.740312,7.909947,0.687457,0.253829,0.004600,4779.135639,6.178203
30.950000,22.000000,161.819421,7.910885,0.687605,0.253875,0.004599,4777.685961,6.176329
30.960000,22.000000,161.898539,7.911822,0.687754,0.253921,0.004598,4776.236899,6.174456
30.970000,22.000000,161.977667,7.912758,0.687903,0.253967,0.004597,4774.788452,6.172583
30.980000,22.000000,162.056804,7.913694,0.688052,0.254013,0.004596,4773.340620,6.170711
30.990000,22.000000,162.135950,7.914630,0.688200,0.254059,0.004596,4771.893403,6.168840
31.000000,22.000000,162.215105,7.915566,0.688349,0.254105,0.004595,4770.446800,6.166970
31.010000,22.000000,162.294270,7.916501,0.688498,0.254151,0.004594,4769.000811,6.165101
31.020000,22.000000,162.373445,7.917435,0.688647,0.254197,0.004593,4767.555435,6.163233
31.030000,22.000000,162.452629,7.918370,0.688795,0.254243,0.004592,4766.110672,6.161365
31.040000,22.000000,162.531822,7.919304,0.688944,0.254289,0.004591,4764.666522,6.159498
31.050000,22.000000,162.611024,7.920237,0.689093,0.254335,0.004590,4763.222983,6.157632
31.060000,22.000000,162.690236,7.921170,0.689241,0.254381,0.004590,4761.780056,6.155767
31.070000,22.000000,162.769457,7.922103,0.689390,0.254427,0.004589,4760.337740,6.153902
31.080000,22.000000,162.848687,7.923035,0.689539,0.254473,0.004588,4758.896034,6.152038
31.090000,22.000000,162.927927,7.923967,0.689687,0.254518,0.004587,4757.454939,6.150175
31.100000,22.000000,163.007176,7.924898,0.689836,0.254564,0.004586,4756.014453,6.148313
31.110000,22.000000,163.086434,7.925830,0.689985,0.254610,0.004585,4754.574577,6.146452
31.120000,22.000000,163.165702,7.926760,0.690133,0.254656,0.004584,4753.135309,6.144591
31.130000,22.000000,163.244978,7.927691,0.690282,0.254702,0.004584,4751.696650,6.142731
31.140000,22.000000,163.324265,7.928620,0.690431,0.254748,0.004583,4750.258598,6.140872
31.150000,22.000000,163.403560,7.929550,0.690579,0.254794,0.004582,4748.821154,6.139014
31.160000,22.000000,163.482865,7.930479,0.690728,0.254839,0.004581,4747.384317,6.137156
31.170000,22.000000,163.562179,7.931408,0.690876,0.254885,0.004580,4745.948086,6.135300
31.180000,22.000000,163.641502,7.932336,0.691025,0.254931,0.004579,4744.512462,6.133444
31.190000,22.000000,163.720835,7.933264,0.691174,0.254977,0.004579,4743.077443,6.131589
31.200000,22.000000,163.800177,7.934192,0.691322,0.255023,0.004578,4741.643029,6.129734
31.210000,22.000000,163.879528,7.935119,0.691471,0.255068,0.004577,4740.209221,6.127881
31.220000,22.000000,163.958889,7.936046,0.691619,0.255114,0.004576,4738.776016,6.126028
31.230000,22.000000,164.038258,7.936972,0.691768,0.255160,0.004575,4737.343415,6.124176
31.240000,22.000000,164.117637,7.937898,0.691916,0.255206,0.004574,4735.911418,6.122325
31.250000,22.000000,164.197026,7.938824,0.692065,0.255251,0.004573,4734.480023,6.120475
31.260000,22.000000,164.276423,7.939749,0.692213,0.255297,0.004573,4733.049231,6.118625
31.270000,22.000000,164.355830,7.940674,0.692362,0.255343,0.004572,4731.619041,6.116776
31.280000,22.000000,164.435246,7.941598,0.692510,0.255388,0.004571,4730.189453,6.114928
31.290000,22.000000,164.514671,7.942522,0.692659,0.255434,0.004570,4728.760466,6.113081
31.300000,22.000000,164.594105,7.943446,0.692807,0.255480,0.004569,4727.332080,6.111234
31.310000,22.000000,164.673549,7.944369,0.692956,0.255526,0.004568,4725.904294,6.109388
31.320000,22.000000,164.753002,7.945292,0.693104,0.255571,0.004567,4724.477108,6.107543
31.330000,22.000000,164.832464,7.946215,0.693253,0.255617,0.004567,4723.050521,6.105699
31.340000,22.000000,164.911936,7.947137,0.693401,0.255663,0.004566,4721.624533,6.103856
31.350000,22.000000,164.991416,7.948058,0.693549,0.255708,0.004565,4720.199144,6.102013
31.360000,22.000000,165.070906,7.948980,0.693698,0.255754,0.004564,4718.774352,6.100171
31.370000,22.000000,165.150405,7.949901,0.693846,0.255800,0.004563,4717.350159,6.098330
31.380000,22.000000,165.229913,7.950821,0.693995,0.255845,0.004562,4715.926562,6.096490
31.390000,22.000000,165.309431,7.951741,0.694143,0.255891,0.004562,4714.503563,6.094650
31.400000,22.000000,165.388957,7.952661,0.694291,0.255936,0.004561,4713.081160,6.092811
31.410000,22.000000,165.468493,7.953581,0.694440,0.255982,0.004560,4711.659352,6.090973
31.420000,22.000000,165.548038,7.954500,0.694588,0.256028,0.004559,4710.238140,6.089136
31.430000,22.000000,165.627592,7.955418,0.694736,0.256073,0.004558,4708.817523,6.087299
31.440000,22.000000,165.707156,7.956336,0.694885,0.256119,0.004557,4707.397501,6.085464
31.450000,22.000000,165.786728,7.957254,0.695033,0.256164,0.004556,4705.978073,6.083629
31.460000,22.000000,165.866310,7.958172,0.695181,0.256210,0.004556,4704.559238,6.081795
31.470000,22.000000,165.945901,7.959089,0.695330,0.256255,0.004555,4703.140997,6.079961
31.480000,22.000000,166.025501,7.960006,0.695478,0.256301,0.004554,4701.723348,6.078129
31.490000,22.000000,166.105110,7.960922,0.695626,0.256347,0.004553,4700.306292,6.076297
31.500000,22.000000,166.184728,7.961838,0.695775,0.256392,0.004552,4698.889828,6.074465
31.510000,22.000000,166.264356,7.962754,0.695923,0.256438,0.004551,4697.473955,6.072635
31.520000,22.000000,166.343993,7.963669,0.696071,0.256483,0.004550,4696.058674,6.070806
31.530000,22.000000,166.423638,7.964584,0.696219,0.256529,0.004550,4694.643983,6.068977
31.540000,22.000000,166.503293,7.965498,0.696368,0.256574,0.004549,4693.229882,6.067149
31.550000,22.000000,166.582957,7.966412,0.696516,0.256620,0.004548,4691.816371,6.065321
31.560000,22.000000,166.662631,7.967326,0.696664,0.256665,0.004547,4690.403450,6.063495
31.570000,22.000000,166.742313,7.968239,0.696812,0.256711,0.004546,4688.991117,6.061669
31.580000,22.000000,166.822005,7.969152,0.696961,0.256756,0.004545,4687.579373,6.059844
31.590000,22.000000,166.901705,7.970064,0.697109,0.256801,0.004545,4686.168217,6.058020
31.600000,22.000000,166.981415,7.970976,0.697257,0.256847,0.004544,4684.757648,6.056196
31.610000,22.000000,167.061134,7.971888,0.697405,0.256892,0.004543,4683.347667,6.054373
31.620000,22.000000,167.140862,7.972800,0.697553,0.256938,0.004542,4681.938273,6.052551
31.630000,22.000000,167.220599,7.973711,0.697701,0.256983,0.004541,4680.529464,6.050730
31.640000,22.000000,167.300345,7.974621,0.697850,0.257029,0.004540,4679.121242,6.048910
31.650000,22.000000,167.380101,7.975531,0.697998,0.257074,0.004539,4677.713605,6.047090
31.660000,22.000000,167.459865,7.976441,0.698146,0.257119,0.004539,4676.306553,6.045271
31.670000,22.000000,167.539638,7.977351,0.698294,0.257165,0.004538,4674.900086,6.043453
31.680000,22.000000,167.619421,7.978260,0.698442,0.257210,0.004537,4673.494203,6.041635
31.690000,22.000000,167.699213,7.979169,0.698590,0.257256,0.004536,4672.088904,6.039819
31.700000,22.000000,167.779014,7.980077,0.698738,0.257301,0.004535,4670.684188,6.038003
31.710000,22.000000,167.858823,7.980985,0.698886,0.257346,0.004534,4669.280055,6.036188
31.720000,22.000000,167.938642,7.981893,0.699034,0.257392,0.004534,4667.876504,6.034373
31.730000,22.000000,168.018470,7.982800,0.699183,0.257437,0.004533,4666.473536,6.032559
31.740000,22.000000,168.098307,7.983707,0.699331,0.257482,0.004532,4665.071149,6.030747
31.750000,22.000000,168.178154,7.984613,0.699479,0.257528,0.004531,4663.669343,6.028934
31.760000,22.000000,168.258009,7.985519,0.699627,0.257573,0.004530,4662.268118,6.027123
31.770000,22.000000,168.337873,7.986425,0.699775,0.257618,0.004529,4660.867473,6.025312
31.780000,22.000000,168.417746,7.987330,0.699923,0.257663,0.004528,4659.467408,6.023502
31.790000,22.000000,168.497629,7.988235,0.700071,0.257709,0.004528,4658.067923,6.021693
31.800000,22.000000,168.577520,7.989140,0.700219,0.257754,0.004527,4656.669017,6.019885
31.810000,22.000000,168.657420,7.990044,0.700367,0.257799,0.004526,4655.270689,6.018077
31.820000,22.000000,168.737330,7.990948,0.700515,0.257845,0.004525,4653.872940,6.016270
31.830000,22.000000,168.817248,7.991851,0.700663,0.257890,0.004524,4652.475769,6.014464
31.840000,22.000000,168.897176,7.992754,0.700811,0.257935,0.004523,4651.079174,6.012659
31.850000,22.000000,168.977113,7.993657,0.700959,0.257980,0.004523,4649.683157,6.010854
31.860000,22.000000,169.057058,7.994560,0.701107,0.258025,0.004522,4648.287717,6.009050
31.870000,22.000000,169.137013,7.995462,0.701255,0.258071,0.004521,4646.892852,6.007247
31.880000,22.000000,169.216976,7.996363,0.701402,0.258116,0.004520,4645.498563,6.005444
31.890000,22.000000,169.296949,7.997264,0.701550,0.258161,0.004519,4644.104850,6.003642
31.900000,22.000000,169.376931,7.998165,0.701698,0.258206,0.004518,4642.711711,6.001842
31.910000,22.000000,169.456921,7.999066,0.701846,0.258251,0.004517,4641.319146,6.000041
31.920000,22.000000,169.536921,7.999966,0.701994,0.258297,0.004517,4639.927156,5.998242
31.930000,22.000000,169.616930,8.000866,0.702142,0.258342,0.004516,4638.535739,5.996443
31.940000,22.000000,169.696947,8.001765,0.702290,0.258387,0.004515,4637.144896,5.994645
31.950000,22.000000,169.776974,8.002664,0.702438,0.258432,0.004514,4635.754625,5.992848
31.960000,22.000000,169.857010,8.003563,0.702586,0.258477,0.004513,4634.364927,5.991051
31.970000,22.000000,169.937054,8.004461,0.702733,0.258522,0.004512,4632.975800,5.989255
31.980000,22.000000,170.017108,8.005359,0.702881,0.258567,0.004512,4631.587245,5.987460
31.990000,22.000000,170.097170,8.006256,0.703029,0.258613,0.004511,4630.199261,5.985666
32.000000,22.000000,170.177242,8.007153,0.703177,0.258658,0.004510,4628.811848,5.983873
32.010000,22.000000,170.257322,8.008050,0.703325,0.258703,0.004509,4627.425005,5.982080
32.020000,22.000000,170.337412,8.008947,0.703473,0.258748,0.004508,4626.038732,5.980288
32.030000,22.000000,170.417510,8.009843,0.703620,0.258793,0.004507,4624.653028,5.978496
32.040000,22.000000,170.497618,8.010738,0.703768,0.258838,0.004506,4623.267893,5.976706
32.050000,22.000000,170.577734,8.011634,0.703916,0.258883,0.004506,4621.883327,5.974916
32.060000,22.000000,170.657859,8.012529,0.704064,0.258928,0.004505,4620.499329,5.973127
32.070000,22.000000,170.737994,8.013423,0.704211,0.258973,0.004504,4619.115899,5.971338
32.080000,22.000000,170.818137,8.014318,0.704359,0.259018,0.004503,4617.733036,5.969550
32.090000,22.000000,170.898289,8.015211,0.704507,0.259063,0.004502,4616.350740,5.967764
32.100000,22.000000,170.978450,8.016105,0.704655,0.259108,0.004501,4614.969010,5.965977
32.110000,22.000000,171.058620,8.016998,0.704802,0.259153,0.004501,4613.587847,5.964192
32.120000,22.000000,171.138799,8.017891,0.704950,0.259198,0.004500,4612.207249,5.962407
32.130000,22.000000,171.218987,8.018783,0.705098,0.259243,0.004499,4610.827217,5.960623
32.140000,22.000000,171.299183,8.019675,0.705245,0.259288,0.004498,4609.447749,5.958840
32.150000,22.000000,171.379389,8.020567,0.705393,0.259333,0.004497,4608.068846,5.957057
32.160000,22.000000,171.459604,8.021458,0.705541,0.259378,0.004496,4606.690507,5.955275
32.170000,22.000000,171.539827,8.022349,0.705688,0.259423,0.004495,4605.312732,5.953494
32.180000,22.000000,171.620059,8.023240,0.705836,0.259468,0.004495,4603.935520,5.951714
32.190000,22.000000,171.700301,8.024130,0.705984,0.259513,0.004494,4602.558871,5.949934
32.200000,22.000000,171.780551,8.025020,0.706131,0.259558,0.004493,4601.182784,5.948155
32.210000,22.000000,171.860810,8.025909,0.706279,0.259603,0.004492,4599.807259,5.946377
32.220000,22.000000,171.941078,8.026798,0.706427,0.259648,0.004491,4598.432296,5.944600
32.230000,22.000000,172.021355,8.027687,0.706574,0.259693,0.004490,4597.057894,5.942823
32.240000,22.000000,172.101641,8.028575,0.706722,0.259738,0.004490,4595.684053,5.941047
32.250000,22.000000,172.181935,8.029463,0.706869,0.259783,0.004489,4594.310772,5.939271
32.260000,22.000000,172.262239,8.030351,0.707017,0.259827,0.004488,4592.938051,5.937497
32.270000,22.000000,172.342551,8.031238,0.707165,0.259872,0.004487,4591.565890,5.935723
32.280000,22.000000,172.422872,8.032125,0.707312,0.259917,0.004486,4590.194287,5.933950
32.290000,22.000000,172.503203,8.033012,0.707460,0.259962,0.004485,4588.823244,5.932177
32.300000,22.000000,172.583542,8.033898,0.707607,0.260007,0.004484,4587.452759,5.930406
32.310000,22.000000,172.663889,8.034784,0.707755,0.260052,0.004484,4586.082832,5.928635
32.320000,22.000000,172.744246,8.035669,0.707902,0.260097,0.004483,4584.713462,5.926865
32.330000,22.000000,172.824612,8.036554,0.708050,0.260141,0.004482,4583.344650,5.925095
32.340000,22.000000,172.904986,8.037439,0.708197,0.260186,0.004481,4581.976394,5.923326
32.350000,22.000000,172.985369,8.038324,0.708345,0.260231,0.004480,4580.608695,5.921558
32.360000,22.000000,173.065761,8.039208,0.708492,0.260276,0.004479,4579.241551,5.919791
32.370000,22.000000,173.146162,8.040091,0.708640,0.260321,0.004479,4577.874963,5.918024
32.380000,22.000000,173.226572,8.040975,0.708787,0.260365,0.004478,4576.508930,5.916258
32.390000,22.000000,173.306991,8.041858,0.708935,0.260410,0.004477,4575.143452,5.914493
32.400000,22.000000,173.387418,8.042740,0.709082,0.260455,0.004476,4573.778528,5.912729
32.410000,22.000000,173.467854,8.043623,0.709230,0.260500,0.004475,4572.414158,5.910965
32.420000,22.000000,173.548299,8.044504,0.709377,0.260544,0.004474,4571.050342,5.909202
32.430000,22.000000,173.628753,8.045386,0.709524,0.260589,0.004473,4569.687079,5.907439
32.440000,22.000000,173.709216,8.046267,0.709672,0.260634,0.004473,4568.324368,5.905678
32.450000,22.000000,173.789687,8.047148,0.709819,0.260679,0.004472,4566.962210,5.903917
32.460000,22.000000,173.870168,8.048028,0.709967,0.260723,0.004471,4565.600603,5.902157
32.470000,22.000000,173.950657,8.048909,0.710114,0.260768,0.004470,4564.239548,5.900397
32.480000,22.000000,174.031154,8.049788,0.710261,0.260813,0.004469,4562.879045,5.898638
32.490000,22.000000,174.111661,8.050668,0.710409,0.260857,0.004468,4561.519092,5.896880
32.500000,22.000000,174.192177,8.051547,0.710556,0.260902,0.004468,4560.159689,5.895123
32.510000,22.000000,174.272701,8.052425,0.710704,0.260947,0.004467,4558.800836,5.893366
32.520000,22.000000,174.353234,8.053304,0.710851,0.260992,0.004466,4557.442533,5.891610
32.530000,22.000000,174.433776,8.054182,0.710998,0.261036,0.004465,4556.084778,5.889855
32.540000,22.000000,174.514326,8.055059,0.711146,0.261081,0.004464,4554.727573,5.888100
32.550000,22.000000,174.594886,8.055937,0.711293,0.261125,0.004463,4553.370916,5.886347
32.560000,22.000000,174.675454,8.056814,0.711440,0.261170,0.004463,4552.014807,5.884594
32.570000,22.000000,174.756031,8.057690,0.711587,0.261215,0.004462,4550.659245,5.882841
32.580000,22.000000,174.836616,8.058566,0.711735,0.261259,0.004461,4549.304230,5.881089
32.590000,22.000000,174.917211,8.059442,0.711882,0.261304,0.004460,4547.949763,5.879339
32.600000,22.000000,174.997814,8.060318,0.712029,0.261349,0.004459,4546.595841,5.877588
32.610000,22.000000,175.078426,8.061193,0.712177,0.261393,0.004458,4545.242466,5.875839
32.620000,22.000000,175.159047,8.062068,0.712324,0.261438,0.004457,4543.889636,5.874090
32.630000,22.000000,175.239676,8.062942,0.712471,0.261482,0.004457,4542.537351,5.872342
32.640000,22.000000,175.320314,8.063816,0.712618,0.261527,0.004456,4541.185611,5.870594
32.650000,22.000000,175.400961,8.064690,0.712765,0.261571,0.004455,4539.834415,5.868847
32.660000,22.000000,175.481617,8.065563,0.712913,0.261616,0.004454,4538.483764,5.867101
32.670000,22.000000,175.562281,8.066436,0.713060,0.261660,0.004453,4537.133656,5.865356
32.680000,22.000000,175.642954,8.067309,0.713207,0.261705,0.004452,4535.784091,5.863611
32.690000,22.000000,175.723636,8.068181,0.713354,0.261750,0.004452,4534.435069,5.861867
32.700000,22.000000,175.804326,8.069053,0.713501,0.261794,0.004451,4533.086589,5.860124
32.710000,22.000000,175.885026,8.069925,0.713649,0.261839,0.004450,4531.738652,5.858382
32.720000,22.000000,175.965734,8.070796,0.713796,0.261883,0.004449,4530.391256,5.856640
32.730000,22.000000,176.046450,8.071667,0.713943,0.261928,0.004448,4529.044401,5.854899
32.740000,22.000000,176.127176,8.072538,0.714090,0.261972,0.004447,4527.698087,5.853158
32.750000,22.000000,176.207910,8.073408,0.714237,0.262016,0.004446,4526.352314,5.851419
32.760000,22.000000,176.288653,8.074278,0.714384,0.262061,0.004446,4525.007080,5.849679
32.770000,22.000000,176.369404,8.075147,0.714531,0.262105,0.004445,4523.662387,5.847941
32.780000,22.000000,176.450164,8.076016,0.714679,0.262150,0.004444,4522.318233,5.846203
32.790000,22.000000,176.530933,8.076885,0.714826,0.262194,0.004443,4520.974617,5.844467
32.800000,22.000000,176.611711,8.077754,0.714973,0.262239,0.004442,4519.631540,5.842730
32.810000,22.000000,176.692497,8.078622,0.715120,0.262283,0.004441,4518.289002,5.840995
32.820000,22.000000,176.773292,8.079490,0.715267,0.262328,0.004441,4516.947001,5.839260
32.830000,22.000000,176.854095,8.080357,0.715414,0.262372,0.004440,4515.605537,5.837526
32.840000,22.000000,176.934908,8.081224,0.715561,0.262416,0.004439,4514.264610,5.835792
32.850000,22.000000,177.015728,8.082091,0.715708,0.262461,0.004438,4512.924220,5.834059
32.860000,22.000000,177.096558,8.082957,0.715855,0.262505,0.004437,4511.584367,5.832327
32.870000,22.000000,177.177396,8.083823,0.716002,0.262549,0.004436,4510.245049,5.830596
32.880000,22.000000,177.258243,8.084689,0.716149,0.262594,0.004436,4508.906266,5.828865
32.890000,22.000000,177.339099,8.085554,0.716296,0.262638,0.004435,4507.568018,5.827135
32.900000,22.000000,177.419963,8.086419,0.716443,0.262683,0.004434,4506.230306,5.825406
32.910000,22.000000,177.500836,8.087284,0.716590,0.262727,0.004433,4504.893127,5.823677
32.920000,22.000000,177.581717,8.088148,0.716737,0.262771,0.004432,4503.556482,5.821949
32.930000,22.000000,177.662607,8.089012,0.716884,0.262816,0.004431,4502.220371,5.820222
32.940000,22.000000,177.743506,8.089876,0.717031,0.262860,0.004430,4500.884793,5.818496
32.950000,22.000000,177.824414,8.090739,0.717178,0.262904,0.004430,4499.549748,5.816770
32.960000,22.000000,177.905330,8.091602,0.717325,0.262948,0.004429,4498.215235,5.815044
32.970000,22.000000,177.986254,8.092465,0.717472,0.262993,0.004428,4496.881254,5.813320
32.980000,22.000000,178.067187,8.093327,0.717619,0.263037,0.004427,4495.547805,5.811596
32.990000,22.000000,178.148129,8.094189,0.717766,0.263081,0.004426,4494.214887,5.809873
33.000000,22.000000,178.229080,8.095051,0.717913,0.263126,0.004425,4492.882499,5.808151
33.010000,22.000000,178.310039,8.095912,0.718059,0.263170,0.004425,4491.550643,5.806429
33.020000,22.000000,178.391007,8.096773,0.718206,0.263214,0.004424,4490.219316,5.804708
33.030000,22.000000,178.471983,8.097633,0.718353,0.263258,0.004423,4488.888519,5.802987
33.040000,22.000000,178.552968,8.098493,0.718500,0.263303,0.004422,4487.558251,5.801268
33.050000,22.000000,178.633961,8.099353,0.718647,0.263347,0.004421,4486.228512,5.799549
33.060000,22.000000,178.714964,8.100213,0.718794,0.263391,0.004420,4484.899302,5.797830
33.070000,22.000000,178.795974,8.101072,0.718941,0.263435,0.004420,4483.570620,5.796113
33.080000,22.000000,178.876994,8.101931,0.719087,0.263479,0.004419,4482.242466,5.794396
33.090000,22.000000,178.958022,8.102789,0.719234,0.263524,0.004418,4480.914839,5.792679
33.100000,22.000000,179.039058,8.103647,0.719381,0.263568,0.004417,4479.587739,5.790964
33.110000,22.000000,179.120103,8.104505,0.719528,0.263612,0.004416,4478.261166,5.789249
33.120000,22.000000,179.201157,8.105363,0.719675,0.263656,0.004415,4476.935119,5.787535
33.130000,22.000000,179.282219,8.106220,0.719821,0.263700,0.004415,4475.609599,5.785821
33.140000,22.000000,179.363290,8.107077,0.719968,0.263744,0.004414,4474.284603,5.784108
33.150000,22.000000,179.444369,8.107933,0.720115,0.263788,0.004413,4472.960133,5.782396
33.160000,22.000000,179.525457,8.108789,0.720262,0.263833,0.004412,4471.636188,5.780685
33.170000,22.000000,179.606553,8.109645,0.720409,0.263877,0.004411,4470.312767,5.778974
33.180000,22.000000,179.687658,8.110500,0.720555,0.263921,0.004410,4468.989870,5.777264
33.190000,22.000000,179.768772,8.111355,0.720702,0.263965,0.004409,4467.667497,5.775554
33.200000,22.000000,179.849894,8.112210,0.720849,0.264009,0.004409,4466.345647,5.773845
33.210000,22.000000,179.931025,8.113065,0.720995,0.264053,0.004408,4465.024320,5.772137
33.220000,22.000000,180.012164,8.113919,0.721142,0.264097,0.004407,4463.703515,5.770430
33.230000,22.000000,180.093312,8.114772,0.721289,0.264141,0.004406,4462.383233,5.768723
33.240000,22.000000,180.174468,8.115626,0.721436,0.264185,0.004405,4461.063472,5.767017
33.250000,22.000000,180.255633,8.116479,0.721582,0.264229,0.004404,4459.744233,5.765311
33.260000,22.000000,180.336806,8.117332,0.721729,0.264273,0.004404,4458.425515,5.763606
33.270000,22.000000,180.417988,8.118184,0.721876,0.264317,0.004403,4457.107318,5.761902
33.280000,22.000000,180.499178,8.119036,0.722022,0.264361,0.004402,4455.789641,5.760199
33.290000,22.000000,180.580377,8.119888,0.722169,0.264405,0.004401,4454.472483,5.758496
33.300000,22.000000,180.661584,8.120739,0.722315,0.264449,0.004400,4453.155846,5.756794
33.310000,22.000000,180.742800,8.121590,0.722462,0.264493,0.004399,4451.839727,5.755093
33.320000,22.000000,180.824025,8.122441,0.722609,0.264537,0.004399,4450.524128,5.753392
33.330000,22.000000,180.905258,8.123291,0.722755,0.264581,0.004398,4449.209047,5.751692
33.340000,22.000000,180.986499,8.124141,0.722902,0.264625,0.004397,4447.894484,5.749993
33.350000,22.000000,181.067749,8.124991,0.723048,0.264669,0.004396,4446.580438,5.748294
33.360000,22.000000,181.149007,8.125840,0.723195,0.264713,0.004395,4445.266910,5.746596
33.370000,22.000000,181.230274,8.126689,0.723342,0.264757,0.004394,4443.953899,5.744898
33.380000,22.000000,181.311550,8.127538,0.723488,0.264801,0.004394,4442.641405,5.743202
33.390000,22.000000,181.392833,8.128386,0.723635,0.264845,0.004393,4441.329427,5.741506
33.400000,22.000000,181.474126,8.129234,0.723781,0.264889,0.004392,4440.017964,5.739810
33.410000,22.000000,181.555427,8.130082,0.723928,0.264933,0.004391,4438.707018,5.738116
33.420000,22.000000,181.636736,8.130930,0.724074,0.264977,0.004390,4437.396586,5.736421
33.430000,22.000000,181.718054,8.131777,0.724221,0.265021,0.004389,4436.086669,5.734728
33.440000,22.000000,181.799380,8.132623,0.724367,0.265065,0.004388,4434.777267,5.733035
33.450000,22.000000,181.880715,8.133470,0.724514,0.265109,0.004388,4433.468378,5.731343
33.460000,22.000000,181.962058,8.134316,0.724660,0.265152,0.004387,4432.160003,5.729652
33.470000,22.000000,182.043409,8.135161,0.724807,0.265196,0.004386,4430.852142,5.727961
33.480000,22.000000,182.124769,8.136007,0.724953,0.265240,0.004385,4429.544793,5.726271
33.490000,22.000000,182.206138,8.136852,0.725100,0.265284,0.004384,4428.237957,5.724582
33.500000,22.000000,182.287515,8.137696,0.725246,0.265328,0.004383,4426.931634,5.722893
33.510000,22.000000,182.368900,8.138541,0.725393,0.265372,0.004383,4425.625822,5.721205
33.520000,22.000000,182.450294,8.139385,0.725539,0.265416,0.004382,4424.320521,5.719517
33.530000,22.000000,182.531696,8.140229,0.725686,0.265459,0.004381,4423.015732,5.717831
33.540000,22.000000,182.613107,8.141072,0.725832,0.265503,0.004380,4421.711453,5.716145
33.550000,22.000000,182.694526,8.141915,0.725978,0.265547,0.004379,4420.407685,5.714459
33.560000,22.000000,182.775954,8.142758,0.726125,0.265591,0.004378,4419.104427,5.712774
33.570000,22.000000,182.857390,8.143600,0.726271,0.265635,0.004378,4417.801678,5.711090
33.580000,22.000000,182.938834,8.144442,0.726417,0.265678,0.004377,4416.499439,5.709407
33.590000,22.000000,183.020287,8.145284,0.726564,0.265722,0.004376,4415.197709,5.707724
33.600000,22.000000,183.101748,8.146125,0.726710,0.265766,0.004375,4413.896487,5.706042
33.610000,22.000000,183.183218,8.146966,0.726857,0.265810,0.004374,4412.595774,5.704360
33.620000,22.000000,183.264696,8.147807,0.727003,0.265853,0.004373,4411.295568,5.702680
33.630000,22.000000,183.346183,8.148648,0.727149,0.265897,0.004373,4409.995870,5.700999
33.640000,22.000000,183.427678,8.149488,0.727296,0.265941,0.004372,4408.696679,5.699320
33.650000,22.000000,183.509181,8.150328,0.727442,0.265984,0.004371,4407.397995,5.697641
33.660000,22.000000,183.590692,8.151167,0.727588,0.266028,0.004370,4406.099817,5.695963
33.670000,22.000000,183.672213,8.152006,0.727735,0.266072,0.004369,4404.802146,5.694285
33.680000,22.000000,183.753741,8.152845,0.727881,0.266116,0.004368,4403.504980,5.692608
33.690000,22.000000,183.835278,8.153683,0.728027,0.266159,0.004368,4402.208319,5.690932
33.700000,22.000000,183.916823,8.154521,0.728173,0.266203,0.004367,4400.912163,5.689256
33.710000,22.000000,183.998377,8.155359,0.728320,0.266247,0.004366,4399.616512,5.687581
33.720000,22.000000,184.079939,8.156197,0.728466,0.266290,0.004365,4398.321365,5.685907
33.730000,22.000000,184.161509,8.157034,0.728612,0.266334,0.004364,4397.026722,5.684234
33.740000,22.000000,184.243088,8.157871,0.728758,0.266378,0.004363,4395.732583,5.682561
33.750000,22.000000,184.324675,8.158707,0.728905,0.266421,0.004363,4394.438947,5.680888
33.760000,22.000000,184.406270,8.159543,0.729051,0.266465,0.004362,4393.145814,5.679217
33.770000,22.000000,184.487874,8.160379,0.729197,0.266508,0.004361,4391.853183,5.677545
33.780000,22.000000,184.569486,8.161215,0.729343,0.266552,0.004360,4390.561054,5.675875
33.790000,22.000000,184.651107,8.162050,0.729489,0.266596,0.004359,4389.269427,5.674205
33.800000,22.000000,184.732735,8.162885,0.729636,0.266639,0.004358,4387.978302,5.672536
33.810000,22.000000,184.814373,8.163719,0.729782,0.266683,0.004357,4386.687677,5.670868
33.820000,22.000000,184.896018,8.164554,0.729928,0.266726,0.004357,4385.397554,5.669200
33.830000,22.000000,184.977672,8.165388,0.730074,0.266770,0.004356,4384.107930,5.667533
33.840000,22.000000,185.059334,8.166221,0.730220,0.266813,0.004355,4382.818807,5.665866
33.850000,22.000000,185.141005,8.167054,0.730366,0.266857,0.004354,4381.530183,5.664200
33.860000,22.000000,185.222684,8.167887,0.730513,0.266901,0.004353,4380.242059,5.662535
33.870000,22.000000,185.304371,8.168720,0.730659,0.266944,0.004352,4378.954433,5.660871
33.880000,22.000000,185.386066,8.169552,0.730805,0.266988,0.004352,4377.667306,5.659207
33.890000,22.000000,185.467770,8.170384,0.730951,0.267031,0.004351,4376.380677,5.657543
33.900000,22.000000,185.549482,8.171216,0.731097,0.267075,0.004350,4375.094547,5.655881
33.910000,22.000000,185.631203,8.172047,0.731243,0.267118,0.004349,4373.808913,5.654219
33.920000,22.000000,185.712932,8.172878,0.731389,0.267162,0.004348,4372.523777,5.652557
33.930000,22.000000,185.794669,8.173709,0.731535,0.267205,0.004347,4371.239138,5.650897
33.940000,22.000000,185.876414,8.174539,0.731681,0.267249,0.004347,4369.954995,5.649237
33.950000,22.000000,185.958168,8.175369,0.731827,0.267292,0.004346,4368.671348,5.647577
33.960000,22.000000,186.039930,8.176199,0.731973,0.267336,0.004345,4367.388197,5.645918
33.970000,22.000000,186.121700,8.177028,0.732119,0.267379,0.004344,4366.105542,5.644260
33.980000,22.000000,186.203479,8.177857,0.732265,0.267422,0.004343,4364.823381,5.642603
33.990000,22.000000,186.285266,8.178686,0.732411,0.267466,0.004342,4363.541716,5.640946
34.000000,22.000000,186.367061,8.179515,0.732557,0.267509,0.004342,4362.260544,5.639290
34.010000,22.000000,186.448864,8.180343,0.732703,0.267553,0.004341,4360.979867,5.637634
34.020000,22.000000,186.530676,8.181171,0.732849,0.267596,0.004340,4359.699684,5.635979
34.030000,22.000000,186.612496,8.181998,0.732995,0.267639,0.004339,4358.419993,5.634325
34.040000,22.000000,186.694324,8.182825,0.733141,0.267683,0.004338,4357.140796,5.632671
34.050000,22.000000,186.776161,8.183652,0.733287,0.267726,0.004337,4355.862091,5.631018
34.060000,22.000000,186.858005,8.184479,0.733433,0.267770,0.004337,4354.583879,5.629366
34.070000,22.000000,186.939858,8.185305,0.733579,0.267813,0.004336,4353.306159,5.627714
34.080000,22.000000,187.021720,8.186131,0.733725,0.267856,0.004335,4352.028930,5.626063
34.090000,22.000000,187.103589,8.186956,0.733871,0.267900,0.004334,4350.752192,5.624412
34.100000,22.000000,187.185467,8.187781,0.734017,0.267943,0.004333,4349.475945,5.622763
34.110000,22.000000,187.267353,8.188606,0.734163,0.267986,0.004332,4348.200189,5.621113
34.120000,22.000000,187.349247,8.189431,0.734309,0.268030,0.004332,4346.924923,5.619465
34.130000,22.000000,187.431150,8.190255,0.734455,0.268073,0.004331,4345.650147,5.617817
34.140000,22.000000,187.513061,8.191079,0.734600,0.268116,0.004330,4344.375861,5.616169
34.150000,22.000000,187.594980,8.191903,0.734746,0.268160,0.004329,4343.102063,5.614523
34.160000,22.000000,187.676907,8.192726,0.734892,0.268203,0.004328,4341.828755,5.612877
34.170000,22.000000,187.758843,8.193549,0.735038,0.268246,0.004327,4340.555935,5.611231
34.180000,22.000000,187.840786,8.194372,0.735184,0.268289,0.004327,4339.283603,5.609586
34.190000,22.000000,187.922738,8.195194,0.735330,0.268333,0.004326,4338.011759,5.607942
34.200000,22.000000,188.004698,8.196017,0.735476,0.268376,0.004325,4336.740402,5.606299
34.210000,22.000000,188.086667,8.196838,0.735621,0.268419,0.004324,4335.469533,5.604656
34.220000,22.000000,188.168643,8.197660,0.735767,0.268462,0.004323,4334.199150,5.603014
34.230000,22.000000,188.250628,8.198481,0.735913,0.268506,0.004322,4332.929254,5.601372
34.240000,22.000000,188.332621,8.199302,0.736059,0.268549,0.004322,4331.659843,5.599731
34.250000,22.000000,188.414622,8.200122,0.736205,0.268592,0.004321,4330.390919,5.598090
34.260000,22.000000,188.496632,8.200942,0.736350,0.268635,0.004320,4329.122480,5.596451
34.270000,22.000000,188.578649,8.201762,0.736496,0.268679,0.004319,4327.854526,5.594812
34.280000,22.000000,188.660675,8.202582,0.736642,0.268722,0.004318,4326.587057,5.593173
34.290000,22.000000,188.742709,8.203401,0.736788,0.268765,0.004317,4325.320072,5.591535
34.300000,22.000000,188.824752,8.204220,0.736933,0.268808,0.004317,4324.053571,5.589898
34.310000,22.000000,188.906802,8.205039,0.737079,0.268851,0.004316,4322.787554,5.588261
34.320000,22.000000,188.988860,8.205857,0.737225,0.268894,0.004315,4321.522020,5.586625
34.330000,22.000000,189.070927,8.206675,0.737371,0.268938,0.004314,4320.256969,5.584990
34.340000,22.000000,189.153002,8.207493,0.737516,0.268981,0.004313,4318.992401,5.583355
34.350000,22.000000,189.235085,8.208310,0.737662,0.269024,0.004312,4317.728315,5.581721
34.360000,22.000000,189.317177,8.209127,0.737808,0.269067,0.004312,4316.464711,5.580087
34.370000,22.000000,189.399276,8.209944,0.737953,0.269110,0.004311,4315.201589,5.578455
34.380000,22.000000,189.481384,8.210760,0.738099,0.269153,0.004310,4313.938949,5.576822
34.390000,22.000000,189.563499,8.211577,0.738245,0.269196,0.004309,4312.676789,5.575191
34.400000,22.000000,189.645623,8.212392,0.738390,0.269239,0.004308,4311.415110,5.573560
34.410000,22.000000,189.727755,8.213208,0.738536,0.269282,0.004307,4310.153911,5.571929
34.420000,22.000000,189.809896,8.214023,0.738682,0.269325,0.004307,4308.893192,5.570299
34.430000,22.000000,189.892044,8.214838,0.738827,0.269369,0.004306,4307.632953,5.568670
34.440000,22.000000,189.974200,8.215653,0.738973,0.269412,0.004305,4306.373194,5.567042
34.450000,22.000000,190.056365,8.216467,0.739118,0.269455,0.004304,4305.113913,5.565414
34.460000,22.000000,190.138538,8.217281,0.739264,0.269498,0.004303,4303.855111,5.563786
34.470000,22.000000,190.220719,8.218095,0.739410,0.269541,0.004302,4302.596787,5.562160
34.480000,22.000000,190.302908,8.218908,0.739555,0.269584,0.004302,4301.338941,5.560534
34.490000,22.000000,190.385105,8.219721,0.739701,0.269627,0.004301,4300.081573,5.558908
34.500000,22.000000,190.467311,8.220534,0.739846,0.269670,0.004300,4298.824682,5.557283
34.510000,22.000000,190.549524,8.221346,0.739992,0.269713,0.004299,4297.568268,5.555659
34.520000,22.000000,190.631746,8.222158,0.740137,0.269756,0.004298,4296.312330,5.554036
34.530000,22.000000,190.713975,8.222970,0.740283,0.269799,0.004297,4295.056869,5.552413
34.540000,22.000000,190.796213,8.223782,0.740428,0.269842,0.004297,4293.801884,5.550790
34.550000,22.000000,190.878459,8.224593,0.740574,0.269885,0.004296,4292.547375,5.549168
34.560000,22.000000,190.960713,8.225404,0.740719,0.269928,0.004295,4291.293341,5.547547
34.570000,22.000000,191.042975,8.226214,0.740865,0.269971,0.004294,4290.039781,5.545927
34.580000,22.000000,191.125245,8.227024,0.741010,0.270013,0.004293,4288.786697,5.544307
34.590000,22.000000,191.207524,8.227834,0.741156,0.270056,0.004292,4287.534087,5.542687
34.600000,22.000000,191.289810,8.228644,0.741301,0.270099,0.004292,4286.281950,5.541069
34.610000,22.000000,191.372105,8.229453,0.741447,0.270142,0.004291,4285.030288,5.539451
34.620000,22.000000,191.454407,8.230263,0.741592,0.270185,0.004290,4283.779099,5.537833
34.630000,22.000000,191.536718,8.231071,0.741738,0.270228,0.004289,4282.528382,5.536216
34.640000,22.000000,191.619037,8.231880,0.741883,0.270271,0.004288,4281.278139,5.534600
34.650000,22.000000,191.701364,8.232688,0.742029,0.270314,0.004287,4280.028367,5.532985
34.660000,22.000000,191.783699,8.233496,0.742174,0.270357,0.004287,4278.779068,5.531369
34.670000,22.000000,191.866042,8.234303,0.742319,0.270400,0.004286,4277.530240,5.529755
34.680000,22.000000,191.948393,8.235110,0.742465,0.270442,0.004285,4276.281884,5.528141
34.690000,22.000000,192.030752,8.235917,0.742610,0.270485,0.004284,4275.033999,5.526528
34.700000,22.000000,192.113119,8.236724,0.742756,0.270528,0.004283,4273.786584,5.524915
34.710000,22.000000,192.195495,8.237530,0.742901,0.270571,0.004282,4272.539640,5.523303
34.720000,22.000000,192.277878,8.238336,0.743046,0.270614,0.004282,4271.293166,5.521692
34.730000,22.000000,192.360269,8.239142,0.743192,0.270657,0.004281,4270.047161,5.520081
34.740000,22.000000,192.442669,8.239947,0.743337,0.270699,0.004280,4268.801626,5.518471
34.750000,22.000000,192.525076,8.240752,0.743482,0.270742,0.004279,4267.556560,5.516862
34.760000,22.000000,192.607492,8.241557,0.743628,0.270785,0.004278,4266.311962,5.515253
34.770000,22.000000,192.689916,8.242362,0.743773,0.270828,0.004277,4265.067833,5.513644
34.780000,22.000000,192.772347,8.243166,0.743918,0.270871,0.004277,4263.824172,5.512037
34.790000,22.000000,192.854787,8.243970,0.744064,0.270913,0.004276,4262.580979,5.510429
34.800000,22.000000,192.937235,8.244773,0.744209,0.270956,0.004275,4261.338253,5.508823
34.810000,22.000000,193.019690,8.245576,0.744354,0.270999,0.004274,4260.095995,5.507217
34.820000,22.000000,193.102154,8.246379,0.744500,0.271042,0.004273,4258.854203,5.505612
34.830000,22.000000,193.184626,8.247182,0.744645,0.271084,0.004273,4257.612877,5.504007
34.840000,22.000000,193.267106,8.247984,0.744790,0.271127,0.004272,4256.372018,5.502403
34.850000,22.000000,193.349594,8.248787,0.744935,0.271170,0.004271,4255.131624,5.500799
34.860000,22.000000,193.432090,8.249588,0.745081,0.271212,0.004270,4253.891696,5.499196
34.870000,22.000000,193.514593,8.250390,0.745226,0.271255,0.004269,4252.652233,5.497594
34.880000,22.000000,193.597105,8.251191,0.745371,0.271298,0.004268,4251.413234,5.495992
34.890000,22.000000,193.679625,8.251992,0.745516,0.271340,0.004268,4250.174701,5.494391
34.900000,22.000000,193.762153,8.252792,0.745661,0.271383,0.004267,4248.936631,5.492791
34.910000,22.000000,193.844689,8.253593,0.745807,0.271426,0.004266,4247.699025,5.491191
34.920000,22.000000,193.927233,8.254393,0.745952,0.271468,0.004265,4246.461883,5.489592
34.930000,22.000000,194.009785,8.255192,0.746097,0.271511,0.004264,4245.225204,5.487993
34.940000,22.000000,194.092345,8.255992,0.746242,0.271554,0.004263,4243.988988,5.486395
34.950000,22.000000,194.174913,8.256791,0.746387,0.271596,0.004263,4242.753234,5.484797
34.960000,22.000000,194.257489,8.257589,0.746533,0.271639,0.004262,4241.517943,5.483200
34.970000,22.000000,194.340073,8.258388,0.746678,0.271682,0.004261,4240.283114,5.481604
34.980000,22.000000,194.422664,8.259186,0.746823,0.271724,0.004260,4239.048746,5.480008
34.990000,22.000000,194.505264,8.259984,0.746968,0.271767,0.004259,4237.814839,5.478413
35.000000,22.000000,194.587872,8.260781,0.747113,0.271809,0.004258,4236.581394,5.476819
35.010000,22.000000,194.670488,8.261579,0.747258,0.271852,0.004258,4235.348409,5.475225
35.020000,22.000000,194.753112,8.262376,0.747403,0.271895,0.004257,4234.115884,5.473631
35.030000,22.000000,194.835743,8.263172,0.747548,0.271937,0.004256,4232.883819,5.472039
35.040000,22.000000,194.918383,8.263969,0.747693,0.271980,0.004255,4231.652214,5.470446
35.050000,22.000000,195.001031,8.264765,0.747839,0.272022,0.004254,4230.421069,5.468855
35.060000,22.000000,195.083686,8.265561,0.747984,0.272065,0.004253,4229.190382,5.467264
35.070000,22.000000,195.166350,8.266356,0.748129,0.272107,0.004253,4227.960154,5.465674
35.080000,22.000000,195.249021,8.267151,0.748274,0.272150,0.004252,4226.730385,5.464084
35.090000,22.000000,195.331701,8.267946,0.748419,0.272192,0.004251,4225.501073,5.462495
35.100000,22.000000,195.414388,8.268741,0.748564,0.272235,0.004250,4224.272220,5.460906
35.110000,22.000000,195.497084,8.269535,0.748709,0.272277,0.004249,4223.043824,5.459318
35.120000,22.000000,195.579787,8.270329,0.748854,0.272320,0.004248,4221.815885,5.457731
35.130000,22.000000,195.662498,8.271123,0.748999,0.272362,0.004248,4220.588402,5.456144
35.140000,22.000000,195.745217,8.271916,0.749144,0.272405,0.004247,4219.361377,5.454558
35.150000,22.000000,195.827944,8.272709,0.749289,0.272447,0.004246,4218.134807,5.452972
35.160000,22.000000,195.910679,8.273502,0.749434,0.272490,0.004245,4216.908693,5.451387
35.170000,22.000000,195.993422,8.274295,0.749579,0.272532,0.004244,4215.683035,5.449802
35.180000,22.000000,196.076173,8.275087,0.749724,0.272575,0.004244,4214.457833,5.448219
35.190000,22.000000,196.158932,8.275879,0.749869,0.272617,0.004243,4213.233085,5.446635
35.200000,22.000000,196.241699,8.276670,0.750014,0.272660,0.004242,4212.008791,5.445053
35.210000,22.000000,196.324473,8.277462,0.750159,0.272702,0.004241,4210.784952,5.443470
35.220000,22.000000,196.407256,8.278253,0.750304,0.272744,0.004240,4209.561567,5.441889
35.230000,22.000000,196.490046,8.279044,0.750448,0.272787,0.004239,4208.338636,5.440308
35.240000,22.000000,196.572845,8.279834,0.750593,0.272829,0.004239,4207.116158,5.438728
35.250000,22.000000,196.655651,8.280624,0.750738,0.272872,0.004238,4205.894133,5.437148
35.260000,22.000000,196.738465,8.281414,0.750883,0.272914,0.004237,4204.672561,5.435569
35.270000,22.000000,196.821287,8.282204,0.751028,0.272956,0.004236,4203.451441,5.433990
35.280000,22.000000,196.904117,8.282993,0.751173,0.272999,0.004235,4202.230773,5.432412
35.290000,22.000000,196.986955,8.283782,0.751318,0.273041,0.004234,4201.010557,5.430835
35.300000,22.000000,197.069801,8.284571,0.751463,0.273083,0.004234,4199.790793,5.429258
35.310000,22.000000,197.152654,8.285359,0.751608,0.273126,0.004233,4198.571479,5.427682
35.320000,22.000000,197.235516,8.286147,0.751752,0.273168,0.004232,4197.352617,5.426106
35.330000,22.000000,197.318385,8.286935,0.751897,0.273210,0.004231,4196.134205,5.424531
35.340000,22.000000,197.401262,8.287723,0.752042,0.273253,0.004230,4194.916243,5.422956
35.350000,22.000000,197.484147,8.288510,0.752187,0.273295,0.004229,4193.698731,5.421382
35.360000,22.000000,197.567040,8.289297,0.752332,0.273337,0.004229,4192.481669,5.419809
35.370000,22.000000,197.649941,8.290084,0.752476,0.273379,0.004228,4191.265056,5.418236
35.380000,22.000000,197.732850,8.290870,0.752621,0.273422,0.004227,4190.048893,5.416664
35.390000,22.000000,197.815766,8.291656,0.752766,0.273464,0.004226,4188.833177,5.415092
35.400000,22.000000,197.898691,8.292442,0.752911,0.273506,0.004225,4187.617911,5.413521
35.410000,22.000000,197.981623,8.293228,0.753056,0.273549,0.004225,4186.403092,5.411951
35.420000,22.000000,198.064563,8.294013,0.753200,0.273591,0.004224,4185.188721,5.410381
35.430000,22.000000,198.147511,8.294798,0.753345,0.273633,0.004223,4183.974797,5.408812
35.440000,22.000000,198.230467,8.295582,0.753490,0.273675,0.004222,4182.761321,5.407243
35.450000,22.000000,198.313431,8.296367,0.753635,0.273717,0.004221,4181.548291,5.405675
35.460000,22.000000,198.396402,8.297151,0.753779,0.273760,0.004220,4180.335708,5.404107
35.470000,22.000000,198.479382,8.297935,0.753924,0.273802,0.004220,4179.123571,5.402540
35.480000,22.000000,198.562369,8.298718,0.754069,0.273844,0.004219,4177.911881,5.400974
35.490000,22.000000,198.645364,8.299501,0.754213,0.273886,0.004218,4176.700635,5.399408
35.500000,22.000000,198.728367,8.300284,0.754358,0.273928,0.004217,4175.489835,5.397843
35.510000,22.000000,198.811377,8.301067,0.754503,0.273971,0.004216,4174.279480,5.396278
35.520000,22.000000,198.894396,8.301849,0.754647,0.274013,0.004215,4173.069570,5.394714
35.530000,22.000000,198.977422,8.302631,0.754792,0.274055,0.004215,4171.860104,5.393151
35.540000,22.000000,199.060456,8.303413,0.754937,0.274097,0.004214,4170.651082,5.391588
35.550000,22.000000,199.143498,8.304194,0.755081,0.274139,0.004213,4169.442504,5.390025
35.560000,22.000000,199.226548,8.304976,0.755226,0.274181,0.004212,4168.234369,5.388463
35.570000,22.000000,199.309605,8.305757,0.755371,0.274223,0.004211,4167.026677,5.386902
35.580000,22.000000,199.392671,8.306537,0.755515,0.274266,0.004210,4165.819429,5.385341
35.590000,22.000000,199.475744,8.307318,0.755660,0.274308,0.004210,4164.612623,5.383781
35.600000,22.000000,199.558825,8.308098,0.755804,0.274350,0.004209,4163.406259,5.382222
35.610000,22.000000,199.641914,8.308877,0.755949,0.274392,0.004208,4162.200337,5.380663
35.620000,22.000000,199.725010,8.309657,0.756094,0.274434,0.004207,4160.994856,5.379105
35.630000,22.000000,199.808115,8.310436,0.756238,0.274476,0.004206,4159.789817,5.377547
35.640000,22.000000,199.891227,8.311215,0.756383,0.274518,0.004206,4158.585219,5.375990
35.650000,22.000000,199.974347,8.311994,0.756527,0.274560,0.004205,4157.381062,5.374433
35.660000,22.000000,200.057474,8.312772,0.756672,0.274602,0.004204,4156.177345,5.372877
35.670000,22.000000,200.140610,8.313550,0.756816,0.274644,0.004203,4154.974068,5.371321
35.680000,22.000000,200.223753,8.314328,0.756961,0.274686,0.004202,4153.771232,5.369766
35.690000,22.000000,200.306904,8.315105,0.757105,0.274728,0.004201,4152.568834,5.368212
35.700000,22.000000,200.390063,8.315882,0.757250,0.274770,0.004201,4151.366876,5.366658
35.710000,22.000000,200.473230,8.316659,0.757394,0.274812,0.004200,4150.165357,5.365105
35.720000,22.000000,200.556404,8.317436,0.757539,0.274854,0.004199,4148.964276,5.363552
35.730000,22.000000,200.639586,8.318212,0.757683,0.274896,0.004198,4147.763634,5.362000
35.740000,22.000000,200.722776,8.318988,0.757828,0.274938,0.004197,4146.563429,5.360448
35.750000,22.000000,200.805974,8.319764,0.757972,0.274980,0.004196,4145.363663,5.358897
35.760000,22.000000,200.889179,8.320540,0.758117,0.275022,0.004196,4144.164334,5.357347
35.770000,22.000000,200.972392,8.321315,0.758261,0.275064,0.004195,4142.965441,5.355797
35.780000,22.000000,201.055613,8.322090,0.758406,0.275106,0.004194,4141.766986,5.354248
35.790000,22.000000,201.138842,8.322864,0.758550,0.275148,0.004193,4140.568967,5.352699
35.800000,22.000000,201.222078,8.323639,0.758695,0.275190,0.004192,4139.371385,5.351151
35.810000,22.000000,201.305322,8.324413,0.758839,0.275232,0.004192,4138.174238,5.349603
35.820000,22.000000,201.388574,8.325187,0.758984,0.275274,0.004191,4136.977527,5.348056
35.830000,22.000000,201.471834,8.325960,0.759128,0.275316,0.004190,4135.781251,5.346510
35.840000,22.000000,201.555101,8.326734,0.759272,0.275358,0.004189,4134.585411,5.344964
35.850000,22.000000,201.638376,8.327506,0.759417,0.275399,0.004188,4133.390005,5.343419
35.860000,22.000000,201.721659,8.328279,0.759561,0.275441,0.004187,4132.195033,5.341874
35.870000,22.000000,201.804949,8.329052,0.759705,0.275483,0.004187,4131.000496,5.340329
35.880000,22.000000,201.888248,8.329824,0.759850,0.275525,0.004186,4129.806392,5.338786
35.890000,22.000000,201.971554,8.330596,0.759994,0.275567,0.004185,4128.612722,5.337243
35.900000,22.000000,202.054867,8.331367,0.760138,0.275609,0.004184,4127.419485,5.335700
35.910000,22.000000,202.138189,8.332138,0.760283,0.275651,0.004183,4126.226681,5.334158
35.920000,22.000000,202.221518,8.332909,0.760427,0.275692,0.004183,4125.034310,5.332617
35.930000,22.000000,202.304855,8.333680,0.760571,0.275734,0.004182,4123.842371,5.331076
35.940000,22.000000,202.388199,8.334451,0.760716,0.275776,0.004181,4122.650864,5.329536
35.950000,22.000000,202.471551,8.335221,0.760860,0.275818,0.004180,4121.459789,5.327996
35.960000,22.000000,202.554911,8.335991,0.761004,0.275860,0.004179,4120.269146,5.326457
35.970000,22.000000,202.638279,8.336760,0.761149,0.275901,0.004178,4119.078933,5.324918
35.980000,22.000000,202.721654,8.337529,0.761293,0.275943,0.004178,4117.889152,5.323380
35.990000,22.000000,202.805037,8.338299,0.761437,0.275985,0.004177,4116.699801,5.321842
36.000000,22.000000,202.888428,8.339067,0.761581,0.276027,0.004176,4115.510880,5.320305
36.010000,22.000000,202.971826,8.339836,0.761726,0.276069,0.004175,4114.322389,5.318769
36.020000,22.000000,203.055232,8.340604,0.761870,0.276110,0.004174,4113.134328,5.317233
36.030000,22.000000,203.138646,8.341372,0.762014,0.276152,0.004173,4111.946697,5.315698
36.040000,22.000000,203.222067,8.342140,0.762158,0.276194,0.004173,4110.759494,5.314163
36.050000,22.000000,203.305496,8.342907,0.762303,0.276235,0.004172,4109.572720,5.312629
36.060000,22.000000,203.388933,8.343674,0.762447,0.276277,0.004171,4108.386375,5.311095
36.070000,22.000000,203.472378,8.344441,0.762591,0.276319,0.004170,4107.200458,5.309562
36.080000,22.000000,203.555830,8.345207,0.762735,0.276361,0.004169,4106.014969,5.308030
36.090000,22.000000,203.639289,8.345974,0.762879,0.276402,0.004169,4104.829908,5.306498
36.100000,22.000000,203.722757,8.346740,0.763024,0.276444,0.004168,4103.645274,5.304966
36.110000,22.000000,203.806232,8.347505,0.763168,0.276486,0.004167,4102.461067,5.303435
36.120000,22.000000,203.889714,8.348271,0.763312,0.276527,0.004166,4101.277287,5.301905
36.130000,22.000000,203.973205,8.349036,0.763456,0.276569,0.004165,4100.093933,5.300375
36.140000,22.000000,204.056703,8.349801,0.763600,0.276611,0.004164,4098.911006,5.298846
36.150000,22.000000,204.140209,8.350566,0.763744,0.276652,0.004164,4097.728504,5.297317
36.160000,22.000000,204.223722,8.351330,0.763888,0.276694,0.004163,4096.546428,5.295789
36.170000,22.000000,204.307243,8.352094,0.764033,0.276736,0.004162,4095.364778,5.294262
36.180000,22.000000,204.390771,8.352858,0.764177,0.276777,0.004161,4094.183552,5.292735
36.190000,22.000000,204.474308,8.353621,0.764321,0.276819,0.004160,4093.002752,5.291208
36.200000,22.000000,204.557851,8.354384,0.764465,0.276860,0.004160,4091.822375,5.289682
36.210000,22.000000,204.641403,8.355147,0.764609,0.276902,0.004159,4090.642423,5.288157
36.220000,22.000000,204.724962,8.355910,0.764753,0.276944,0.004158,4089.462895,5.286632
36.230000,22.000000,204.808529,8.356673,0.764897,0.276985,0.004157,4088.283790,5.285108
36.240000,22.000000,204.892103,8.357435,0.765041,0.277027,0.004156,4087.105109,5.283584
36.250000,22.000000,204.975685,8.358197,0.765185,0.277068,0.004155,4085.926850,5.282061
36.260000,22.000000,205.059275,8.358958,0.765329,0.277110,0.004155,4084.749015,5.280538
36.270000,22.000000,205.142872,8.359720,0.765473,0.277151,0.004154,4083.571602,5.279016
36.280000,22.000000,205.226477,8.360481,0.765617,0.277193,0.004153,4082.394611,5.277494
36.290000,22.000000,205.310089,8.361241,0.765761,0.277234,0.004152,4081.218041,5.275973
36.300000,22.000000,205.393709,8.362002,0.765905,0.277276,0.004151,4080.041894,5.274453
36.310000,22.000000,205.477337,8.362762,0.766049,0.277317,0.004151,4078.866167,5.272933
36.320000,22.000000,205.560972,8.363522,0.766193,0.277359,0.004150,4077.690862,5.271414
36.330000,22.000000,205.644615,8.364282,0.766337,0.277400,0.004149,4076.515978,5.269895
36.340000,22.000000,205.728265,8.365041,0.766481,0.277442,0.004148,4075.341514,5.268377
36.350000,22.000000,205.811923,8.365800,0.766625,0.277483,0.004147,4074.167470,5.266859
36.360000,22.000000,205.895589,8.366559,0.766769,0.277525,0.004146,4072.993845,5.265342
36.370000,22.000000,205.979262,8.367318,0.766913,0.277566,0.004146,4071.820641,5.263825
36.380000,22.000000,206.062943,8.368076,0.767057,0.277608,0.004145,4070.647856,5.262309
36.390000,22.000000,206.146631,8.368834,0.767201,0.277649,0.004144,4069.475490,5.260793
36.400000,22.000000,206.230327,8.369592,0.767345,0.277691,0.004143,4068.303542,5.259278
36.410000,22.000000,206.314030,8.370349,0.767489,0.277732,0.004142,4067.132013,5.257764
36.420000,22.000000,206.397741,8.371107,0.767633,0.277773,0.004142,4065.960902,5.256250
36.430000,22.000000,206.481460,8.371864,0.767777,0.277815,0.004141,4064.790209,5.254736
36.440000,22.000000,206.565186,8.372620,0.767920,0.277856,0.004140,4063.619934,5.253224
36.450000,22.000000,206.648920,8.373377,0.768064,0.277898,0.004139,4062.450076,5.251711
36.460000,22.000000,206.732661,8.374133,0.768208,0.277939,0.004138,4061.280635,5.250200
36.470000,22.000000,206.816410,8.374889,0.768352,0.277980,0.004137,4060.111611,5.248688
36.480000,22.000000,206.900167,8.375645,0.768496,0.278022,0.004137,4058.943003,5.247178
36.490000,22.000000,206.983931,8.376400,0.768640,0.278063,0.004136,4057.774811,5.245667
36.500000,22.000000,207.067702,8.377155,0.768784,0.278105,0.004135,4056.607035,5.244158
36.510000,22.000000,207.151481,8.377910,0.768927,0.278146,0.004134,4055.439675,5.242649
36.520000,22.000000,207.235268,8.378664,0.769071,0.278187,0.004133,4054.272730,5.241140
36.530000,22.000000,207.319062,8.379419,0.769215,0.278229,0.004133,4053.106201,5.239632
36.540000,22.000000,207.402864,8.380173,0.769359,0.278270,0.004132,4051.940086,5.238125
36.550000,22.000000,207.486673,8.380926,0.769503,0.278311,0.004131,4050.774385,5.236618
36.560000,22.000000,207.570490,8.381680,0.769646,0.278353,0.004130,4049.609099,5.235111
36.570000,22.000000,207.654314,8.382433,0.769790,0.278394,0.004129,4048.444227,5.233605
36.580000,22.000000,207.738146,8.383186,0.769934,0.278435,0.004128,4047.279768,5.232100
36.590000,22.000000,207.821986,8.383939,0.770078,0.278476,0.004128,4046.115723,5.230595
36.600000,22.000000,207.905832,8.384691,0.770221,0.278518,0.004127,4044.952091,5.229091
36.610000,22.000000,207.989687,8.385443,0.770365,0.278559,0.004126,4043.788871,5.227587
36.620000,22.000000,208.073549,8.386195,0.770509,0.278600,0.004125,4042.626065,5.226084
36.630000,22.000000,208.157418,8.386947,0.770653,0.278641,0.004124,4041.463670,5.224581
36.640000,22.000000,208.241295,8.387698,0.770796,0.278683,0.004124,4040.301687,5.223079
36.650000,22.000000,208.325180,8.388449,0.770940,0.278724,0.004123,4039.140117,5.221577
36.660000,22.000000,208.409072,8.389200,0.771084,0.278765,0.004122,4037.978957,5.220076
36.670000,22.000000,208.492971,8.389951,0.771227,0.278806,0.004121,4036.818209,5.218576
36.680000,22.000000,208.576878,8.390701,0.771371,0.278848,0.004120,4035.657871,5.217076
36.690000,22.000000,208.660793,8.391451,0.771515,0.278889,0.004119,4034.497945,5.215576
36.700000,22.000000,208.744715,8.392201,0.771658,0.278930,0.004119,4033.338428,5.214077
36.710000,22.000000,208.828644,8.392950,0.771802,0.278971,0.004118,4032.179322,5.212579
36.720000,22.000000,208.912581,8.393699,0.771946,0.279012,0.004117,4031.020625,5.211081
36.730000,22.000000,208.996526,8.394448,0.772089,0.279053,0.004116,4029.862338,5.209584
36.740000,22.000000,209.080478,8.395197,0.772233,0.279095,0.004115,4028.704460,5.208087
36.750000,22.000000,209.164437,8.395945,0.772377,0.279136,0.004115,4027.546991,5.206591
36.760000,22.000000,209.248404,8.396694,0.772520,0.279177,0.004114,4026.389930,5.205095
36.770000,22.000000,209.332379,8.397441,0.772664,0.279218,0.004113,4025.233278,5.203599
36.780000,22.000000,209.416360,8.398189,0.772807,0.279259,0.004112,4024.077034,5.202105
36.790000,22.000000,209.500350,8.398936,0.772951,0.279300,0.004111,4022.921198,5.200611
36.800000,22.000000,209.584347,8.399684,0.773095,0.279341,0.004110,4021.765769,5.199117
36.810000,22.000000,209.668351,8.400430,0.773238,0.279383,0.004110,4020.610748,5.197624
36.820000,22.000000,209.752363,8.401177,0.773382,0.279424,0.004109,4019.456134,5.196131
36.830000,22.000000,209.836382,8.401923,0.773525,0.279465,0.004108,4018.301926,5.194639
36.840000,22.000000,209.920409,8.402669,0.773669,0.279506,0.004107,4017.148125,5.193147
36.850000,22.000000,210.004443,8.403415,0.773812,0.279547,0.004106,4015.994730,5.191656
36.860000,22.000000,210.088484,8.404161,0.773956,0.279588,0.004106,4014.841742,5.190166
36.870000,22.000000,210.172533,8.404906,0.774099,0.279629,0.004105,4013.689158,5.188676
36.880000,22.000000,210.256590,8.405651,0.774243,0.279670,0.004104,4012.536980,5.187186
36.890000,22.000000,210.340654,8.406396,0.774387,0.279711,0.004103,4011.385207,5.185697
36.900000,22.000000,210.424725,8.407140,0.774530,0.279752,0.004102,4010.233839,5.184209
36.910000,22.000000,210.508804,8.407884,0.774674,0.279793,0.004102,4009.082876,5.182721
36.920000,22.000000,210.592890,8.408628,0.774817,0.279834,0.004101,4007.932317,5.181234
36.930000,22.000000,210.676984,8.409372,0.774960,0.279875,0.004100,4006.782161,5.179747
36.940000,22.000000,210.761085,8.410115,0.775104,0.279916,0.004099,4005.632410,5.178261
36.950000,22.000000,210.845194,8.410859,0.775247,0.279957,0.004098,4004.483062,5.176775
36.960000,22.000000,210.929310,8.411601,0.775391,0.279998,0.004097,4003.334117,5.175289
36.970000,22.000000,211.013433,8.412344,0.775534,0.280039,0.004097,4002.185575,5.173805
36.980000,22.000000,211.097564,8.413087,0.775678,0.280080,0.004096,4001.037436,5.172320
36.990000,22.000000,211.181703,8.413829,0.775821,0.280121,0.004095,3999.889699,5.170837
37.000000,22.000000,211.265848,8.414571,0.775965,0.280162,0.004094,3998.742364,5.169353
37.010000,22.000000,211.350001,8.415312,0.776108,0.280203,0.004093,3997.595431,5.167871
37.020000,22.000000,211.434162,8.416053,0.776251,0.280244,0.004093,3996.448900,5.166389
37.030000,22.000000,211.518330,8.416795,0.776395,0.280285,0.004092,3995.302770,5.164907
37.040000,22.000000,211.602505,8.417535,0.776538,0.280326,0.004091,3994.157041,5.163426
37.050000,22.000000,211.686688,8.418276,0.776681,0.280367,0.004090,3993.011713,5.161945
37.060000,22.000000,211.770878,8.419016,0.776825,0.280407,0.004089,3991.866785,5.160465
37.070000,22.000000,211.855076,8.419756,0.776968,0.280448,0.004088,3990.722257,5.158986
37.080000,22.000000,211.939281,8.420496,0.777112,0.280489,0.004088,3989.578130,5.157506
37.090000,22.000000,212.023493,8.421236,0.777255,0.280530,0.004087,3988.434402,5.156028
37.100000,22.000000,212.107713,8.421975,0.777398,0.280571,0.004086,3987.291074,5.154550
37.110000,22.000000,212.191940,8.422714,0.777542,0.280612,0.004085,3986.148144,5.153072
37.120000,22.000000,212.276174,8.423453,0.777685,0.280653,0.004084,3985.005614,5.151595
37.130000,22.000000,212.360416,8.424191,0.777828,0.280694,0.004084,3983.863482,5.150119
37.140000,22.000000,212.444666,8.424929,0.777971,0.280734,0.004083,3982.721748,5.148643
37.150000,22.000000,212.528922,8.425667,0.778115,0.280775,0.004082,3981.580413,5.147167
37.160000,22.000000,212.613186,8.426405,0.778258,0.280816,0.004081,3980.439475,5.145693
37.170000,22.000000,212.697458,8.427143,0.778401,0.280857,0.004080,3979.298935,5.144218
37.180000,22.000000,212.781737,8.427880,0.778545,0.280898,0.004080,3978.158793,5.142744
37.190000,22.000000,212.866023,8.428617,0.778688,0.280938,0.004079,3977.019047,5.141271
37.200000,22.000000,212.950316,8.429354,0.778831,0.280979,0.004078,3975.879698,5.139798
37.210000,22.000000,213.034617,8.430090,0.778974,0.281020,0.004077,3974.740746,5.138326
37.220000,22.000000,213.118925,8.430826,0.779118,0.281061,0.004076,3973.602189,5.136854
37.230000,22.000000,213.203241,8.431562,0.779261,0.281101,0.004075,3972.464029,5.135382
37.240000,22.000000,213.287564,8.432298,0.779404,0.281142,0.004075,3971.326264,5.133911
37.250000,22.000000,213.371894,8.433033,0.779547,0.281183,0.004074,3970.188895,5.132441
37.260000,22.000000,213.456232,8.433768,0.779690,0.281224,0.004073,3969.051921,5.130971
37.270000,22.000000,213.540577,8.434503,0.779834,0.281264,0.004072,3967.915342,5.129502
37.280000,22.000000,213.624929,8.435238,0.779977,0.281305,0.004071,3966.779157,5.128033
37.290000,22.000000,213.709289,8.435972,0.780120,0.281346,0.004071,3965.643367,5.126565
37.300000,22.000000,213.793656,8.436707,0.780263,0.281387,0.004070,3964.507971,5.125097
37.310000,22.000000,213.878031,8.437440,0.780406,0.281427,0.004069,3963.372969,5.123630
37.320000,22.000000,213.962412,8.438174,0.780549,0.281468,0.004068,3962.238361,5.122163
37.330000,22.000000,214.046801,8.438907,0.780693,0.281509,0.004067,3961.104145,5.120697
37.340000,22.000000,214.131198,8.439641,0.780836,0.281549,0.004067,3959.970323,5.119231
37.350000,22.000000,214.215602,8.440373,0.780979,0.281590,0.004066,3958.836894,5.117766
37.360000,22.000000,214.300013,8.441106,0.781122,0.281631,0.004065,3957.703857,5.116301
37.370000,22.000000,214.384431,8.441838,0.781265,0.281671,0.004064,3956.571212,5.114837
37.380000,22.000000,214.468857,8.442571,0.781408,0.281712,0.004063,3955.438959,5.113373
37.390000,22.000000,214.553290,8.443302,0.781551,0.281753,0.004063,3954.307099,5.111910
37.400000,22.000000,214.637730,8.444034,0.781694,0.281793,0.004062,3953.175629,5.110447
37.410000,22.000000,214.722178,8.444765,0.781837,0.281834,0.004061,3952.044551,5.108985
37.420000,22.000000,214.806633,8.445496,0.781981,0.281874,0.004060,3950.913864,5.107523
37.430000,22.000000,214.891095,8.446227,0.782124,0.281915,0.004059,3949.783567,5.106062
37.440000,22.000000,214.975565,8.446958,0.782267,0.281956,0.004058,3948.653661,5.104602
37.450000,22.000000,215.060041,8.447688,0.782410,0.281996,0.004058,3947.524145,5.103141
37.460000,22.000000,215.144526,8.448418,0.782553,0.282037,0.004057,3946.395019,5.101682
37.470000,22.000000,215.229017,8.449148,0.782696,0.282077,0.004056,3945.266283,5.100223
37.480000,22.000000,215.313516,8.449878,0.782839,0.282118,0.004055,3944.137936,5.098764
37.490000,22.000000,215.398022,8.450607,0.782982,0.282158,0.004054,3943.009978,5.097306
37.500000,22.000000,215.482535,8.451336,0.783125,0.282199,0.004054,3941.882409,5.095848
37.510000,22.000000,215.567056,8.452065,0.783268,0.282239,0.004053,3940.755229,5.094391
37.520000,22.000000,215.651584,8.452794,0.783411,0.282280,0.004052,3939.628437,5.092934
37.530000,22.000000,215.736119,8.453522,0.783554,0.282321,0.004051,3938.502033,5.091478
37.540000,22.000000,215.820662,8.454250,0.783697,0.282361,0.004050,3937.376017,5.090022
37.550000,22.000000,215.905211,8.454978,0.783840,0.282402,0.004050,3936.250389,5.088567
37.560000,22.000000,215.989769,8.455705,0.783983,0.282442,0.004049,3935.125148,5.087113
37.570000,22.000000,216.074333,8.456433,0.784126,0.282483,0.004048,3934.000294,5.085659
37.580000,22.000000,216.158904,8.457160,0.784268,0.282523,0.004047,3932.875827,5.084205
37.590000,22.000000,216.243483,8.457887,0.784411,0.282563,0.004046,3931.751746,5.082752
37.600000,22.000000,216.328069,8.458613,0.784554,0.282604,0.004046,3930.628052,5.081299
37.610000,22.000000,216.412663,8.459340,0.784697,0.282644,0.004045,3929.504744,5.079847
37.620000,22.000000,216.497263,8.460066,0.784840,0.282685,0.004044,3928.381821,5.078395
37.630000,22.000000,216.581871,8.460791,0.784983,0.282725,0.004043,3927.259284,5.076944
37.640000,22.000000,216.666487,8.461517,0.785126,0.282766,0.004042,3926.137132,5.075493
37.650000,22.000000,216.751109,8.462242,0.785269,0.282806,0.004041,3925.015366,5.074043
37.660000,22.000000,216.835739,8.462967,0.785412,0.282847,0.004041,3923.893984,5.072594
37.670000,22.000000,216.920376,8.463692,0.785555,0.282887,0.004040,3922.772987,5.071144
37.680000,22.000000,217.005020,8.464417,0.785697,0.282927,0.004039,3921.652373,5.069696
37.690000,22.000000,217.089671,8.465141,0.785840,0.282968,0.004038,3920.532144,5.068248
37.700000,22.000000,217.174330,8.465865,0.785983,0.283008,0.004037,3919.412299,5.066800
37.710000,22.000000,217.258996,8.466589,0.786126,0.283048,0.004037,3918.292837,5.065353
37.720000,22.000000,217.343669,8.467313,0.786269,0.283089,0.004036,3917.173758,5.063906
37.730000,22.000000,217.428349,8.468036,0.786412,0.283129,0.004035,3916.055063,5.062460
37.740000,22.000000,217.513037,8.468759,0.786554,0.283170,0.004034,3914.936750,5.061014
37.750000,22.000000,217.597732,8.469482,0.786697,0.283210,0.004033,3913.818819,5.059569
37.760000,22.000000,217.682434,8.470205,0.786840,0.283250,0.004033,3912.701271,5.058124
37.770000,22.000000,217.767143,8.470927,0.786983,0.283291,0.004032,3911.584104,5.056680
37.780000,22.000000,217.851859,8.471649,0.787125,0.283331,0.004031,3910.467320,5.055236
37.790000,22.000000,217.936583,8.472371,0.787268,0.283371,0.004030,3909.350917,5.053793
37.800000,22.000000,218.021314,8.473093,0.787411,0.283411,0.004029,3908.234895,5.052350
37.810000,22.000000,218.106052,8.473814,0.787554,0.283452,0.004029,3907.119254,5.050908
37.820000,22.000000,218.190798,8.474535,0.787696,0.283492,0.004028,3906.003993,5.049466
37.830000,22.000000,218.275550,8.475256,0.787839,0.283532,0.004027,3904.889114,5.048025
37.840000,22.000000,218.360310,8.475977,0.787982,0.283573,0.004026,3903.774614,5.046584
37.850000,22.000000,218.445077,8.476697,0.788125,0.283613,0.004025,3902.660494,5.045144
37.860000,22.000000,218.529851,8.477417,0.788267,0.283653,0.004025,3901.546754,5.043704
37.870000,22.000000,218.614632,8.478137,0.788410,0.283693,0.004024,3900.433393,5.042265
37.880000,22.000000,218.699421,8.478857,0.788553,0.283734,0.004023,3899.320412,5.040826
37.890000,22.000000,218.784217,8.479576,0.788695,0.283774,0.004022,3898.207810,5.039388
37.900000,22.000000,218.869020,8.480295,0.788838,0.283814,0.004021,3897.095586,5.037950
37.910000,22.000000,218.953830,8.481014,0.788981,0.283854,0.004020,3895.983740,5.036513
37.920000,22.000000,219.038647,8.481733,0.789123,0.283894,0.004020,3894.872273,5.035076
37.930000,22.000000,219.123472,8.482451,0.789266,0.283935,0.004019,3893.761184,5.033640
37.940000,22.000000,219.208303,8.483169,0.789409,0.283975,0.004018,3892.650472,5.032204
37.950000,22.000000,219.293142,8.483887,0.789551,0.284015,0.004017,3891.540138,5.030768
37.960000,22.000000,219.377988,8.484605,0.789694,0.284055,0.004016,3890.430181,5.029333
37.970000,22.000000,219.462842,8.485323,0.789837,0.284095,0.004016,3889.320601,5.027899
37.980000,22.000000,219.547702,8.486040,0.789979,0.284135,0.004015,3888.211398,5.026465
37.990000,22.000000,219.632569,8.486757,0.790122,0.284176,0.004014,3887.102571,5.025032
38.000000,22.000000,219.717444,8.487473,0.790264,0.284216,0.004013,3885.994120,5.023599
38.010000,22.000000,219.802326,8.488190,0.790407,0.284256,0.004012,3884.886046,5.022166
38.020000,22.000000,219.887215,8.488906,0.790550,0.284296,0.004012,3883.778347,5.020734
38.030000,22.000000,219.972111,8.489622,0.790692,0.284336,0.004011,3882.671023,5.019303
38.040000,22.000000,220.057015,8.490338,0.790835,0.284376,0.004010,3881.564075,5.017872
38.050000,22.000000,220.141925,8.491053,0.790977,0.284416,0.004009,3880.457501,5.016441
38.060000,22.000000,220.226843,8.491769,0.791120,0.284456,0.004008,3879.351302,5.015011
38.070000,22.000000,220.311768,8.492484,0.791262,0.284496,0.004008,3878.245478,5.013582
38.080000,22.000000,220.396700,8.493198,0.791405,0.284537,0.004007,3877.140028,5.012153
38.090000,22.000000,220.481639,8.493913,0.791547,0.284577,0.004006,3876.034952,5.010724
38.100000,22.000000,220.566585,8.494627,0.791690,0.284617,0.004005,3874.930249,5.009296
38.110000,22.000000,220.651539,8.495341,0.791832,0.284657,0.004004,3873.825920,5.007868
38.120000,22.000000,220.736499,8.496055,0.791975,0.284697,0.004004,3872.721965,5.006441
38.130000,22.000000,220.821467,8.496769,0.792117,0.284737,0.004003,3871.618382,5.005015
38.140000,22.000000,220.906442,8.497482,0.792260,0.284777,0.004002,3870.515172,5.003588
38.150000,22.000000,220.991424,8.498195,0.792402,0.284817,0.004001,3869.412334,5.002163
38.160000,22.000000,221.076413,8.498908,0.792545,0.284857,0.004000,3868.309869,5.000738
38.170000,22.000000,221.161409,8.499621,0.792687,0.284897,0.004000,3867.207775,4.999313
38.180000,22.000000,221.246412,8.500333,0.792830,0.284937,0.003999,3866.106054,4.997889
38.190000,22.000000,221.331423,8.501045,0.792972,0.284977,0.003998,3865.004704,4.996465
38.200000,22.000000,221.416440,8.501757,0.793115,0.285017,0.003997,3863.903725,4.995042
38.210000,22.000000,221.501465,8.502469,0.793257,0.285057,0.003996,3862.803117,4.993619
38.220000,22.000000,221.586497,8.503180,0.793399,0.285097,0.003996,3861.702880,4.992196
38.230000,22.000000,221.671536,8.503891,0.793542,0.285137,0.003995,3860.603013,4.990775
38.240000,22.000000,221.756582,8.504602,0.793684,0.285177,0.003994,3859.503517,4.989353
38.250000,22.000000,221.841635,8.505313,0.793827,0.285217,0.003993,3858.404391,4.987932
38.260000,22.000000,221.926695,8.506023,0.793969,0.285257,0.003992,3857.305635,4.986512
38.270000,22.000000,222.011762,8.506733,0.794111,0.285296,0.003991,3856.207248,4.985092
38.280000,22.000000,222.096837,8.507443,0.794254,0.285336,0.003991,3855.109230,4.983672
38.290000,22.000000,222.181918,8.508153,0.794396,0.285376,0.003990,3854.011582,4.982254
38.300000,22.000000,222.267007,8.508863,0.794539,0.285416,0.003989,3852.914302,4.980835
38.310000,22.000000,222.352103,8.509572,0.794681,0.285456,0.003988,3851.817391,4.979417
38.320000,22.000000,222.437205,8.510281,0.794823,0.285496,0.003987,3850.720848,4.977999
38.330000,22.000000,222.522315,8.510990,0.794966,0.285536,0.003987,3849.624673,4.976582
38.340000,22.000000,222.607432,8.511698,0.795108,0.285576,0.003986,3848.528866,4.975166
38.350000,22.000000,222.692556,8.512406,0.795250,0.285616,0.003985,3847.433427,4.973750
38.360000,22.000000,222.777688,8.513115,0.795392,0.285655,0.003984,3846.338355,4.972334
38.370000,22.000000,222.862826,8.513822,0.795535,0.285695,0.003983,3845.243651,4.970919
38.380000,22.000000,222.947971,8.514530,0.795677,0.285735,0.003983,3844.149313,4.969504
38.390000,22.000000,223.033123,8.515237,0.795819,0.285775,0.003982,3843.055342,4.968090
38.400000,22.000000,223.118283,8.515944,0.795962,0.285815,0.003981,3841.961737,4.966676
38.410000,22.000000,223.203449,8.516651,0.796104,0.285854,0.003980,3840.868498,4.965263
38.420000,22.000000,223.288623,8.517358,0.796246,0.285894,0.003979,3839.775625,4.963850
38.430000,22.000000,223.373804,8.518064,0.796388,0.285934,0.003979,3838.683118,4.962438
38.440000,22.000000,223.458991,8.518771,0.796531,0.285974,0.003978,3837.590977,4.961026
38.450000,22.000000,223.544186,8.519476,0.796673,0.286014,0.003977,3836.499200,4.959614
38.460000,22.000000,223.629388,8.520182,0.796815,0.286053,0.003976,3835.407789,4.958204
38.470000,22.000000,223.714597,8.520888,0.796957,0.286093,0.003975,3834.316742,4.956793
38.480000,22.000000,223.799813,8.521593,0.797099,0.286133,0.003975,3833.226060,4.955383
38.490000,22.000000,223.885036,8.522298,0.797242,0.286173,0.003974,3832.135742,4.953974
38.500000,22.000000,223.970266,8.523003,0.797384,0.286212,0.003973,3831.045788,4.952565
38.510000,22.000000,224.055503,8.523707,0.797526,0.286252,0.003972,3829.956198,4.951156
38.520000,22.000000,224.140747,8.524411,0.797668,0.286292,0.003971,3828.866971,4.949748
38.530000,22.000000,224.225998,8.525115,0.797810,0.286332,0.003971,3827.778108,4.948340
38.540000,22.000000,224.311256,8.525819,0.797953,0.286371,0.003970,3826.689607,4.946933
38.550000,22.000000,224.396522,8.526523,0.798095,0.286411,0.003969,3825.601470,4.945526
38.560000,22.000000,224.481794,8.527226,0.798237,0.286451,0.003968,3824.513695,4.944120
38.570000,22.000000,224.567073,8.527929,0.798379,0.286490,0.003967,3823.426282,4.942715
38.580000,22.000000,224.652359,8.528632,0.798521,0.286530,0.003967,3822.339232,4.941309
38.590000,22.000000,224.737653,8.529335,0.798663,0.286570,0.003966,3821.252543,4.939904
38.600000,22.000000,224.822953,8.530037,0.798805,0.286609,0.003965,3820.166216,4.938500
38.610000,22.000000,224.908261,8.530739,0.798947,0.286649,0.003964,3819.080251,4.937096
38.620000,22.000000,224.993575,8.531441,0.799090,0.286689,0.003963,3817.994646,4.935693
38.630000,22.000000,225.078896,8.532143,0.799232,0.286728,0.003963,3816.909403,4.934290
38.640000,22.000000,225.164225,8.532845,0.799374,0.286768,0.003962,3815.824520,4.932887
38.650000,22.000000,225.249560,8.533546,0.799516,0.286807,0.003961,3814.739998,4.931485
38.660000,22.000000,225.334903,8.534247,0.799658,0.286847,0.003960,3813.655835,4.930084
38.670000,22.000000,225.420252,8.534948,0.799800,0.286887,0.003959,3812.572033,4.928683
38.680000,22.000000,225.505609,8.535648,0.799942,0.286926,0.003959,3811.488591,4.927282
38.690000,22.000000,225.590972,8.536348,0.800084,0.286966,0.003958,3810.405508,4.925882
38.700000,22.000000,225.676343,8.537049,0.800226,0.287005,0.003957,3809.322784,4.924482
38.710000,22.000000,225.761720,8.537748,0.800368,0.287045,0.003956,3808.240419,4.923083
38.720000,22.000000,225.847105,8.538448,0.800510,0.287085,0.003955,3807.158414,4.921684
38.730000,22.000000,225.932496,8.539147,0.800652,0.287124,0.003955,3806.076766,4.920286
38.740000,22.000000,226.017895,8.539846,0.800794,0.287164,0.003954,3804.995477,4.918888
38.750000,22.000000,226.103300,8.540545,0.800936,0.287203,0.003953,3803.914547,4.917491
38.760000,22.000000,226.188712,8.541244,0.801078,0.287243,0.003952,3802.833974,4.916094
38.770000,22.000000,226.274132,8.541943,0.801220,0.287282,0.003951,3801.753758,4.914697
38.780000,22.000000,226.359558,8.542641,0.801362,0.287322,0.003951,3800.673900,4.913302
38.790000,22.000000,226.444992,8.543339,0.801504,0.287361,0.003950,3799.594400,4.911906
38.800000,22.000000,226.530432,8.544037,0.801646,0.287401,0.003949,3798.515256,4.910511
38.810000,22.000000,226.615879,8.544734,0.801788,0.287440,0.003948,3797.436469,4.909116
38.820000,22.000000,226.701334,8.545431,0.801930,0.287480,0.003947,3796.358038,4.907722
38.830000,22.000000,226.786795,8.546128,0.802072,0.287519,0.003947,3795.279964,4.906329
38.840000,22.000000,226.872263,8.546825,0.802214,0.287559,0.003946,3794.202245,4.904935
38.850000,22.000000,226.957738,8.547522,0.802356,0.287598,0.003945,3793.124882,4.903543
38.860000,22.000000,227.043221,8.548218,0.802497,0.287638,0.003944,3792.047875,4.902150
38.870000,22.000000,227.128710,8.548914,0.802639,0.287677,0.003943,3790.971223,4.900758
38.880000,22.000000,227.214206,8.549610,0.802781,0.287716,0.003943,3789.894927,4.899367
38.890000,22.000000,227.299709,8.550306,0.802923,0.287756,0.003942,3788.818985,4.897976
38.900000,22.000000,227.385219,8.551002,0.803065,0.287795,0.003941,3787.743398,4.896586
38.910000,22.000000,227.470736,8.551697,0.803207,0.287835,0.003940,3786.668165,4.895196
38.920000,22.000000,227.556260,8.552392,0.803349,0.287874,0.003939,3785.593286,4.893806
38.930000,22.000000,227.641791,8.553087,0.803491,0.287913,0.003939,3784.518761,4.892417
38.940000,22.000000,227.727329,8.553781,0.803632,0.287953,0.003938,3783.444590,4.891028
38.950000,22.000000,227.812873,8.554475,0.803774,0.287992,0.003937,3782.370772,4.889640
38.960000,22.000000,227.898425,8.555169,0.803916,0.288032,0.003936,3781.297308,4.888253
38.970000,22.000000,227.983984,8.555863,0.804058,0.288071,0.003935,3780.224196,4.886865
38.980000,22.000000,228.069549,8.556557,0.804200,0.288110,0.003935,3779.151438,4.885478
38.990000,22.000000,228.155122,8.557250,0.804342,0.288150,0.003934,3778.079032,4.884092
39.000000,22.000000,228.240701,8.557944,0.804483,0.288189,0.003933,3777.006978,4.882706
39.010000,22.000000,228.326287,8.558637,0.804625,0.288228,0.003932,3775.935276,4.881321
39.020000,22.000000,228.411881,8.559329,0.804767,0.288268,0.003931,3774.863926,4.879936
39.030000,22.000000,228.497481,8.560022,0.804909,0.288307,0.003931,3773.792928,4.878551
39.040000,22.000000,228.583088,8.560714,0.805050,0.288346,0.003930,3772.722281,4.877167
39.050000,22.000000,228.668702,8.561406,0.805192,0.288386,0.003929,3771.651985,4.875784
39.060000,22.000000,228.754323,8.562098,0.805334,0.288425,0.003928,3770.582040,4.874400
39.070000,22.000000,228.839951,8.562789,0.805476,0.288464,0.003927,3769.512446,4.873018
39.080000,22.000000,228.925586,8.563481,0.805617,0.288503,0.003927,3768.443203,4.871635
39.090000,22.000000,229.011228,8.564172,0.805759,0.288543,0.003926,3767.374310,4.870254
39.100000,22.000000,229.096876,8.564863,0.805901,0.288582,0.003925,3766.305766,4.868872
39.110000,22.000000,229.182532,8.565554,0.806043,0.288621,0.003924,3765.237573,4.867491
39.120000,22.000000,229.268194,8.566244,0.806184,0.288660,0.003923,3764.169729,4.866111
39.130000,22.000000,229.353864,8.566934,0.806326,0.288700,0.003923,3763.102234,4.864731
39.140000,22.000000,229.439540,8.567624,0.806468,0.288739,0.003922,3762.035089,4.863351
39.150000,22.000000,229.525223,8.568314,0.806609,0.288778,0.003921,3760.968292,4.861972
39.160000,22.000000,229.610913,8.569004,0.806751,0.288817,0.003920,3759.901844,4.860594
39.170000,22.000000,229.696610,8.569693,0.806893,0.288856,0.003920,3758.835745,4.859215
39.180000,22.000000,229.782314,8.570382,0.807034,0.288896,0.003919,3757.769994,4.857838
39.190000,22.000000,229.868024,8.571071,0.807176,0.288935,0.003918,3756.704591,4.856460
39.200000,22.000000,229.953742,8.571759,0.807318,0.288974,0.003917,3755.639535,4.855084
39.210000,22.000000,230.039466,8.572448,0.807459,0.289013,0.003916,3754.574827,4.853707
39.220000,22.000000,230.125198,8.573136,0.807601,0.289052,0.003916,3753.510467,4.852331
39.230000,22.000000,230.210936,8.573824,0.807742,0.289092,0.003915,3752.446453,4.850956
39.240000,22.000000,230.296681,8.574512,0.807884,0.289131,0.003914,3751.382786,4.849581
39.250000,22.000000,230.382433,8.575199,0.808026,0.289170,0.003913,3750.319466,4.848206
39.260000,22.000000,230.468192,8.575887,0.808167,0.289209,0.003912,3749.256493,4.846832
39.270000,22.000000,230.553958,8.576574,0.808309,0.289248,0.003912,3748.193865,4.845458
39.280000,22.000000,230.639730,8.577261,0.808450,0.289287,0.003911,3747.131584,4.844085
39.290000,22.000000,230.725510,8.577947,0.808592,0.289326,0.003910,3746.069648,4.842712
39.300000,22.000000,230.811296,8.578634,0.808734,0.289365,0.003909,3745.008058,4.841340
39.310000,22.000000,230.897089,8.579320,0.808875,0.289404,0.003908,3743.946813,4.839968
39.320000,22.000000,230.982889,8.580006,0.809017,0.289444,0.003908,3742.885913,4.838596
39.330000,22.000000,231.068696,8.580692,0.809158,0.289483,0.003907,3741.825358,4.837225
39.340000,22.000000,231.154510,8.581377,0.809300,0.289522,0.003906,3740.765148,4.835855
39.350000,22.000000,231.240331,8.582062,0.809441,0.289561,0.003905,3739.705282,4.834485
39.360000,22.000000,231.326158,8.582747,0.809583,0.289600,0.003904,3738.645760,4.833115
39.370000,22.000000,231.411993,8.583432,0.809724,0.289639,0.003904,3737.586582,4.831746
39.380000,22.000000,231.497834,8.584117,0.809866,0.289678,0.003903,3736.527748,4.830377
39.390000,22.000000,231.583682,8.584801,0.810007,0.289717,0.003902,3735.469258,4.829009
39.400000,22.000000,231.669537,8.585485,0.810149,0.289756,0.003901,3734.411110,4.827641
39.410000,22.000000,231.755398,8.586169,0.810290,0.289795,0.003900,3733.353306,4.826273
39.420000,22.000000,231.841267,8.586853,0.810432,0.289834,0.003900,3732.295845,4.824906
39.430000,22.000000,231.927142,8.587537,0.810573,0.289873,0.003899,3731.238726,4.823540
39.440000,22.000000,232.013024,8.588220,0.810715,0.289912,0.003898,3730.181950,4.822173
39.450000,22.000000,232.098913,8.588903,0.810856,0.289951,0.003897,3729.125516,4.820808
39.460000,22.000000,232.184809,8.589586,0.810997,0.289990,0.003896,3728.069423,4.819442
39.470000,22.000000,232.270712,8.590269,0.811139,0.290029,0.003896,3727.013673,4.818078
39.480000,22.000000,232.356621,8.590951,0.811280,0.290068,0.003895,3725.958264,4.816713
39.490000,22.000000,232.442538,8.591633,0.811422,0.290107,0.003894,3724.903196,4.815349
39.500000,22.000000,232.528461,8.592315,0.811563,0.290146,0.003893,3723.848470,4.813986
39.510000,22.000000,232.614391,8.592997,0.811705,0.290185,0.003892,3722.794084,4.812623
39.520000,22.000000,232.700328,8.593678,0.811846,0.290223,0.003892,3721.740039,4.811260
39.530000,22.000000,232.786271,8.594360,0.811987,0.290262,0.003891,3720.686334,4.809898
39.540000,22.000000,232.872222,8.595041,0.812129,0.290301,0.003890,3719.632970,4.808536
39.550000,22.000000,232.958179,8.595722,0.812270,0.290340,0.003889,3718.579945,4.807175
39.560000,22.000000,233.044143,8.596402,0.812411,0.290379,0.003889,3717.527261,4.805814
39.570000,22.000000,233.130114,8.597083,0.812553,0.290418,0.003888,3716.474916,4.804454
39.580000,22.000000,233.216091,8.597763,0.812694,0.290457,0.003887,3715.422910,4.803094
39.590000,22.000000,233.302076,8.598443,0.812835,0.290496,0.003886,3714.371243,4.801734
39.600000,22.000000,233.388067,8.599123,0.812977,0.290535,0.003885,3713.319915,4.800375
39.610000,22.000000,233.474065,8.599802,0.813118,0.290573,0.003885,3712.268926,4.799016
39.620000,22.000000,233.560070,8.600482,0.813259,0.290612,0.003884,3711.218275,4.797658
39.630000,22.000000,233.646082,8.601161,0.813401,0.290651,0.003883,3710.167963,4.796300
39.640000,22.000000,233.732100,8.601840,0.813542,0.290690,0.003882,3709.117988,4.794943
39.650000,22.000000,233.818125,8.602518,0.813683,0.290729,0.003881,3708.068352,4.793586
39.660000,22.000000,233.904157,8.603197,0.813825,0.290768,0.003881,3707.019053,4.792230
39.670000,22.000000,233.990196,8.603875,0.813966,0.290806,0.003880,3705.970091,4.790874
39.680000,22.000000,234.076241,8.604553,0.814107,0.290845,0.003879,3704.921466,4.789518
39.690000,22.000000,234.162294,8.605231,0.814248,0.290884,0.003878,3703.873178,4.788163
39.700000,22.000000,234.248353,8.605908,0.814390,0.290923,0.003877,3702.825228,4.786808
39.710000,22.000000,234.334419,8.606586,0.814531,0.290962,0.003877,3701.777613,4.785454
39.720000,22.000000,234.420491,8.607263,0.814672,0.291000,0.003876,3700.730335,4.784100
39.730000,22.000000,234.506571,8.607940,0.814813,0.291039,0.003875,3699.683393,4.782747
39.740000,22.000000,234.592657,8.608617,0.814955,0.291078,0.003874,3698.636786,4.781394
39.750000,22.000000,234.678750,8.609293,0.815096,0.291117,0.003873,3697.590516,4.780041
39.760000,22.000000,234.764849,8.609969,0.815237,0.291155,0.003873,3696.544581,4.778689
39.770000,22.000000,234.850956,8.610645,0.815378,0.291194,0.003872,3695.498980,4.777337
39.780000,22.000000,234.937069,8.611321,0.815519,0.291233,0.003871,3694.453715,4.775986
39.790000,22.000000,235.023189,8.611997,0.815661,0.291271,0.003870,3693.408785,4.774635
39.800000,22.000000,235.109316,8.612672,0.815802,0.291310,0.003869,3692.364189,4.773285
39.810000,22.000000,235.195449,8.613348,0.815943,0.291349,0.003869,3691.319928,4.771935
39.820000,22.000000,235.281589,8.614023,0.816084,0.291387,0.003868,3690.276001,4.770585
39.830000,22.000000,235.367736,8.614697,0.816225,0.291426,0.003867,3689.232407,4.769236
39.840000,22.000000,235.453890,8.615372,0.816366,0.291465,0.003866,3688.189148,4.767887
39.850000,22.000000,235.540051,8.616046,0.816507,0.291503,0.003866,3687.146221,4.766539
39.860000,22.000000,235.626218,8.616720,0.816649,0.291542,0.003865,3686.103628,4.765191
39.870000,22.000000,235.712392,8.617394,0.816790,0.291581,0.003864,3685.061369,4.763844
39.880000,22.000000,235.798572,8.618068,0.816931,0.291619,0.003863,3684.019442,4.762497
39.890000,22.000000,235.884760,8.618741,0.817072,0.291658,0.003862,3682.977847,4.761151
39.900000,22.000000,235.970954,8.619415,0.817213,0.291697,0.003862,3681.936585,4.759804
39.910000,22.000000,236.057155,8.620088,0.817354,0.291735,0.003861,3680.895655,4.758459
39.920000,22.000000,236.143362,8.620761,0.817495,0.291774,0.003860,3679.855057,4.757114
39.930000,22.000000,236.229577,8.621433,0.817636,0.291812,0.003859,3678.814791,4.755769
39.940000,22.000000,236.315798,8.622106,0.817777,0.291851,0.003858,3677.774857,4.754424
39.950000,22.000000,236.402026,8.622778,0.817918,0.291890,0.003858,3676.735254,4.753080
39.960000,22.000000,236.488260,8.623450,0.818059,0.291928,0.003857,3675.695982,4.751737
39.970000,22.000000,236.574501,8.624121,0.818200,0.291967,0.003856,3674.657041,4.750394
39.980000,22.000000,236.660749,8.624793,0.818342,0.292005,0.003855,3673.618430,4.749051
39.990000,22.000000,236.747004,8.625464,0.818483,0.292044,0.003854,3672.580150,4.747709
40.000000,22.000000,236.833265,8.626135,0.818624,0.292082,0.003854,3671.542201,4.746367
40.010000,22.000000,236.919533,8.626806,0.818765,0.292121,0.003853,3670.504581,4.745026
40.020000,22.000000,237.005808,8.627477,0.818906,0.292160,0.003852,3669.467292,4.743685
40.030000,22.000000,237.092090,8.628148,0.819047,0.292198,0.003851,3668.430332,4.742344
40.040000,22.000000,237.178378,8.628818,0.819188,0.292237,0.003851,3667.393701,4.741004
40.050000,22.000000,237.264673,8.629488,0.819329,0.292275,0.003850,3666.357400,4.739665
40.060000,22.000000,237.350974,8.630158,0.819470,0.292314,0.003849,3665.321428,4.738325
40.070000,22.000000,237.437283,8.630827,0.819610,0.292352,0.003848,3664.285784,4.736986
40.080000,22.000000,237.523597,8.631497,0.819751,0.292390,0.003847,3663.250469,4.735648
40.090000,22.000000,237.609919,8.632166,0.819892,0.292429,0.003847,3662.215483,4.734310
40.100000,22.000000,237.696247,8.632835,0.820033,0.292467,0.003846,3661.180824,4.732973
40.110000,22.000000,237.782583,8.633504,0.820174,0.292506,0.003845,3660.146494,4.731635
40.120000,22.000000,237.868924,8.634172,0.820315,0.292544,0.003844,3659.112491,4.730299
40.130000,22.000000,237.955273,8.634841,0.820456,0.292583,0.003843,3658.078816,4.728962
40.140000,22.000000,238.041628,8.635509,0.820597,0.292621,0.003843,3657.045469,4.727627
40.150000,22.000000,238.127989,8.636177,0.820738,0.292660,0.003842,3656.012448,4.726291
40.160000,22.000000,238.214358,8.636844,0.820879,0.292698,0.003841,3654.979754,4.724956
40.170000,22.000000,238.300733,8.637512,0.821020,0.292736,0.003840,3653.947388,4.723622
40.180000,22.000000,238.387115,8.638179,0.821161,0.292775,0.003839,3652.915347,4.722287
40.190000,22.000000,238.473503,8.638846,0.821301,0.292813,0.003839,3651.883633,4.720954
40.200000,22.000000,238.559898,8.639513,0.821442,0.292852,0.003838,3650.852245,4.719620
40.210000,22.000000,238.646300,8.640180,0.821583,0.292890,0.003837,3649.821183,4.718287
40.220000,22.000000,238.732709,8.640846,0.821724,0.292928,0.003836,3648.790446,4.716955
40.230000,22.000000,238.819124,8.641513,0.821865,0.292967,0.003836,3647.760035,4.715623
40.240000,22.000000,238.905546,8.642179,0.822006,0.293005,0.003835,3646.729950,4.714291
40.250000,22.000000,238.991974,8.642844,0.822147,0.293043,0.003834,3645.700189,4.712960
40.260000,22.000000,239.078409,8.643510,0.822287,0.293082,0.003833,3644.670753,4.711629
40.270000,22.000000,239.164851,8.644175,0.822428,0.293120,0.003832,3643.641642,4.710299
40.280000,22.000000,239.251299,8.644841,0.822569,0.293158,0.003832,3642.612855,4.708969
40.290000,22.000000,239.337754,8.645506,0.822710,0.293197,0.003831,3641.584392,4.707639
40.300000,22.000000,239.424216,8.646170,0.822851,0.293235,0.003830,3640.556254,4.706310
40.310000,22.000000,239.510684,8.646835,0.822991,0.293273,0.003829,3639.528439,4.704982
40.320000,22.000000,239.597159,8.647499,0.823132,0.293312,0.003828,3638.500948,4.703653
40.330000,22.000000,239.683641,8.648163,0.823273,0.293350,0.003828,3637.473780,4.702325
40.340000,22.000000,239.770129,8.648827,0.823414,0.293388,0.003827,3636.446936,4.700998
40.350000,22.000000,239.856624,8.649491,0.823554,0.293426,0.003826,3635.420414,4.699671
40.360000,22.000000,239.943126,8.650155,0.823695,0.293465,0.003825,3634.394215,4.698344
40.370000,22.000000,240.029634,8.650818,0.823836,0.293503,0.003825,3633.368339,4.697018
40.380000,22.000000,240.116149,8.651481,0.823977,0.293541,0.003824,3632.342785,4.695692
40.390000,22.000000,240.202670,8.652144,0.824117,0.293579,0.003823,3631.317554,4.694367
40.400000,22.000000,240.289198,8.652807,0.824258,0.293618,0.003822,3630.292644,4.693042
40.410000,22.000000,240.375733,8.653469,0.824399,0.293656,0.003821,3629.268056,4.691717
40.420000,22.000000,240.462274,8.654131,0.824540,0.293694,0.003821,3628.243789,4.690393
40.430000,22.000000,240.548822,8.654793,0.824680,0.293732,0.003820,3627.219844,4.689070
40.440000,22.000000,240.635377,8.655455,0.824821,0.293770,0.003819,3626.196220,4.687746
40.450000,22.000000,240.721938,8.656117,0.824962,0.293809,0.003818,3625.172917,4.686424
40.460000,22.000000,240.808506,8.656778,0.825102,0.293847,0.003817,3624.149935,4.685101
40.470000,22.000000,240.895080,8.657440,0.825243,0.293885,0.003817,3623.127273,4.683779
40.480000,22.000000,240.981661,8.658101,0.825384,0.293923,0.003816,3622.104932,4.682457
40.490000,22.000000,241.068249,8.658761,0.825524,0.293961,0.003815,3621.082911,4.681136
40.500000,22.000000,241.154843,8.659422,0.825665,0.294000,0.003814,3620.061209,4.679815
40.510000,22.000000,241.241444,8.660082,0.825806,0.294038,0.003814,3619.039827,4.678495
40.520000,22.000000,241.328051,8.660743,0.825946,0.294076,0.003813,3618.018765,4.677175
40.530000,22.000000,241.414665,8.661403,0.826087,0.294114,0.003812,3616.998022,4.675855
40.540000,22.000000,241.501286,8.662062,0.826227,0.294152,0.003811,3615.977599,4.674536
40.550000,22.000000,241.587913,8.662722,0.826368,0.294190,0.003810,3614.957494,4.673218
40.560000,22.000000,241.674547,8.663381,0.826509,0.294228,0.003810,3613.937708,4.671899
40.570000,22.000000,241.761187,8.664040,0.826649,0.294266,0.003809,3612.918240,4.670581
40.580000,22.000000,241.847834,8.664699,0.826790,0.294304,0.003808,3611.899091,4.669264
40.590000,22.000000,241.934488,8.665358,0.826930,0.294342,0.003807,3610.880259,4.667947
40.600000,22.000000,242.021148,8.666017,0.827071,0.294381,0.003806,3609.861746,4.666630
40.610000,22.000000,242.107815,8.666675,0.827211,0.294419,0.003806,3608.843550,4.665314
40.620000,22.000000,242.194488,8.667333,0.827352,0.294457,0.003805,3607.825672,4.663998
40.630000,22.000000,242.281168,8.667991,0.827493,0.294495,0.003804,3606.808111,4.662683
40.640000,22.000000,242.367855,8.668649,0.827633,0.294533,0.003803,3605.790867,4.661367
40.650000,22.000000,242.454548,8.669306,0.827774,0.294571,0.003803,3604.773940,4.660053
40.660000,22.000000,242.541247,8.669964,0.827914,0.294609,0.003802,3603.757330,4.658739
40.670000,22.000000,242.627953,8.670621,0.828055,0.294647,0.003801,3602.741036,4.657425
40.680000,22.000000,242.714666,8.671278,0.828195,0.294685,0.003800,3601.725059,4.656111
40.690000,22.000000,242.801386,8.671934,0.828336,0.294723,0.003799,3600.709397,4.654798
40.700000,22.000000,242.888111,8.672591,0.828476,0.294761,0.003799,3599.694052,4.653486
40.710000,22.000000,242.974844,8.673247,0.828617,0.294799,0.003798,3598.679022,4.652174
40.720000,22.000000,243.061583,8.673903,0.828757,0.294837,0.003797,3597.664307,4.650862
40.730000,22.000000,243.148329,8.674559,0.828898,0.294875,0.003796,3596.649908,4.649551
40.740000,22.000000,243.235081,8.675215,0.829038,0.294913,0.003795,3595.635824,4.648240
40.750000,22.000000,243.321839,8.675870,0.829178,0.294951,0.003795,3594.622055,4.646929
40.760000,22.000000,243.408605,8.676526,0.829319,0.294989,0.003794,3593.608600,4.645619
40.770000,22.000000,243.495376,8.677181,0.829459,0.295027,0.003793,3592.595460,4.644309
40.780000,22.000000,243.582155,8.677836,0.829600,0.295064,0.003792,3591.582635,4.643000
40.790000,22.000000,243.668940,8.678490,0.829740,0.295102,0.003792,3590.570123,4.641691
40.800000,22.000000,243.755731,8.679145,0.829881,0.295140,0.003791,3589.557925,4.640382
40.810000,22.000000,243.842529,8.679799,0.830021,0.295178,0.003790,3588.546041,4.639074
40.820000,22.000000,243.929334,8.680453,0.830161,0.295216,0.003789,3587.534471,4.637767
40.830000,22.000000,244.016145,8.681107,0.830302,0.295254,0.003788,3586.523214,4.636459
40.840000,22.000000,244.102962,8.681761,0.830442,0.295292,0.003788,3585.512269,4.635152
40.850000,22.000000,244.189787,8.682414,0.830583,0.295330,0.003787,3584.501638,4.633846
40.860000,22.000000,244.276617,8.683067,0.830723,0.295368,0.003786,3583.491319,4.632540
40.870000,22.000000,244.363454,8.683720,0.830863,0.295405,0.003785,3582.481313,4.631234
40.880000,22.000000,244.450298,8.684373,0.831004,0.295443,0.003785,3581.471620,4.629929
40.890000,22.000000,244.537148,8.685026,0.831144,0.295481,0.003784,3580.462238,4.628624
40.900000,22.000000,244.624005,8.685678,0.831284,0.295519,0.003783,3579.453168,4.627320
40.910000,22.000000,244.710868,8.686330,0.831425,0.295557,0.003782,3578.444410,4.626015
40.920000,22.000000,244.797738,8.686982,0.831565,0.295595,0.003781,3577.435964,4.624712
40.930000,22.000000,244.884615,8.687634,0.831705,0.295632,0.003781,3576.427828,4.623409
40.940000,22.000000,244.971497,8.688286,0.831846,0.295670,0.003780,3575.420004,4.622106
40.950000,22.000000,245.058387,8.688937,0.831986,0.295708,0.003779,3574.412491,4.620803
40.960000,22.000000,245.145283,8.689589,0.832126,0.295746,0.003778,3573.405289,4.619501
40.970000,22.000000,245.232185,8.690240,0.832267,0.295784,0.003777,3572.398397,4.618200
40.980000,22.000000,245.319094,8.690890,0.832407,0.295821,0.003777,3571.391815,4.616898
40.990000,22.000000,245.406009,8.691541,0.832547,0.295859,0.003776,3570.385544,4.615597
41.000000,0.000000,245.492931,8.692192,0.832687,0.295897,0.003775,3569.379582,4.614297
41.010000,0.000000,245.492931,0.000000,0.832687,0.295897,0.000000,3569.379582,4.614297
41.020000,0.000000,245.492931,0.000000,0.832687,0.295897,0.000000,3569.379582,4.614297
41.030000,0.000000,245.492931,0.000000,0.832687,0.295897,0.000000,3569.379582,4.614297
41.040000,0.000000,245.492931,0.000000,0.832687,0.295897,0.000000,3569.379582,4.614297
41.050000,0.000000,245.492931,0.000000,0.832687,0.295897,0.000000,3569.379582,4.614297
41.060000,0.000000,245.492931,0.000000,0.832687,0.295897,0.000000,3569.379582,4.614297
41.070000,0.000000,245.492931,0.000000,0.832687,0.295897,0.000000,3569.379582,4.614297
41.080000,0.000000,245.492931,0.000000,0.832687,0.295897,0.000000,3569.379582,4.614297
41.090000,0.000000,245.492931,0.000000,0.832687,0.295897,0.000000,3569.379582,4.614297
41.100000,0.000000,245.492931,0.000000,0.832687,0.295897,0.000000,3569.379582,4.614297
41.110000,0.000000,245.492931,0.000000,0.832687,0.295897,0.000000,3569.379582,4.614297
41.120000,0.000000,245.492931,0.000000,0.832687,0.295897,0.000000,3569.379582,4.614297
41.130000,0.000000,245.492931,0.000000,0.832687,0.295897,0.000000,3569.379582,4.614297
41.140000,0.000000,245.492931,0.000000,0.832687,0.295897,0.000000,3569.379582,4.614297
41.150000,0.000000,245.492931,0.000000,0.832687,0.295897,0.000000,3569.379582,4.614297
41.160000,0.000000,245.492931,0.000000,0.832687,0.295897,0.000000,3569.379582,4.614297
41.170000,0.000000,245.492931,0.000000,0.832687,0.295897,0.000000,3569.379582,4.614297
41.180000,0.000000,245.492931,0.000000,0.832687,0.295897,0.000000,3569.379582,4.614297
41.190000,0.000000,245.492931,0.000000,0.832687,0.295897,0.000000,3569.379582,4.614297
41.200000,0.000000,245.492931,0.000000,0.832687,0.295897,0.000000,3569.379582,4.614297
41.210000,0.000000,245.492931,0.000000,0.832687,0.295897,0.000000,3569.379582,4.614297
41.220000,0.000000,245.492931,0.000000,0.832687,0.295897,0.000000,3569.379582,4.614297
41.230000,0.000000,245.492931,0.000000,0.832687,0.295897,0.000000,3569.379582,4.614297
41.240000,0.000000,245.492931,0.000000,0.832687,0.295897,0.000000,3569.379582,4.614297
41.250000,0.000000,245.492931,0.000000,0.832687,0.295897,0.000000,3569.379582,4.614297
41.260000,0.000000,245.492931,0.000000,0.832687,0.295897,0.000000,3569.379582,4.614297
41.270000,0.000000,245.492931,0.000000,0.832687,0.295897,0.000000,3569.379582,4.614297
41.280000,0.000000,245.492931,0.000000,0.832687,0.295897,0.000000,3569.379582,4.614297
41.290000,0.000000,245.492931,0.000000,0.832687,0.295897,0.000000,3569.379582,4.614297
41.300000,0.000000,245.492931,0.000000,0.832687,0.295897,0.000000,3569.379582,4.614297
41.310000,0.000000,245.492931,0.000000,0.832687,0.295897,0.000000,3569.379582,4.614297
41.320000,0.000000,245.492931,0.000000,0.832687,0.295897,0.000000,3569.379582,4.614297
41.330000,0.000000,245.492931,0.000000,0.832687,0.295897,0.000000,3569.379582,4.614297
41.340000,0.000000,245.492931,0.000000,0.832687,0.295897,0.000000,3569.379582,4.614297
41.350000,0.000000,245.492931,0.000000,0.832687,0.295897,0.000000,3569.379582,4.614297
41.360000,0.000000,245.492931,0.000000,0.832687,0.295897,0.000000,3569.379582,4.614297
41.370000,0.000000,245.492931,0.000000,0.832687,0.295897,0.000000,3569.379582,4.614297
41.380000,0.000000,245.492931,0.000000,0.832687,0.295897,0.000000,3569.379582,4.614297
41.390000,0.000000,245.492931,0.000000,0.832687,0.295897,0.000000,3569.379582,4.614297
41.400000,0.000000,245.492931,0.000000,0.832687,0.295897,0.000000,3569.379582,4.614297
41.410000,0.000000,245.492931,0.000000,0.832687,0.295897,0.000000,3569.379582,4.614297
41.420000,0.000000,245.492931,0.000000,0.832687,0.295897,0.000000,3569.379582,4.614297
41.430000,0.000000,245.492931,0.000000,0.832687,0.295897,0.000000,3569.379582,4.614297
41.440000,0.000000,245.492931,0.000000,0.832687,0.295897,0.000000,3569.379582,4.614297
41.450000,0.000000,245.492931,0.000000,0.832687,0.295897,0.000000,3569.379582,4.614297
41.460000,0.000000,245.492931,0.000000,0.832687,0.295897,0.000000,3569.379582,4.614297
41.470000,0.000000,245.492931,0.000000,0.832687,0.295897,0.000000,3569.379582,4.614297
41.480000,0.000000,245.492931,0.000000,0.832687,0.295897,0.000000,3569.379582,4.614297
41.490000,0.000000,245.492931,0.000000,0.832687,0.295897,0.000000,3569.379582,4.614297
41.500000,0.000000,245.492931,0.000000,0.832687,0.295897,0.000000,3569.379582,4.614297
41.510000,0.000000,245.492931,0.000000,0.832687,0.295897,0.000000,3569.379582,4.614297
41.520000,0.000000,245.492931,0.000000,0.832687,0.295897,0.000000,3569.379582,4.614297
41.530000,0.000000,245.492931,0.000000,0.832687,0.295897,0.000000,3569.379582,4.614297
41.540000,0.000000,245.492931,0.000000,0.832687,0.295897,0.000000,3569.379582,4.614297
41.550000,0.000000,245.492931,0.000000,0.832687,0.295897,0.000000,3569.379582,4.614297
41.560000,0.000000,245.492931,0.000000,0.832687,0.295897,0.000000,3569.379582,4.614297
41.570000,0.000000,245.492931,0.000000,0.832687,0.295897,0.000000,3569.379582,4.614297
41.580000,0.000000,245.492931,0.000000,0.832687,0.295897,0.000000,3569.379582,4.614297
41.590000,0.000000,245.492931,0.000000,0.832687,0.295897,0.000000,3569.379582,4.614297
41.600000,0.000000,245.492931,0.000000,0.832687,0.295897,0.000000,3569.379582,4.614297
41.610000,0.000000,245.492931,0.000000,0.832687,0.295897,0.000000,3569.379582,4.614297
41.620000,0.000000,245.492931,0.000000,0.832687,0.295897,0.000000,3569.379582,4.614297
41.630000,0.000000,245.492931,0.000000,0.832687,0.295897,0.000000,3569.379582,4.614297
41.640000,0.000000,245.492931,0.000000,0.832687,0.295897,0.000000,3569.379582,4.614297
41.650000,0.000000,245.492931,0.000000,0.832687,0.295897,0.000000,3569.379582,4.614297
41.660000,0.000000,245.492931,0.000000,0.832687,0.295897,0.000000,3569.379582,4.614297
41.670000,0.000000,245.492931,0.000000,0.832687,0.295897,0.000000,3569.379582,4.614297
41.680000,0.000000,245.492931,0.000000,0.832687,0.295897,0.000000,3569.379582,4.614297
41.690000,0.000000,245.492931,0.000000,0.832687,0.295897,0.000000,3569.379582,4.614297
41.700000,0.000000,245.492931,0.000000,0.832687,0.295897,0.000000,3569.379582,4.614297
41.710000,0.000000,245.492931,0.000000,0.832687,0.295897,0.000000,3569.379582,4.614297
41.720000,0.000000,245.492931,0.000000,0.832687,0.295897,0.000000,3569.379582,4.614297
41.730000,0.000000,245.492931,0.000000,0.832687,0.295897,0.000000,3569.379582,4.614297
41.740000,0.000000,245.492931,0.000000,0.832687,0.295897,0.000000,3569.379582,4.614297
41.750000,0.000000,245.492931,0.000000,0.832687,0.295897,0.000000,3569.379582,4.614297
41.760000,0.000000,245.492931,0.000000,0.832687,0.295897,0.000000,3569.379582,4.614297
41.770000,0.000000,245.492931,0.000000,0.832687,0.295897,0.000000,3569.379582,4.614297
41.780000,0.000000,245.492931,0.000000,0.832687,0.295897,0.000000,3569.379582,4.614297
41.790000,0.000000,245.492931,0.000000,0.832687,0.295897,0.000000,3569.379582,4.614297
41.800000,0.000000,245.492931,0.000000,0.832687,0.295897,0.000000,3569.379582,4.614297
41.810000,0.000000,245.492931,0.000000,0.832687,0.295897,0.000000,3569.379582,4.614297
41.820000,0.000000,245.492931,0.000000,0.832687,0.295897,0.000000,3569.379582,4.614297
41.830000,0.000000,245.492931,0.000000,0.832687,0.295897,0.000000,3569.379582,4.614297
41.840000,0.000000,245.492931,0.000000,0.832687,0.295897,0.000000,3569.379582,4.614297
41.850000,0.000000,245.492931,0.000000,0.832687,0.295897,0.000000,3569.379582,4.614297
41.860000,0.000000,245.492931,0.000000,0.832687,0.295897,0.000000,3569.379582,4.614297
41.870000,0.000000,245.492931,0.000000,0.832687,0.295897,0.000000,3569.379582,4.614297
41.880000,0.000000,245.492931,0.000000,0.832687,0.295897,0.000000,3569.379582,4.614297
41.890000,0.000000,245.492931,0.000000,0.832687,0.295897,0.000000,3569.379582,4.614297
41.900000,0.000000,245.492931,0.000000,0.832687,0.295897,0.000000,3569.379582,4.614297
41.910000,0.000000,245.492931,0.000000,0.832687,0.295897,0.000000,3569.379582,4.614297
41.920000,0.000000,245.492931,0.000000,0.832687,0.295897,0.000000,3569.379582,4.614297
41.930000,0.000000,245.492931,0.000000,0.832687,0.295897,0.000000,3569.379582,4.614297
41.940000,0.000000,245.492931,0.000000,0.832687,0.295897,0.000000,3569.379582,4.614297
41.950000,0.000000,245.492931,0.000000,0.832687,0.295897,0.000000,3569.379582,4.614297
41.960000,0.000000,245.492931,0.000000,0.832687,0.295897,0.000000,3569.379582,4.614297
41.970000,0.000000,245.492931,0.000000,0.832687,0.295897,0.000000,3569.379582,4.614297
41.980000,0.000000,245.492931,0.000000,0.832687,0.295897,0.000000,3569.379582,4.614297
41.990000,0.000000,245.492931,0.000000,0.832687,0.295897,0.000000,3569.379582,4.614297
42.000000,0.000000,245.492931,0.000000,0.832687,0.295897,0.000000,3569.379582,4.614297
42.010000,0.000000,245.492931,0.000000,0.832687,0.295897,0.000000,3569.379582,4.614297
42.020000,0.000000,245.492931,0.000000,0.832687,0.295897,0.000000,3569.379582,4.614297
42.030000,0.000000,245.492931,0.000000,0.832687,0.295897,0.000000,3569.379582,4.614297
42.040000,0.000000,245.492931,0.000000,0.832687,0.295897,0.000000,3569.379582,4.614297
42.050000,0.000000,245.492931,0.000000,0.832687,0.295897,0.000000,3569.379582,4.614297
42.060000,0.000000,245.492931,0.000000,0.832687,0.295897,0.000000,3569.379582,4.614297
42.070000,0.000000,245.492931,0.000000,0.832687,0.295897,0.000000,3569.379582,4.614297
42.080000,0.000000,245.492931,0.000000,0.832687,0.295897,0.000000,3569.379582,4.614297
42.090000,0.000000,245.492931,0.000000,0.832687,0.295897,0.000000,3569.379582,4.614297
42.100000,0.000000,245.492931,0.000000,0.832687,0.295897,0.000000,3569.379582,4.614297
42.110000,0.000000,245.492931,0.000000,0.832687,0.295897,0.000000,3569.379582,4.614297
42.120000,0.000000,245.492931,0.000000,0.832687,0.295897,0.000000,3569.379582,4.614297
42.130000,0.000000,245.492931,0.000000,0.832687,0.295897,0.000000,3569.379582,4.614297
42.140000,0.000000,245.492931,0.000000,0.832687,0.295897,0.000000,3569.379582,4.614297
42.150000,0.000000,245.492931,0.000000,0.832687,0.295897,0.000000,3569.379582,4.614297
42.160000,0.000000,245.492931,0.000000,0.832687,0.295897,0.000000,3569.379582,4.614297
42.170000,0.000000,245.492931,0.000000,0.832687,0.295897,0.000000,3569.379582,4.614297
42.180000,0.000000,245.492931,0.000000,0.832687,0.295897,0.000000,3569.379582,4.614297
42.190000,0.000000,245.492931,0.000000,0.832687,0.295897,0.000000,3569.379582,4.614297
42.200000,0.000000,245.492931,0.000000,0.832687,0.295897,0.000000,3569.379582,4.614297
42.210000,0.000000,245.492931,0.000000,0.832687,0.295897,0.000000,3569.379582,4.614297
42.220000,0.000000,245.492931,0.000000,0.832687,0.295897,0.000000,3569.379582,4.614297
42.230000,0.000000,245.492931,0.000000,0.832687,0.295897,0.000000,3569.379582,4.614297
42.240000,0.000000,245.492931,0.000000,0.832687,0.295897,0.000000,3569.379582,4.614297
42.250000,0.000000,245.492931,0.000000,0.832687,0.295897,0.000000,3569.379582,4.614297
42.260000,0.000000,245.492931,0.000000,0.832687,0.295897,0.000000,3569.379582,4.614297
42.270000,0.000000,245.492931,0.000000,0.832687,0.295897,0.000000,3569.379582,4.614297
42.280000,0.000000,245.492931,0.000000,0.832687,0.295897,0.000000,3569.379582,4.614297
42.290000,0.000000,245.492931,0.000000,0.832687,0.295897,0.000000,3569.379582,4.614297
42.300000,0.000000,245.492931,0.000000,0.832687,0.295897,0.000000,3569.379582,4.614297
42.310000,0.000000,245.492931,0.000000,0.832687,0.295897,0.000000,3569.379582,4.614297
42.320000,0.000000,245.492931,0.000000,0.832687,0.295897,0.000000,3569.379582,4.614297
42.330000,0.000000,245.492931,0.000000,0.832687,0.295897,0.000000,3569.379582,4.614297
42.340000,0.000000,245.492931,0.000000,0.832687,0.295897,0.000000,3569.379582,4.614297
42.350000,0.000000,245.492931,0.000000,0.832687,0.295897,0.000000,3569.379582,4.614297
42.360000,0.000000,245.492931,0.000000,0.832687,0.295897,0.000000,3569.379582,4.614297
42.370000,0.000000,245.492931,0.000000,0.832687,0.295897,0.000000,3569.379582,4.614297
42.380000,0.000000,245.492931,0.000000,0.832687,0.295897,0.000000,3569.379582,4.614297
42.390000,0.000000,245.492931,0.000000,0.832687,0.295897,0.000000,3569.379582,4.614297
42.400000,0.000000,245.492931,0.000000,0.832687,0.295897,0.000000,3569.379582,4.614297
42.410000,0.000000,245.492931,0.000000,0.832687,0.295897,0.000000,3569.379582,4.614297
42.420000,0.000000,245.492931,0.000000,0.832687,0.295897,0.000000,3569.379582,4.614297
42.430000,0.000000,245.492931,0.000000,0.832687,0.295897,0.000000,3569.379582,4.614297
42.440000,0.000000,245.492931,0.000000,0.832687,0.295897,0.000000,3569.379582,4.614297
42.450000,0.000000,245.492931,0.000000,0.832687,0.295897,0.000000,3569.379582,4.614297
42.460000,0.000000,245.492931,0.000000,0.832687,0.295897,0.000000,3569.379582,4.614297
42.470000,0.000000,245.492931,0.000000,0.832687,0.295897,0.000000,3569.379582,4.614297
42.480000,0.000000,245.492931,0.000000,0.832687,0.295897,0.000000,3569.379582,4.614297
42.490000,0.000000,245.492931,0.000000,0.832687,0.295897,0.000000,3569.379582,4.614297
42.500000,0.000000,245.492931,0.000000,0.832687,0.295897,0.000000,3569.379582,4.614297
42.510000,0.000000,245.492931,0.000000,0.832687,0.295897,0.000000,3569.379582,4.614297
42.520000,0.000000,245.492931,0.000000,0.832687,0.295897,0.000000,3569.379582,4.614297
42.530000,0.000000,245.492931,0.000000,0.832687,0.295897,0.000000,3569.379582,4.614297
42.540000,0.000000,245.492931,0.000000,0.832687,0.295897,0.000000,3569.379582,4.614297
42.550000,0.000000,245.492931,0.000000,0.832687,0.295897,0.000000,3569.379582,4.614297
42.560000,0.000000,245.492931,0.000000,0.832687,0.295897,0.000000,3569.379582,4.614297
42.570000,0.000000,245.492931,0.000000,0.832687,0.295897,0.000000,3569.379582,4.614297
42.580000,0.000000,245.492931,0.000000,0.832687,0.295897,0.000000,3569.379582,4.614297
42.590000,0.000000,245.492931,0.000000,0.832687,0.295897,0.000000,3569.379582,4.614297
42.600000,0.000000,245.492931,0.000000,0.832687,0.295897,0.000000,3569.379582,4.614297
42.610000,0.000000,245.492931,0.000000,0.832687,0.295897,0.000000,3569.379582,4.614297
42.620000,0.000000,245.492931,0.000000,0.832687,0.295897,0.000000,3569.379582,4.614297
42.630000,0.000000,245.492931,0.000000,0.832687,0.295897,0.000000,3569.379582,4.614297
42.640000,0.000000,245.492931,0.000000,0.832687,0.295897,0.000000,3569.379582,4.614297
42.650000,0.000000,245.492931,0.000000,0.832687,0.295897,0.000000,3569.379582,4.614297
42.660000,0.000000,245.492931,0.000000,0.832687,0.295897,0.000000,3569.379582,4.614297
42.670000,0.000000,245.492931,0.000000,0.832687,0.295897,0.000000,3569.379582,4.614297
42.680000,0.000000,245.492931,0.000000,0.832687,0.295897,0.000000,3569.379582,4.614297
42.690000,0.000000,245.492931,0.000000,0.832687,0.295897,0.000000,3569.379582,4.614297
42.700000,0.000000,245.492931,0.000000,0.832687,0.295897,0.000000,3569.379582,4.614297
42.710000,0.000000,245.492931,0.000000,0.832687,0.295897,0.000000,3569.379582,4.614297
42.720000,0.000000,245.492931,0.000000,0.832687,0.295897,0.000000,3569.379582,4.614297
42.730000,0.000000,245.492931,0.000000,0.832687,0.295897,0.000000,3569.379582,4.614297
42.740000,0.000000,245.492931,0.000000,0.832687,0.295897,0.000000,3569.379582,4.614297
42.750000,0.000000,245.492931,0.000000,0.832687,0.295897,0.000000,3569.379582,4.614297
42.760000,0.000000,245.492931,0.000000,0.832687,0.295897,0.000000,3569.379582,4.614297
42.770000,0.000000,245.492931,0.000000,0.832687,0.295897,0.000000,3569.379582,4.614297
42.780000,0.000000,245.492931,0.000000,0.832687,0.295897,0.000000,3569.379582,4.614297
42.790000,0.000000,245.492931,0.000000,0.832687,0.295897,0.000000,3569.379582,4.614297
42.800000,0.000000,245.492931,0.000000,0.832687,0.295897,0.000000,3569.379582,4.614297
42.810000,0.000000,245.492931,0.000000,0.832687,0.295897,0.000000,3569.379582,4.614297
42.820000,0.000000,245.492931,0.000000,0.832687,0.295897,0.000000,3569.379582,4.614297
42.830000,0.000000,245.492931,0.000000,0.832687,0.295897,0.000000,3569.379582,4.614297
42.840000,0.000000,245.492931,0.000000,0.832687,0.295897,0.000000,3569.379582,4.614297
42.850000,0.000000,245.492931,0.000000,0.832687,0.295897,0.000000,3569.379582,4.614297
42.860000,0.000000,245.492931,0.000000,0.832687,0.295897,0.000000,3569.379582,4.614297
42.870000,0.000000,245.492931,0.000000,0.832687,0.295897,0.000000,3569.379582,4.614297
42.880000,0.000000,245.492931,0.000000,0.832687,0.295897,0.000000,3569.379582,4.614297
42.890000,0.000000,245.492931,0.000000,0.832687,0.295897,0.000000,3569.379582,4.614297
42.900000,0.000000,245.492931,0.000000,0.832687,0.295897,0.000000,3569.379582,4.614297
42.910000,0.000000,245.492931,0.000000,0.832687,0.295897,0.000000,3569.379582,4.614297
42.920000,0.000000,245.492931,0.000000,0.832687,0.295897,0.000000,3569.379582,4.614297
42.930000,0.000000,245.492931,0.000000,0.832687,0.295897,0.000000,3569.379582,4.614297
42.940000,0.000000,245.492931,0.000000,0.832687,0.295897,0.000000,3569.379582,4.614297
42.950000,0.000000,245.492931,0.000000,0.832687,0.295897,0.000000,3569.379582,4.614297
42.960000,0.000000,245.492931,0.000000,0.832687,0.295897,0.000000,3569.379582,4.614297
42.970000,0.000000,245.492931,0.000000,0.832687,0.295897,0.000000,3569.379582,4.614297
42.980000,0.000000,245.492931,0.000000,0.832687,0.295897,0.000000,3569.379582,4.614297
42.990000,0.000000,245.492931,0.000000,0.832687,0.295897,0.000000,3569.379582,4.614297
43.000000,0.000000,245.492931,0.000000,0.832687,0.295897,0.000000,3569.379582,4.614297
43.010000,0.000000,245.492931,0.000000,0.832687,0.295897,0.000000,3569.379582,4.614297
43.020000,0.000000,245.492931,0.000000,0.832687,0.295897,0.000000,3569.379582,4.614297
43.030000,0.000000,245.492931,0.000000,0.832687,0.295897,0.000000,3569.379582,4.614297
43.040000,0.000000,245.492931,0.000000,0.832687,0.295897,0.000000,3569.379582,4.614297
43.050000,0.000000,245.492931,0.000000,0.832687,0.295897,0.000000,3569.379582,4.614297
43.060000,0.000000,245.492931,0.000000,0.832687,0.295897,0.000000,3569.379582,4.614297
43.070000,0.000000,245.492931,0.000000,0.832687,0.295897,0.000000,3569.379582,4.614297
43.080000,0.000000,245.492931,0.000000,0.832687,0.295897,0.000000,3569.379582,4.614297
43.090000,0.000000,245.492931,0.000000,0.832687,0.295897,0.000000,3569.379582,4.614297
43.100000,0.000000,245.492931,0.000000,0.832687,0.295897,0.000000,3569.379582,4.614297
43.110000,0.000000,245.492931,0.000000,0.832687,0.295897,0.000000,3569.379582,4.614297
43.120000,0.000000,245.492931,0.000000,0.832687,0.295897,0.000000,3569.379582,4.614297
43.130000,0.000000,245.492931,0.000000,0.832687,0.295897,0.000000,3569.379582,4.614297
43.140000,0.000000,245.492931,0.000000,0.832687,0.295897,0.000000,3569.379582,4.614297
43.150000,0.000000,245.492931,0.000000,0.832687,0.295897,0.000000,3569.379582,4.614297
43.160000,0.000000,245.492931,0.000000,0.832687,0.295897,0.000000,3569.379582,4.614297
43.170000,0.000000,245.492931,0.000000,0.832687,0.295897,0.000000,3569.379582,4.614297
43.180000,0.000000,245.492931,0.000000,0.832687,0.295897,0.000000,3569.379582,4.614297
43.190000,0.000000,245.492931,0.000000,0.832687,0.295897,0.000000,3569.379582,4.614297
43.200000,0.000000,245.492931,0.000000,0.832687,0.295897,0.000000,3569.379582,4.614297
43.210000,0.000000,245.492931,0.000000,0.832687,0.295897,0.000000,3569.379582,4.614297
43.220000,0.000000,245.492931,0.000000,0.832687,0.295897,0.000000,3569.379582,4.614297
43.230000,0.000000,245.492931,0.000000,0.832687,0.295897,0.000000,3569.379582,4.614297
43.240000,0.000000,245.492931,0.000000,0.832687,0.295897,0.000000,3569.379582,4.614297
43.250000,0.000000,245.492931,0.000000,0.832687,0.295897,0.000000,3569.379582,4.614297
43.260000,0.000000,245.492931,0.000000,0.832687,0.295897,0.000000,3569.379582,4.614297
43.270000,0.000000,245.492931,0.000000,0.832687,0.295897,0.000000,3569.379582,4.614297
43.280000,0.000000,245.492931,0.000000,0.832687,0.295897,0.000000,3569.379582,4.614297
43.290000,0.000000,245.492931,0.000000,0.832687,0.295897,0.000000,3569.379582,4.614297
43.300000,0.000000,245.492931,0.000000,0.832687,0.295897,0.000000,3569.379582,4.614297
43.310000,0.000000,245.492931,0.000000,0.832687,0.295897,0.000000,3569.379582,4.614297
43.320000,0.000000,245.492931,0.000000,0.832687,0.295897,0.000000,3569.379582,4.614297
43.330000,0.000000,245.492931,0.000000,0.832687,0.295897,0.000000,3569.379582,4.614297
43.340000,0.000000,245.492931,0.000000,0.832687,0.295897,0.000000,3569.379582,4.614297
43.350000,0.000000,245.492931,0.000000,0.832687,0.295897,0.000000,3569.379582,4.614297
43.360000,0.000000,245.492931,0.000000,0.832687,0.295897,0.000000,3569.379582,4.614297
43.370000,0.000000,245.492931,0.000000,0.832687,0.295897,0.000000,3569.379582,4.614297
43.380000,0.000000,245.492931,0.000000,0.832687,0.295897,0.000000,3569.379582,4.614297
43.390000,0.000000,245.492931,0.000000,0.832687,0.295897,0.000000,3569.379582,4.614297
43.400000,0.000000,245.492931,0.000000,0.832687,0.295897,0.000000,3569.379582,4.614297
43.410000,0.000000,245.492931,0.000000,0.832687,0.295897,0.000000,3569.379582,4.614297
43.420000,0.000000,245.492931,0.000000,0.832687,0.295897,0.000000,3569.379582,4.614297
43.430000,0.000000,245.492931,0.000000,0.832687,0.295897,0.000000,3569.379582,4.614297
43.440000,0.000000,245.492931,0.000000,0.832687,0.295897,0.000000,3569.379582,4.614297
43.450000,0.000000,245.492931,0.000000,0.832687,0.295897,0.000000,3569.379582,4.614297
43.460000,0.000000,245.492931,0.000000,0.832687,0.295897,0.000000,3569.379582,4.614297
43.470000,0.000000,245.492931,0.000000,0.832687,0.295897,0.000000,3569.379582,4.614297
43.480000,0.000000,245.492931,0.000000,0.832687,0.295897,0.000000,3569.379582,4.614297
43.490000,0.000000,245.492931,0.000000,0.832687,0.295897,0.000000,3569.379582,4.614297
43.500000,0.000000,245.492931,0.000000,0.832687,0.295897,0.000000,3569.379582,4.614297
43.510000,0.000000,245.492931,0.000000,0.832687,0.295897,0.000000,3569.379582,4.614297
43.520000,0.000000,245.492931,0.000000,0.832687,0.295897,0.000000,3569.379582,4.614297
43.530000,0.000000,245.492931,0.000000,0.832687,0.295897,0.000000,3569.379582,4.614297
43.540000,0.000000,245.492931,0.000000,0.832687,0.295897,0.000000,3569.379582,4.614297
43.550000,0.000000,245.492931,0.000000,0.832687,0.295897,0.000000,3569.379582,4.614297
43.560000,0.000000,245.492931,0.000000,0.832687,0.295897,0.000000,3569.379582,4.614297
43.570000,0.000000,245.492931,0.000000,0.832687,0.295897,0.000000,3569.379582,4.614297
43.580000,0.000000,245.492931,0.000000,0.832687,0.295897,0.000000,3569.379582,4.614297
43.590000,0.000000,245.492931,0.000000,0.832687,0.295897,0.000000,3569.379582,4.614297
43.600000,0.000000,245.492931,0.000000,0.832687,0.295897,0.000000,3569.379582,4.614297
43.610000,0.000000,245.492931,0.000000,0.832687,0.295897,0.000000,3569.379582,4.614297
43.620000,0.000000,245.492931,0.000000,0.832687,0.295897,0.000000,3569.379582,4.614297
43.630000,0.000000,245.492931,0.000000,0.832687,0.295897,0.000000,3569.379582,4.614297
43.640000,0.000000,245.492931,0.000000,0.832687,0.295897,0.000000,3569.379582,4.614297
43.650000,0.000000,245.492931,0.000000,0.832687,0.295897,0.000000,3569.379582,4.614297
43.660000,0.000000,245.492931,0.000000,0.832687,0.295897,0.000000,3569.379582,4.614297
43.670000,0.000000,245.492931,0.000000,0.832687,0.295897,0.000000,3569.379582,4.614297
43.680000,0.000000,245.492931,0.000000,0.832687,0.295897,0.000000,3569.379582,4.614297
43.690000,0.000000,245.492931,0.000000,0.832687,0.295897,0.000000,3569.379582,4.614297
43.700000,0.000000,245.492931,0.000000,0.832687,0.295897,0.000000,3569.379582,4.614297
43.710000,0.000000,245.492931,0.000000,0.832687,0.295897,0.000000,3569.379582,4.614297
43.720000,0.000000,245.492931,0.000000,0.832687,0.295897,0.000000,3569.379582,4.614297
43.730000,0.000000,245.492931,0.000000,0.832687,0.295897,0.000000,3569.379582,4.614297
43.740000,0.000000,245.492931,0.000000,0.832687,0.295897,0.000000,3569.379582,4.614297
43.750000,0.000000,245.492931,0.000000,0.832687,0.295897,0.000000,3569.379582,4.614297
43.760000,0.000000,245.492931,0.000000,0.832687,0.295897,0.000000,3569.379582,4.614297
43.770000,0.000000,245.492931,0.000000,0.832687,0.295897,0.000000,3569.379582,4.614297
43.780000,0.000000,245.492931,0.000000,0.832687,0.295897,0.000000,3569.379582,4.614297
43.790000,0.000000,245.492931,0.000000,0.832687,0.295897,0.000000,3569.379582,4.614297
43.800000,0.000000,245.492931,0.000000,0.832687,0.295897,0.000000,3569.379582,4.614297
43.810000,0.000000,245.492931,0.000000,0.832687,0.295897,0.000000,3569.379582,4.614297
43.820000,0.000000,245.492931,0.000000,0.832687,0.295897,0.000000,3569.379582,4.614297
43.830000,0.000000,245.492931,0.000000,0.832687,0.295897,0.000000,3569.379582,4.614297
43.840000,0.000000,245.492931,0.000000,0.832687,0.295897,0.000000,3569.379582,4.614297
43.850000,0.000000,245.492931,0.000000,0.832687,0.295897,0.000000,3569.379582,4.614297
43.860000,0.000000,245.492931,0.000000,0.832687,0.295897,0.000000,3569.379582,4.614297
43.870000,0.000000,245.492931,0.000000,0.832687,0.295897,0.000000,3569.379582,4.614297
43.880000,0.000000,245.492931,0.000000,0.832687,0.295897,0.000000,3569.379582,4.614297
43.890000,0.000000,245.492931,0.000000,0.832687,0.295897,0.000000,3569.379582,4.614297
43.900000,0.000000,245.492931,0.000000,0.832687,0.295897,0.000000,3569.379582,4.614297
43.910000,0.000000,245.492931,0.000000,0.832687,0.295897,0.000000,3569.379582,4.614297
43.920000,0.000000,245.492931,0.000000,0.832687,0.295897,0.000000,3569.379582,4.614297
43.930000,0.000000,245.492931,0.000000,0.832687,0.295897,0.000000,3569.379582,4.614297
43.940000,0.000000,245.492931,0.000000,0.832687,0.295897,0.000000,3569.379582,4.614297
43.950000,0.000000,245.492931,0.000000,0.832687,0.295897,0.000000,3569.379582,4.614297
43.960000,0.000000,245.492931,0.000000,0.832687,0.295897,0.000000,3569.379582,4.614297
43.970000,0.000000,245.492931,0.000000,0.832687,0.295897,0.000000,3569.379582,4.614297
43.980000,0.000000,245.492931,0.000000,0.832687,0.295897,0.000000,3569.379582,4.614297
43.990000,0.000000,245.492931,0.000000,0.832687,0.295897,0.000000,3569.379582,4.614297
44.000000,0.000000,245.492931,0.000000,0.832687,0.295897,0.000000,3569.379582,4.614297
44.010000,0.000000,245.492931,0.000000,0.832687,0.295897,0.000000,3569.379582,4.614297
44.020000,0.000000,245.492931,0.000000,0.832687,0.295897,0.000000,3569.379582,4.614297
44.030000,0.000000,245.492931,0.000000,0.832687,0.295897,0.000000,3569.379582,4.614297
44.040000,0.000000,245.492931,0.000000,0.832687,0.295897,0.000000,3569.379582,4.614297
44.050000,0.000000,245.492931,0.000000,0.832687,0.295897,0.000000,3569.379582,4.614297
44.060000,0.000000,245.492931,0.000000,0.832687,0.295897,0.000000,3569.379582,4.614297
44.070000,0.000000,245.492931,0.000000,0.832687,0.295897,0.000000,3569.379582,4.614297
44.080000,0.000000,245.492931,0.000000,0.832687,0.295897,0.000000,3569.379582,4.614297
44.090000,0.000000,245.492931,0.000000,0.832687,0.295897,0.000000,3569.379582,4.614297
44.100000,0.000000,245.492931,0.000000,0.832687,0.295897,0.000000,3569.379582,4.614297
44.110000,0.000000,245.492931,0.000000,0.832687,0.295897,0.000000,3569.379582,4.614297
44.120000,0.000000,245.492931,0.000000,0.832687,0.295897,0.000000,3569.379582,4.614297
44.130000,0.000000,245.492931,0.000000,0.832687,0.295897,0.000000,3569.379582,4.614297
44.140000,0.000000,245.492931,0.000000,0.832687,0.295897,0.000000,3569.379582,4.614297
44.150000,0.000000,245.492931,0.000000,0.832687,0.295897,0.000000,3569.379582,4.614297
44.160000,0.000000,245.492931,0.000000,0.832687,0.295897,0.000000,3569.379582,4.614297
44.170000,0.000000,245.492931,0.000000,0.832687,0.295897,0.000000,3569.379582,4.614297
44.180000,0.000000,245.492931,0.000000,0.832687,0.295897,0.000000,3569.379582,4.614297
44.190000,0.000000,245.492931,0.000000,0.832687,0.295897,0.000000,3569.379582,4.614297
44.200000,0.000000,245.492931,0.000000,0.832687,0.295897,0.000000,3569.379582,4.614297
44.210000,0.000000,245.492931,0.000000,0.832687,0.295897,0.000000,3569.379582,4.614297
44.220000,0.000000,245.492931,0.000000,0.832687,0.295897,0.000000,3569.379582,4.614297
44.230000,0.000000,245.492931,0.000000,0.832687,0.295897,0.000000,3569.379582,4.614297
44.240000,0.000000,245.492931,0.000000,0.832687,0.295897,0.000000,3569.379582,4.614297
44.250000,0.000000,245.492931,0.000000,0.832687,0.295897,0.000000,3569.379582,4.614297
44.260000,0.000000,245.492931,0.000000,0.832687,0.295897,0.000000,3569.379582,4.614297
44.270000,0.000000,245.492931,0.000000,0.832687,0.295897,0.000000,3569.379582,4.614297
44.280000,0.000000,245.492931,0.000000,0.832687,0.295897,0.000000,3569.379582,4.614297
44.290000,0.000000,245.492931,0.000000,0.832687,0.295897,0.000000,3569.379582,4.614297
44.300000,0.000000,245.492931,0.000000,0.832687,0.295897,0.000000,3569.379582,4.614297
44.310000,0.000000,245.492931,0.000000,0.832687,0.295897,0.000000,3569.379582,4.614297
44.320000,0.000000,245.492931,0.000000,0.832687,0.295897,0.000000,3569.379582,4.614297
44.330000,0.000000,245.492931,0.000000,0.832687,0.295897,0.000000,3569.379582,4.614297
44.340000,0.000000,245.492931,0.000000,0.832687,0.295897,0.000000,3569.379582,4.614297
44.350000,0.000000,245.492931,0.000000,0.832687,0.295897,0.000000,3569.379582,4.614297
44.360000,0.000000,245.492931,0.000000,0.832687,0.295897,0.000000,3569.379582,4.614297
44.370000,0.000000,245.492931,0.000000,0.832687,0.295897,0.000000,3569.379582,4.614297
44.380000,0.000000,245.492931,0.000000,0.832687,0.295897,0.000000,3569.379582,4.614297
44.390000,0.000000,245.492931,0.000000,0.832687,0.295897,0.000000,3569.379582,4.614297
44.400000,0.000000,245.492931,0.000000,0.832687,0.295897,0.000000,3569.379582,4.614297
44.410000,0.000000,245.492931,0.000000,0.832687,0.295897,0.000000,3569.379582,4.614297
44.420000,0.000000,245.492931,0.000000,0.832687,0.295897,0.000000,3569.379582,4.614297
44.430000,0.000000,245.492931,0.000000,0.832687,0.295897,0.000000,3569.379582,4.614297
44.440000,0.000000,245.492931,0.000000,0.832687,0.295897,0.000000,3569.379582,4.614297
44.450000,0.000000,245.492931,0.000000,0.832687,0.295897,0.000000,3569.379582,4.614297
44.460000,0.000000,245.492931,0.000000,0.832687,0.295897,0.000000,3569.379582,4.614297
44.470000,0.000000,245.492931,0.000000,0.832687,0.295897,0.000000,3569.379582,4.614297
44.480000,0.000000,245.492931,0.000000,0.832687,0.295897,0.000000,3569.379582,4.614297
44.490000,0.000000,245.492931,0.000000,0.832687,0.295897,0.000000,3569.379582,4.614297
44.500000,0.000000,245.492931,0.000000,0.832687,0.295897,0.000000,3569.379582,4.614297
44.510000,0.000000,245.492931,0.000000,0.832687,0.295897,0.000000,3569.379582,4.614297
44.520000,0.000000,245.492931,0.000000,0.832687,0.295897,0.000000,3569.379582,4.614297
44.530000,0.000000,245.492931,0.000000,0.832687,0.295897,0.000000,3569.379582,4.614297
44.540000,0.000000,245.492931,0.000000,0.832687,0.295897,0.000000,3569.379582,4.614297
44.550000,0.000000,245.492931,0.000000,0.832687,0.295897,0.000000,3569.379582,4.614297
44.560000,0.000000,245.492931,0.000000,0.832687,0.295897,0.000000,3569.379582,4.614297
44.570000,0.000000,245.492931,0.000000,0.832687,0.295897,0.000000,3569.379582,4.614297
44.580000,0.000000,245.492931,0.000000,0.832687,0.295897,0.000000,3569.379582,4.614297
44.590000,0.000000,245.492931,0.000000,0.832687,0.295897,0.000000,3569.379582,4.614297
44.600000,0.000000,245.492931,0.000000,0.832687,0.295897,0.000000,3569.379582,4.614297
44.610000,0.000000,245.492931,0.000000,0.832687,0.295897,0.000000,3569.379582,4.614297
44.620000,0.000000,245.492931,0.000000,0.832687,0.295897,0.000000,3569.379582,4.614297
44.630000,0.000000,245.492931,0.000000,0.832687,0.295897,0.000000,3569.379582,4.614297
44.640000,0.000000,245.492931,0.000000,0.832687,0.295897,0.000000,3569.379582,4.614297
44.650000,0.000000,245.492931,0.000000,0.832687,0.295897,0.000000,3569.379582,4.614297
44.660000,0.000000,245.492931,0.000000,0.832687,0.295897,0.000000,3569.379582,4.614297
44.670000,0.000000,245.492931,0.000000,0.832687,0.295897,0.000000,3569.379582,4.614297
44.680000,0.000000,245.492931,0.000000,0.832687,0.295897,0.000000,3569.379582,4.614297
44.690000,0.000000,245.492931,0.000000,0.832687,0.295897,0.000000,3569.379582,4.614297
44.700000,0.000000,245.492931,0.000000,0.832687,0.295897,0.000000,3569.379582,4.614297
44.710000,0.000000,245.492931,0.000000,0.832687,0.295897,0.000000,3569.379582,4.614297
44.720000,0.000000,245.492931,0.000000,0.832687,0.295897,0.000000,3569.379582,4.614297
44.730000,0.000000,245.492931,0.000000,0.832687,0.295897,0.000000,3569.379582,4.614297
44.740000,0.000000,245.492931,0.000000,0.832687,0.295897,0.000000,3569.379582,4.614297
44.750000,0.000000,245.492931,0.000000,0.832687,0.295897,0.000000,3569.379582,4.614297
44.760000,0.000000,245.492931,0.000000,0.832687,0.295897,0.000000,3569.379582,4.614297
44.770000,0.000000,245.492931,0.000000,0.832687,0.295897,0.000000,3569.379582,4.614297
44.780000,0.000000,245.492931,0.000000,0.832687,0.295897,0.000000,3569.379582,4.614297
44.790000,0.000000,245.492931,0.000000,0.832687,0.295897,0.000000,3569.379582,4.614297
44.800000,0.000000,245.492931,0.000000,0.832687,0.295897,0.000000,3569.379582,4.614297
44.810000,0.000000,245.492931,0.000000,0.832687,0.295897,0.000000,3569.379582,4.614297
44.820000,0.000000,245.492931,0.000000,0.832687,0.295897,0.000000,3569.379582,4.614297
44.830000,0.000000,245.492931,0.000000,0.832687,0.295897,0.000000,3569.379582,4.614297
44.840000,0.000000,245.492931,0.000000,0.832687,0.295897,0.000000,3569.379582,4.614297
44.850000,0.000000,245.492931,0.000000,0.832687,0.295897,0.000000,3569.379582,4.614297
44.860000,0.000000,245.492931,0.000000,0.832687,0.295897,0.000000,3569.379582,4.614297
44.870000,0.000000,245.492931,0.000000,0.832687,0.295897,0.000000,3569.379582,4.614297
44.880000,0.000000,245.492931,0.000000,0.832687,0.295897,0.000000,3569.379582,4.614297
44.890000,0.000000,245.492931,0.000000,0.832687,0.295897,0.000000,3569.379582,4.614297
44.900000,0.000000,245.492931,0.000000,0.832687,0.295897,0.000000,3569.379582,4.614297
44.910000,0.000000,245.492931,0.000000,0.832687,0.295897,0.000000,3569.379582,4.614297
44.920000,0.000000,245.492931,0.000000,0.832687,0.295897,0.000000,3569.379582,4.614297
44.930000,0.000000,245.492931,0.000000,0.832687,0.295897,0.000000,3569.379582,4.614297
44.940000,0.000000,245.492931,0.000000,0.832687,0.295897,0.000000,3569.379582,4.614297
44.950000,0.000000,245.492931,0.000000,0.832687,0.295897,0.000000,3569.379582,4.614297
44.960000,0.000000,245.492931,0.000000,0.832687,0.295897,0.000000,3569.379582,4.614297
44.970000,0.000000,245.492931,0.000000,0.832687,0.295897,0.000000,3569.379582,4.614297
44.980000,0.000000,245.492931,0.000000,0.832687,0.295897,0.000000,3569.379582,4.614297
44.990000,0.000000,245.492931,0.000000,0.832687,0.295897,0.000000,3569.379582,4.614297
45.000000,0.000000,245.492931,0.000000,0.832687,0.295897,0.000000,3569.379582,4.614297
45.010000,0.000000,245.492931,0.000000,0.832687,0.295897,0.000000,3569.379582,4.614297
45.020000,0.000000,245.492931,0.000000,0.832687,0.295897,0.000000,3569.379582,4.614297
45.030000,0.000000,245.492931,0.000000,0.832687,0.295897,0.000000,3569.379582,4.614297
45.040000,0.000000,245.492931,0.000000,0.832687,0.295897,0.000000,3569.379582,4.614297
45.050000,0.000000,245.492931,0.000000,0.832687,0.295897,0.000000,3569.379582,4.614297
45.060000,0.000000,245.492931,0.000000,0.832687,0.295897,0.000000,3569.379582,4.614297
45.070000,0.000000,245.492931,0.000000,0.832687,0.295897,0.000000,3569.379582,4.614297
45.080000,0.000000,245.492931,0.000000,0.832687,0.295897,0.000000,3569.379582,4.614297
45.090000,0.000000,245.492931,0.000000,0.832687,0.295897,0.000000,3569.379582,4.614297
45.100000,0.000000,245.492931,0.000000,0.832687,0.295897,0.000000,3569.379582,4.614297
45.110000,0.000000,245.492931,0.000000,0.832687,0.295897,0.000000,3569.379582,4.614297
45.120000,0.000000,245.492931,0.000000,0.832687,0.295897,0.000000,3569.379582,4.614297
45.130000,0.000000,245.492931,0.000000,0.832687,0.295897,0.000000,3569.379582,4.614297
45.140000,0.000000,245.492931,0.000000,0.832687,0.295897,0.000000,3569.379582,4.614297
45.150000,0.000000,245.492931,0.000000,0.832687,0.295897,0.000000,3569.379582,4.614297
45.160000,0.000000,245.492931,0.000000,0.832687,0.295897,0.000000,3569.379582,4.614297
45.170000,0.000000,245.492931,0.000000,0.832687,0.295897,0.000000,3569.379582,4.614297
45.180000,0.000000,245.492931,0.000000,0.832687,0.295897,0.000000,3569.379582,4.614297
45.190000,0.000000,245.492931,0.000000,0.832687,0.295897,0.000000,3569.379582,4.614297
45.200000,0.000000,245.492931,0.000000,0.832687,0.295897,0.000000,3569.379582,4.614297
45.210000,0.000000,245.492931,0.000000,0.832687,0.295897,0.000000,3569.379582,4.614297
45.220000,0.000000,245.492931,0.000000,0.832687,0.295897,0.000000,3569.379582,4.614297
45.230000,0.000000,245.492931,0.000000,0.832687,0.295897,0.000000,3569.379582,4.614297
45.240000,0.000000,245.492931,0.000000,0.832687,0.295897,0.000000,3569.379582,4.614297
45.250000,0.000000,245.492931,0.000000,0.832687,0.295897,0.000000,3569.379582,4.614297
45.260000,0.000000,245.492931,0.000000,0.832687,0.295897,0.000000,3569.379582,4.614297
45.270000,0.000000,245.492931,0.000000,0.832687,0.295897,0.000000,3569.379582,4.614297
45.280000,0.000000,245.492931,0.000000,0.832687,0.295897,0.000000,3569.379582,4.614297
45.290000,0.000000,245.492931,0.000000,0.832687,0.295897,0.000000,3569.379582,4.614297
45.300000,0.000000,245.492931,0.000000,0.832687,0.295897,0.000000,3569.379582,4.614297
45.310000,0.000000,245.492931,0.000000,0.832687,0.295897,0.000000,3569.379582,4.614297
45.320000,0.000000,245.492931,0.000000,0.832687,0.295897,0.000000,3569.379582,4.614297
45.330000,0.000000,245.492931,0.000000,0.832687,0.295897,0.000000,3569.379582,4.614297
45.340000,0.000000,245.492931,0.000000,0.832687,0.295897,0.000000,3569.379582,4.614297
45.350000,0.000000,245.492931,0.000000,0.832687,0.295897,0.000000,3569.379582,4.614297
45.360000,0.000000,245.492931,0.000000,0.832687,0.295897,0.000000,3569.379582,4.614297
45.370000,0.000000,245.492931,0.000000,0.832687,0.295897,0.000000,3569.379582,4.614297
45.380000,0.000000,245.492931,0.000000,0.832687,0.295897,0.000000,3569.379582,4.614297
45.390000,0.000000,245.492931,0.000000,0.832687,0.295897,0.000000,3569.379582,4.614297
45.400000,0.000000,245.492931,0.000000,0.832687,0.295897,0.000000,3569.379582,4.614297
45.410000,0.000000,245.492931,0.000000,0.832687,0.295897,0.000000,3569.379582,4.614297
45.420000,0.000000,245.492931,0.000000,0.832687,0.295897,0.000000,3569.379582,4.614297
45.430000,0.000000,245.492931,0.000000,0.832687,0.295897,0.000000,3569.379582,4.614297
45.440000,0.000000,245.492931,0.000000,0.832687,0.295897,0.000000,3569.379582,4.614297
45.450000,0.000000,245.492931,0.000000,0.832687,0.295897,0.000000,3569.379582,4.614297
45.460000,0.000000,245.492931,0.000000,0.832687,0.295897,0.000000,3569.379582,4.614297
45.470000,0.000000,245.492931,0.000000,0.832687,0.295897,0.000000,3569.379582,4.614297
45.480000,0.000000,245.492931,0.000000,0.832687,0.295897,0.000000,3569.379582,4.614297
45.490000,0.000000,245.492931,0.000000,0.832687,0.295897,0.000000,3569.379582,4.614297
45.500000,0.000000,245.492931,0.000000,0.832687,0.295897,0.000000,3569.379582,4.614297
45.510000,0.000000,245.492931,0.000000,0.832687,0.295897,0.000000,3569.379582,4.614297
45.520000,0.000000,245.492931,0.000000,0.832687,0.295897,0.000000,3569.379582,4.614297
45.530000,0.000000,245.492931,0.000000,0.832687,0.295897,0.000000,3569.379582,4.614297
45.540000,0.000000,245.492931,0.000000,0.832687,0.295897,0.000000,3569.379582,4.614297
45.550000,0.000000,245.492931,0.000000,0.832687,0.295897,0.000000,3569.379582,4.614297
45.560000,0.000000,245.492931,0.000000,0.832687,0.295897,0.000000,3569.379582,4.614297
45.570000,0.000000,245.492931,0.000000,0.832687,0.295897,0.000000,3569.379582,4.614297
45.580000,0.000000,245.492931,0.000000,0.832687,0.295897,0.000000,3569.379582,4.614297
45.590000,0.000000,245.492931,0.000000,0.832687,0.295897,0.000000,3569.379582,4.614297
45.600000,0.000000,245.492931,0.000000,0.832687,0.295897,0.000000,3569.379582,4.614297
45.610000,0.000000,245.492931,0.000000,0.832687,0.295897,0.000000,3569.379582,4.614297
45.620000,0.000000,245.492931,0.000000,0.832687,0.295897,0.000000,3569.379582,4.614297
45.630000,0.000000,245.492931,0.000000,0.832687,0.295897,0.000000,3569.379582,4.614297
45.640000,0.000000,245.492931,0.000000,0.832687,0.295897,0.000000,3569.379582,4.614297
45.650000,0.000000,245.492931,0.000000,0.832687,0.295897,0.000000,3569.379582,4.614297
45.660000,0.000000,245.492931,0.000000,0.832687,0.295897,0.000000,3569.379582,4.614297
45.670000,0.000000,245.492931,0.000000,0.832687,0.295897,0.000000,3569.379582,4.614297
45.680000,0.000000,245.492931,0.000000,0.832687,0.295897,0.000000,3569.379582,4.614297
45.690000,0.000000,245.492931,0.000000,0.832687,0.295897,0.000000,3569.379582,4.614297
45.700000,0.000000,245.492931,0.000000,0.832687,0.295897,0.000000,3569.379582,4.614297
45.710000,0.000000,245.492931,0.000000,0.832687,0.295897,0.000000,3569.379582,4.614297
45.720000,0.000000,245.492931,0.000000,0.832687,0.295897,0.000000,3569.379582,4.614297
45.730000,0.000000,245.492931,0.000000,0.832687,0.295897,0.000000,3569.379582,4.614297
45.740000,0.000000,245.492931,0.000000,0.832687,0.295897,0.000000,3569.379582,4.614297
45.750000,0.000000,245.492931,0.000000,0.832687,0.295897,0.000000,3569.379582,4.614297
45.760000,0.000000,245.492931,0.000000,0.832687,0.295897,0.000000,3569.379582,4.614297
45.770000,0.000000,245.492931,0.000000,0.832687,0.295897,0.000000,3569.379582,4.614297
45.780000,0.000000,245.492931,0.000000,0.832687,0.295897,0.000000,3569.379582,4.614297
45.790000,0.000000,245.492931,0.000000,0.832687,0.295897,0.000000,3569.379582,4.614297
45.800000,0.000000,245.492931,0.000000,0.832687,0.295897,0.000000,3569.379582,4.614297
45.810000,0.000000,245.492931,0.000000,0.832687,0.295897,0.000000,3569.379582,4.614297
45.820000,0.000000,245.492931,0.000000,0.832687,0.295897,0.000000,3569.379582,4.614297
45.830000,0.000000,245.492931,0.000000,0.832687,0.295897,0.000000,3569.379582,4.614297
45.840000,0.000000,245.492931,0.000000,0.832687,0.295897,0.000000,3569.379582,4.614297
45.850000,0.000000,245.492931,0.000000,0.832687,0.295897,0.000000,3569.379582,4.614297
45.860000,0.000000,245.492931,0.000000,0.832687,0.295897,0.000000,3569.379582,4.614297
45.870000,0.000000,245.492931,0.000000,0.832687,0.295897,0.000000,3569.379582,4.614297
45.880000,0.000000,245.492931,0.000000,0.832687,0.295897,0.000000,3569.379582,4.614297
45.890000,0.000000,245.492931,0.000000,0.832687,0.295897,0.000000,3569.379582,4.614297
45.900000,0.000000,245.492931,0.000000,0.832687,0.295897,0.000000,3569.379582,4.614297
45.910000,0.000000,245.492931,0.000000,0.832687,0.295897,0.000000,3569.379582,4.614297
45.920000,0.000000,245.492931,0.000000,0.832687,0.295897,0.000000,3569.379582,4.614297
45.930000,0.000000,245.492931,0.000000,0.832687,0.295897,0.000000,3569.379582,4.614297
45.940000,0.000000,245.492931,0.000000,0.832687,0.295897,0.000000,3569.379582,4.614297
45.950000,0.000000,245.492931,0.000000,0.832687,0.295897,0.000000,3569.379582,4.614297
45.960000,0.000000,245.492931,0.000000,0.832687,0.295897,0.000000,3569.379582,4.614297
45.970000,0.000000,245.492931,0.000000,0.832687,0.295897,0.000000,3569.379582,4.614297
45.980000,0.000000,245.492931,0.000000,0.832687,0.295897,0.000000,3569.379582,4.614297
45.990000,0.000000,245.492931,0.000000,0.832687,0.295897,0.000000,3569.379582,4.614297
46.000000,0.000000,245.492931,0.000000,0.832687,0.295897,0.000000,3569.379582,4.614297
46.010000,0.000000,245.492931,0.000000,0.832687,0.295897,0.000000,3569.379582,4.614297
46.020000,0.000000,245.492931,0.000000,0.832687,0.295897,0.000000,3569.379582,4.614297
46.030000,0.000000,245.492931,0.000000,0.832687,0.295897,0.000000,3569.379582,4.614297
46.040000,0.000000,245.492931,0.000000,0.832687,0.295897,0.000000,3569.379582,4.614297
46.050000,0.000000,245.492931,0.000000,0.832687,0.295897,0.000000,3569.379582,4.614297
46.060000,0.000000,245.492931,0.000000,0.832687,0.295897,0.000000,3569.379582,4.614297
46.070000,0.000000,245.492931,0.000000,0.832687,0.295897,0.000000,3569.379582,4.614297
46.080000,0.000000,245.492931,0.000000,0.832687,0.295897,0.000000,3569.379582,4.614297
46.090000,0.000000,245.492931,0.000000,0.832687,0.295897,0.000000,3569.379582,4.614297
46.100000,0.000000,245.492931,0.000000,0.832687,0.295897,0.000000,3569.379582,4.614297
46.110000,0.000000,245.492931,0.000000,0.832687,0.295897,0.000000,3569.379582,4.614297
46.120000,0.000000,245.492931,0.000000,0.832687,0.295897,0.000000,3569.379582,4.614297
46.130000,0.000000,245.492931,0.000000,0.832687,0.295897,0.000000,3569.379582,4.614297
46.140000,0.000000,245.492931,0.000000,0.832687,0.295897,0.000000,3569.379582,4.614297
46.150000,0.000000,245.492931,0.000000,0.832687,0.295897,0.000000,3569.379582,4.614297
46.160000,0.000000,245.492931,0.000000,0.832687,0.295897,0.000000,3569.379582,4.614297
46.170000,0.000000,245.492931,0.000000,0.832687,0.295897,0.000000,3569.379582,4.614297
46.180000,0.000000,245.492931,0.000000,0.832687,0.295897,0.000000,3569.379582,4.614297
46.190000,0.000000,245.492931,0.000000,0.832687,0.295897,0.000000,3569.379582,4.614297
46.200000,0.000000,245.492931,0.000000,0.832687,0.295897,0.000000,3569.379582,4.614297
46.210000,0.000000,245.492931,0.000000,0.832687,0.295897,0.000000,3569.379582,4.614297
46.220000,0.000000,245.492931,0.000000,0.832687,0.295897,0.000000,3569.379582,4.614297
46.230000,0.000000,245.492931,0.000000,0.832687,0.295897,0.000000,3569.379582,4.614297
46.240000,0.000000,245.492931,0.000000,0.832687,0.295897,0.000000,3569.379582,4.614297
46.250000,0.000000,245.492931,0.000000,0.832687,0.295897,0.000000,3569.379582,4.614297
46.260000,0.000000,245.492931,0.000000,0.832687,0.295897,0.000000,3569.379582,4.614297
46.270000,0.000000,245.492931,0.000000,0.832687,0.295897,0.000000,3569.379582,4.614297
46.280000,0.000000,245.492931,0.000000,0.832687,0.295897,0.000000,3569.379582,4.614297
46.290000,0.000000,245.492931,0.000000,0.832687,0.295897,0.000000,3569.379582,4.614297
46.300000,0.000000,245.492931,0.000000,0.832687,0.295897,0.000000,3569.379582,4.614297
46.310000,0.000000,245.492931,0.000000,0.832687,0.295897,0.000000,3569.379582,4.614297
46.320000,0.000000,245.492931,0.000000,0.832687,0.295897,0.000000,3569.379582,4.614297
46.330000,0.000000,245.492931,0.000000,0.832687,0.295897,0.000000,3569.379582,4.614297
46.340000,0.000000,245.492931,0.000000,0.832687,0.295897,0.000000,3569.379582,4.614297
46.350000,0.000000,245.492931,0.000000,0.832687,0.295897,0.000000,3569.379582,4.614297
46.360000,0.000000,245.492931,0.000000,0.832687,0.295897,0.000000,3569.379582,4.614297
46.370000,0.000000,245.492931,0.000000,0.832687,0.295897,0.000000,3569.379582,4.614297
46.380000,0.000000,245.492931,0.000000,0.832687,0.295897,0.000000,3569.379582,4.614297
46.390000,0.000000,245.492931,0.000000,0.832687,0.295897,0.000000,3569.379582,4.614297
46.400000,0.000000,245.492931,0.000000,0.832687,0.295897,0.000000,3569.379582,4.614297
46.410000,0.000000,245.492931,0.000000,0.832687,0.295897,0.000000,3569.379582,4.614297
46.420000,0.000000,245.492931,0.000000,0.832687,0.295897,0.000000,3569.379582,4.614297
46.430000,0.000000,245.492931,0.000000,0.832687,0.295897,0.000000,3569.379582,4.614297
46.440000,0.000000,245.492931,0.000000,0.832687,0.295897,0.000000,3569.379582,4.614297
46.450000,0.000000,245.492931,0.000000,0.832687,0.295897,0.000000,3569.379582,4.614297
46.460000,0.000000,245.492931,0.000000,0.832687,0.295897,0.000000,3569.379582,4.614297
46.470000,0.000000,245.492931,0.000000,0.832687,0.295897,0.000000,3569.379582,4.614297
46.480000,0.000000,245.492931,0.000000,0.832687,0.295897,0.000000,3569.379582,4.614297
46.490000,0.000000,245.492931,0.000000,0.832687,0.295897,0.000000,3569.379582,4.614297
46.500000,0.000000,245.492931,0.000000,0.832687,0.295897,0.000000,3569.379582,4.614297
46.510000,0.000000,245.492931,0.000000,0.832687,0.295897,0.000000,3569.379582,4.614297
46.520000,0.000000,245.492931,0.000000,0.832687,0.295897,0.000000,3569.379582,4.614297
46.530000,0.000000,245.492931,0.000000,0.832687,0.295897,0.000000,3569.379582,4.614297
46.540000,0.000000,245.492931,0.000000,0.832687,0.295897,0.000000,3569.379582,4.614297
46.550000,0.000000,245.492931,0.000000,0.832687,0.295897,0.000000,3569.379582,4.614297
46.560000,0.000000,245.492931,0.000000,0.832687,0.295897,0.000000,3569.379582,4.614297
46.570000,0.000000,245.492931,0.000000,0.832687,0.295897,0.000000,3569.379582,4.614297
46.580000,0.000000,245.492931,0.000000,0.832687,0.295897,0.000000,3569.379582,4.614297
46.590000,0.000000,245.492931,0.000000,0.832687,0.295897,0.000000,3569.379582,4.614297
46.600000,0.000000,245.492931,0.000000,0.832687,0.295897,0.000000,3569.379582,4.614297
46.610000,0.000000,245.492931,0.000000,0.832687,0.295897,0.000000,3569.379582,4.614297
46.620000,0.000000,245.492931,0.000000,0.832687,0.295897,0.000000,3569.379582,4.614297
46.630000,0.000000,245.492931,0.000000,0.832687,0.295897,0.000000,3569.379582,4.614297
46.640000,0.000000,245.492931,0.000000,0.832687,0.295897,0.000000,3569.379582,4.614297
46.650000,0.000000,245.492931,0.000000,0.832687,0.295897,0.000000,3569.379582,4.614297
46.660000,0.000000,245.492931,0.000000,0.832687,0.295897,0.000000,3569.379582,4.614297
46.670000,0.000000,245.492931,0.000000,0.832687,0.295897,0.000000,3569.379582,4.614297
46.680000,0.000000,245.492931,0.000000,0.832687,0.295897,0.000000,3569.379582,4.614297
46.690000,0.000000,245.492931,0.000000,0.832687,0.295897,0.000000,3569.379582,4.614297
46.700000,0.000000,245.492931,0.000000,0.832687,0.295897,0.000000,3569.379582,4.614297
46.710000,0.000000,245.492931,0.000000,0.832687,0.295897,0.000000,3569.379582,4.614297
46.720000,0.000000,245.492931,0.000000,0.832687,0.295897,0.000000,3569.379582,4.614297
46.730000,0.000000,245.492931,0.000000,0.832687,0.295897,0.000000,3569.379582,4.614297
46.740000,0.000000,245.492931,0.000000,0.832687,0.295897,0.000000,3569.379582,4.614297
46.750000,0.000000,245.492931,0.000000,0.832687,0.295897,0.000000,3569.379582,4.614297
46.760000,0.000000,245.492931,0.000000,0.832687,0.295897,0.000000,3569.379582,4.614297
46.770000,0.000000,245.492931,0.000000,0.832687,0.295897,0.000000,3569.379582,4.614297
46.780000,0.000000,245.492931,0.000000,0.832687,0.295897,0.000000,3569.379582,4.614297
46.790000,0.000000,245.492931,0.000000,0.832687,0.295897,0.000000,3569.379582,4.614297
46.800000,0.000000,245.492931,0.000000,0.832687,0.295897,0.000000,3569.379582,4.614297
46.810000,0.000000,245.492931,0.000000,0.832687,0.295897,0.000000,3569.379582,4.614297
46.820000,0.000000,245.492931,0.000000,0.832687,0.295897,0.000000,3569.379582,4.614297
46.830000,0.000000,245.492931,0.000000,0.832687,0.295897,0.000000,3569.379582,4.614297
46.840000,0.000000,245.492931,0.000000,0.832687,0.295897,0.000000,3569.379582,4.614297
46.850000,0.000000,245.492931,0.000000,0.832687,0.295897,0.000000,3569.379582,4.614297
46.860000,0.000000,245.492931,0.000000,0.832687,0.295897,0.000000,3569.379582,4.614297
46.870000,0.000000,245.492931,0.000000,0.832687,0.295897,0.000000,3569.379582,4.614297
46.880000,0.000000,245.492931,0.000000,0.832687,0.295897,0.000000,3569.379582,4.614297
46.890000,0.000000,245.492931,0.000000,0.832687,0.295897,0.000000,3569.379582,4.614297
46.900000,0.000000,245.492931,0.000000,0.832687,0.295897,0.000000,3569.379582,4.614297
46.910000,0.000000,245.492931,0.000000,0.832687,0.295897,0.000000,3569.379582,4.614297
46.920000,0.000000,245.492931,0.000000,0.832687,0.295897,0.000000,3569.379582,4.614297
46.930000,0.000000,245.492931,0.000000,0.832687,0.295897,0.000000,3569.379582,4.614297
46.940000,0.000000,245.492931,0.000000,0.832687,0.295897,0.000000,3569.379582,4.614297
46.950000,0.000000,245.492931,0.000000,0.832687,0.295897,0.000000,3569.379582,4.614297
46.960000,0.000000,245.492931,0.000000,0.832687,0.295897,0.000000,3569.379582,4.614297
46.970000,0.000000,245.492931,0.000000,0.832687,0.295897,0.000000,3569.379582,4.614297
46.980000,0.000000,245.492931,0.000000,0.832687,0.295897,0.000000,3569.379582,4.614297
46.990000,0.000000,245.492931,0.000000,0.832687,0.295897,0.000000,3569.379582,4.614297
47.000000,0.000000,245.492931,0.000000,0.832687,0.295897,0.000000,3569.379582,4.614297
47.010000,0.000000,245.492931,0.000000,0.832687,0.295897,0.000000,3569.379582,4.614297
47.020000,0.000000,245.492931,0.000000,0.832687,0.295897,0.000000,3569.379582,4.614297
47.030000,0.000000,245.492931,0.000000,0.832687,0.295897,0.000000,3569.379582,4.614297
47.040000,0.000000,245.492931,0.000000,0.832687,0.295897,0.000000,3569.379582,4.614297
47.050000,0.000000,245.492931,0.000000,0.832687,0.295897,0.000000,3569.379582,4.614297
47.060000,0.000000,245.492931,0.000000,0.832687,0.295897,0.000000,3569.379582,4.614297
47.070000,0.000000,245.492931,0.000000,0.832687,0.295897,0.000000,3569.379582,4.614297
47.080000,0.000000,245.492931,0.000000,0.832687,0.295897,0.000000,3569.379582,4.614297
47.090000,0.000000,245.492931,0.000000,0.832687,0.295897,0.000000,3569.379582,4.614297
47.100000,0.000000,245.492931,0.000000,0.832687,0.295897,0.000000,3569.379582,4.614297
47.110000,0.000000,245.492931,0.000000,0.832687,0.295897,0.000000,3569.379582,4.614297
47.120000,0.000000,245.492931,0.000000,0.832687,0.295897,0.000000,3569.379582,4.614297
47.130000,0.000000,245.492931,0.000000,0.832687,0.295897,0.000000,3569.379582,4.614297
47.140000,0.000000,245.492931,0.000000,0.832687,0.295897,0.000000,3569.379582,4.614297
47.150000,0.000000,245.492931,0.000000,0.832687,0.295897,0.000000,3569.379582,4.614297
47.160000,0.000000,245.492931,0.000000,0.832687,0.295897,0.000000,3569.379582,4.614297
47.170000,0.000000,245.492931,0.000000,0.832687,0.295897,0.000000,3569.379582,4.614297
47.180000,0.000000,245.492931,0.000000,0.832687,0.295897,0.000000,3569.379582,4.614297
47.190000,0.000000,245.492931,0.000000,0.832687,0.295897,0.000000,3569.379582,4.614297
47.200000,0.000000,245.492931,0.000000,0.832687,0.295897,0.000000,3569.379582,4.614297
47.210000,0.000000,245.492931,0.000000,0.832687,0.295897,0.000000,3569.379582,4.614297
47.220000,0.000000,245.492931,0.000000,0.832687,0.295897,0.000000,3569.379582,4.614297
47.230000,0.000000,245.492931,0.000000,0.832687,0.295897,0.000000,3569.379582,4.614297
47.240000,0.000000,245.492931,0.000000,0.832687,0.295897,0.000000,3569.379582,4.614297
47.250000,0.000000,245.492931,0.000000,0.832687,0.295897,0.000000,3569.379582,4.614297
47.260000,0.000000,245.492931,0.000000,0.832687,0.295897,0.000000,3569.379582,4.614297
47.270000,0.000000,245.492931,0.000000,0.832687,0.295897,0.000000,3569.379582,4.614297
47.280000,0.000000,245.492931,0.000000,0.832687,0.295897,0.000000,3569.379582,4.614297
47.290000,0.000000,245.492931,0.000000,0.832687,0.295897,0.000000,3569.379582,4.614297
47.300000,0.000000,245.492931,0.000000,0.832687,0.295897,0.000000,3569.379582,4.614297
47.310000,0.000000,245.492931,0.000000,0.832687,0.295897,0.000000,3569.379582,4.614297
47.320000,0.000000,245.492931,0.000000,0.832687,0.295897,0.000000,3569.379582,4.614297
47.330000,0.000000,245.492931,0.000000,0.832687,0.295897,0.000000,3569.379582,4.614297
47.340000,0.000000,245.492931,0.000000,0.832687,0.295897,0.000000,3569.379582,4.614297
47.350000,0.000000,245.492931,0.000000,0.832687,0.295897,0.000000,3569.379582,4.614297
47.360000,0.000000,245.492931,0.000000,0.832687,0.295897,0.000000,3569.379582,4.614297
47.370000,0.000000,245.492931,0.000000,0.832687,0.295897,0.000000,3569.379582,4.614297
47.380000,0.000000,245.492931,0.000000,0.832687,0.295897,0.000000,3569.379582,4.614297
47.390000,0.000000,245.492931,0.000000,0.832687,0.295897,0.000000,3569.379582,4.614297
47.400000,0.000000,245.492931,0.000000,0.832687,0.295897,0.000000,3569.379582,4.614297
47.410000,0.000000,245.492931,0.000000,0.832687,0.295897,0.000000,3569.379582,4.614297
47.420000,0.000000,245.492931,0.000000,0.832687,0.295897,0.000000,3569.379582,4.614297
47.430000,0.000000,245.492931,0.000000,0.832687,0.295897,0.000000,3569.379582,4.614297
47.440000,0.000000,245.492931,0.000000,0.832687,0.295897,0.000000,3569.379582,4.614297
47.450000,0.000000,245.492931,0.000000,0.832687,0.295897,0.000000,3569.379582,4.614297
47.460000,0.000000,245.492931,0.000000,0.832687,0.295897,0.000000,3569.379582,4.614297
47.470000,0.000000,245.492931,0.000000,0.832687,0.295897,0.000000,3569.379582,4.614297
47.480000,0.000000,245.492931,0.000000,0.832687,0.295897,0.000000,3569.379582,4.614297
47.490000,0.000000,245.492931,0.000000,0.832687,0.295897,0.000000,3569.379582,4.614297
47.500000,0.000000,245.492931,0.000000,0.832687,0.295897,0.000000,3569.379582,4.614297
47.510000,0.000000,245.492931,0.000000,0.832687,0.295897,0.000000,3569.379582,4.614297
47.520000,0.000000,245.492931,0.000000,0.832687,0.295897,0.000000,3569.379582,4.614297
47.530000,0.000000,245.492931,0.000000,0.832687,0.295897,0.000000,3569.379582,4.614297
47.540000,0.000000,245.492931,0.000000,0.832687,0.295897,0.000000,3569.379582,4.614297
47.550000,0.000000,245.492931,0.000000,0.832687,0.295897,0.000000,3569.379582,4.614297
47.560000,0.000000,245.492931,0.000000,0.832687,0.295897,0.000000,3569.379582,4.614297
47.570000,0.000000,245.492931,0.000000,0.832687,0.295897,0.000000,3569.379582,4.614297
47.580000,0.000000,245.492931,0.000000,0.832687,0.295897,0.000000,3569.379582,4.614297
47.590000,0.000000,245.492931,0.000000,0.832687,0.295897,0.000000,3569.379582,4.614297
47.600000,0.000000,245.492931,0.000000,0.832687,0.295897,0.000000,3569.379582,4.614297
47.610000,0.000000,245.492931,0.000000,0.832687,0.295897,0.000000,3569.379582,4.614297
47.620000,0.000000,245.492931,0.000000,0.832687,0.295897,0.000000,3569.379582,4.614297
47.630000,0.000000,245.492931,0.000000,0.832687,0.295897,0.000000,3569.379582,4.614297
47.640000,0.000000,245.492931,0.000000,0.832687,0.295897,0.000000,3569.379582,4.614297
47.650000,0.000000,245.492931,0.000000,0.832687,0.295897,0.000000,3569.379582,4.614297
47.660000,0.000000,245.492931,0.000000,0.832687,0.295897,0.000000,3569.379582,4.614297
47.670000,0.000000,245.492931,0.000000,0.832687,0.295897,0.000000,3569.379582,4.614297
47.680000,0.000000,245.492931,0.000000,0.832687,0.295897,0.000000,3569.379582,4.614297
47.690000,0.000000,245.492931,0.000000,0.832687,0.295897,0.000000,3569.379582,4.614297
47.700000,0.000000,245.492931,0.000000,0.832687,0.295897,0.000000,3569.379582,4.614297
47.710000,0.000000,245.492931,0.000000,0.832687,0.295897,0.000000,3569.379582,4.614297
47.720000,0.000000,245.492931,0.000000,0.832687,0.295897,0.000000,3569.379582,4.614297
47.730000,0.000000,245.492931,0.000000,0.832687,0.295897,0.000000,3569.379582,4.614297
47.740000,0.000000,245.492931,0.000000,0.832687,0.295897,0.000000,3569.379582,4.614297
47.750000,0.000000,245.492931,0.000000,0.832687,0.295897,0.000000,3569.379582,4.614297
47.760000,0.000000,245.492931,0.000000,0.832687,0.295897,0.000000,3569.379582,4.614297
47.770000,0.000000,245.492931,0.000000,0.832687,0.295897,0.000000,3569.379582,4.614297
47.780000,0.000000,245.492931,0.000000,0.832687,0.295897,0.000000,3569.379582,4.614297
47.790000,0.000000,245.492931,0.000000,0.832687,0.295897,0.000000,3569.379582,4.614297
47.800000,0.000000,245.492931,0.000000,0.832687,0.295897,0.000000,3569.379582,4.614297
47.810000,0.000000,245.492931,0.000000,0.832687,0.295897,0.000000,3569.379582,4.614297
47.820000,0.000000,245.492931,0.000000,0.832687,0.295897,0.000000,3569.379582,4.614297
47.830000,0.000000,245.492931,0.000000,0.832687,0.295897,0.000000,3569.379582,4.614297
47.840000,0.000000,245.492931,0.000000,0.832687,0.295897,0.000000,3569.379582,4.614297
47.850000,0.000000,245.492931,0.000000,0.832687,0.295897,0.000000,3569.379582,4.614297
47.860000,0.000000,245.492931,0.000000,0.832687,0.295897,0.000000,3569.379582,4.614297
47.870000,0.000000,245.492931,0.000000,0.832687,0.295897,0.000000,3569.379582,4.614297
47.880000,0.000000,245.492931,0.000000,0.832687,0.295897,0.000000,3569.379582,4.614297
47.890000,0.000000,245.492931,0.000000,0.832687,0.295897,0.000000,3569.379582,4.614297
47.900000,0.000000,245.492931,0.000000,0.832687,0.295897,0.000000,3569.379582,4.614297
47.910000,0.000000,245.492931,0.000000,0.832687,0.295897,0.000000,3569.379582,4.614297
47.920000,0.000000,245.492931,0.000000,0.832687,0.295897,0.000000,3569.379582,4.614297
47.930000,0.000000,245.492931,0.000000,0.832687,0.295897,0.000000,3569.379582,4.614297
47.940000,0.000000,245.492931,0.000000,0.832687,0.295897,0.000000,3569.379582,4.614297
47.950000,0.000000,245.492931,0.000000,0.832687,0.295897,0.000000,3569.379582,4.614297
47.960000,0.000000,245.492931,0.000000,0.832687,0.295897,0.000000,3569.379582,4.614297
47.970000,0.000000,245.492931,0.000000,0.832687,0.295897,0.000000,3569.379582,4.614297
47.980000,0.000000,245.492931,0.000000,0.832687,0.295897,0.000000,3569.379582,4.614297
47.990000,0.000000,245.492931,0.000000,0.832687,0.295897,0.000000,3569.379582,4.614297
48.000000,0.000000,245.492931,0.000000,0.832687,0.295897,0.000000,3569.379582,4.614297
48.010000,0.000000,245.492931,0.000000,0.832687,0.295897,0.000000,3569.379582,4.614297
48.020000,0.000000,245.492931,0.000000,0.832687,0.295897,0.000000,3569.379582,4.614297
48.030000,0.000000,245.492931,0.000000,0.832687,0.295897,0.000000,3569.379582,4.614297
48.040000,0.000000,245.492931,0.000000,0.832687,0.295897,0.000000,3569.379582,4.614297
48.050000,0.000000,245.492931,0.000000,0.832687,0.295897,0.000000,3569.379582,4.614297
48.060000,0.000000,245.492931,0.000000,0.832687,0.295897,0.000000,3569.379582,4.614297
48.070000,0.000000,245.492931,0.000000,0.832687,0.295897,0.000000,3569.379582,4.614297
48.080000,0.000000,245.492931,0.000000,0.832687,0.295897,0.000000,3569.379582,4.614297
48.090000,0.000000,245.492931,0.000000,0.832687,0.295897,0.000000,3569.379582,4.614297
48.100000,0.000000,245.492931,0.000000,0.832687,0.295897,0.000000,3569.379582,4.614297
48.110000,0.000000,245.492931,0.000000,0.832687,0.295897,0.000000,3569.379582,4.614297
48.120000,0.000000,245.492931,0.000000,0.832687,0.295897,0.000000,3569.379582,4.614297
48.130000,0.000000,245.492931,0.000000,0.832687,0.295897,0.000000,3569.379582,4.614297
48.140000,0.000000,245.492931,0.000000,0.832687,0.295897,0.000000,3569.379582,4.614297
48.150000,0.000000,245.492931,0.000000,0.832687,0.295897,0.000000,3569.379582,4.614297
48.160000,0.000000,245.492931,0.000000,0.832687,0.295897,0.000000,3569.379582,4.614297
48.170000,0.000000,245.492931,0.000000,0.832687,0.295897,0.000000,3569.379582,4.614297
48.180000,0.000000,245.492931,0.000000,0.832687,0.295897,0.000000,3569.379582,4.614297
48.190000,0.000000,245.492931,0.000000,0.832687,0.295897,0.000000,3569.379582,4.614297
48.200000,0.000000,245.492931,0.000000,0.832687,0.295897,0.000000,3569.379582,4.614297
48.210000,0.000000,245.492931,0.000000,0.832687,0.295897,0.000000,3569.379582,4.614297
48.220000,0.000000,245.492931,0.000000,0.832687,0.295897,0.000000,3569.379582,4.614297
48.230000,0.000000,245.492931,0.000000,0.832687,0.295897,0.000000,3569.379582,4.614297
48.240000,0.000000,245.492931,0.000000,0.832687,0.295897,0.000000,3569.379582,4.614297
48.250000,0.000000,245.492931,0.000000,0.832687,0.295897,0.000000,3569.379582,4.614297
48.260000,0.000000,245.492931,0.000000,0.832687,0.295897,0.000000,3569.379582,4.614297
48.270000,0.000000,245.492931,0.000000,0.832687,0.295897,0.000000,3569.379582,4.614297
48.280000,0.000000,245.492931,0.000000,0.832687,0.295897,0.000000,3569.379582,4.614297
48.290000,0.000000,245.492931,0.000000,0.832687,0.295897,0.000000,3569.379582,4.614297
48.300000,0.000000,245.492931,0.000000,0.832687,0.295897,0.000000,3569.379582,4.614297
48.310000,0.000000,245.492931,0.000000,0.832687,0.295897,0.000000,3569.379582,4.614297
48.320000,0.000000,245.492931,0.000000,0.832687,0.295897,0.000000,3569.379582,4.614297
48.330000,0.000000,245.492931,0.000000,0.832687,0.295897,0.000000,3569.379582,4.614297
48.340000,0.000000,245.492931,0.000000,0.832687,0.295897,0.000000,3569.379582,4.614297
48.350000,0.000000,245.492931,0.000000,0.832687,0.295897,0.000000,3569.379582,4.614297
48.360000,0.000000,245.492931,0.000000,0.832687,0.295897,0.000000,3569.379582,4.614297
48.370000,0.000000,245.492931,0.000000,0.832687,0.295897,0.000000,3569.379582,4.614297
48.380000,0.000000,245.492931,0.000000,0.832687,0.295897,0.000000,3569.379582,4.614297
48.390000,0.000000,245.492931,0.000000,0.832687,0.295897,0.000000,3569.379582,4.614297
48.400000,0.000000,245.492931,0.000000,0.832687,0.295897,0.000000,3569.379582,4.614297
48.410000,0.000000,245.492931,0.000000,0.832687,0.295897,0.000000,3569.379582,4.614297
48.420000,0.000000,245.492931,0.000000,0.832687,0.295897,0.000000,3569.379582,4.614297
48.430000,0.000000,245.492931,0.000000,0.832687,0.295897,0.000000,3569.379582,4.614297
48.440000,0.000000,245.492931,0.000000,0.832687,0.295897,0.000000,3569.379582,4.614297
48.450000,0.000000,245.492931,0.000000,0.832687,0.295897,0.000000,3569.379582,4.614297
48.460000,0.000000,245.492931,0.000000,0.832687,0.295897,0.000000,3569.379582,4.614297
48.470000,0.000000,245.492931,0.000000,0.832687,0.295897,0.000000,3569.379582,4.614297
48.480000,0.000000,245.492931,0.000000,0.832687,0.295897,0.000000,3569.379582,4.614297
48.490000,0.000000,245.492931,0.000000,0.832687,0.295897,0.000000,3569.379582,4.614297
48.500000,0.000000,245.492931,0.000000,0.832687,0.295897,0.000000,3569.379582,4.614297
48.510000,0.000000,245.492931,0.000000,0.832687,0.295897,0.000000,3569.379582,4.614297
48.520000,0.000000,245.492931,0.000000,0.832687,0.295897,0.000000,3569.379582,4.614297
48.530000,0.000000,245.492931,0.000000,0.832687,0.295897,0.000000,3569.379582,4.614297
48.540000,0.000000,245.492931,0.000000,0.832687,0.295897,0.000000,3569.379582,4.614297
48.550000,0.000000,245.492931,0.000000,0.832687,0.295897,0.000000,3569.379582,4.614297
48.560000,0.000000,245.492931,0.000000,0.832687,0.295897,0.000000,3569.379582,4.614297
48.570000,0.000000,245.492931,0.000000,0.832687,0.295897,0.000000,3569.379582,4.614297
48.580000,0.000000,245.492931,0.000000,0.832687,0.295897,0.000000,3569.379582,4.614297
48.590000,0.000000,245.492931,0.000000,0.832687,0.295897,0.000000,3569.379582,4.614297
48.600000,0.000000,245.492931,0.000000,0.832687,0.295897,0.000000,3569.379582,4.614297
48.610000,0.000000,245.492931,0.000000,0.832687,0.295897,0.000000,3569.379582,4.614297
48.620000,0.000000,245.492931,0.000000,0.832687,0.295897,0.000000,3569.379582,4.614297
48.630000,0.000000,245.492931,0.000000,0.832687,0.295897,0.000000,3569.379582,4.614297
48.640000,0.000000,245.492931,0.000000,0.832687,0.295897,0.000000,3569.379582,4.614297
48.650000,0.000000,245.492931,0.000000,0.832687,0.295897,0.000000,3569.379582,4.614297
48.660000,0.000000,245.492931,0.000000,0.832687,0.295897,0.000000,3569.379582,4.614297
48.670000,0.000000,245.492931,0.000000,0.832687,0.295897,0.000000,3569.379582,4.614297
48.680000,0.000000,245.492931,0.000000,0.832687,0.295897,0.000000,3569.379582,4.614297
48.690000,0.000000,245.492931,0.000000,0.832687,0.295897,0.000000,3569.379582,4.614297
48.700000,0.000000,245.492931,0.000000,0.832687,0.295897,0.000000,3569.379582,4.614297
48.710000,0.000000,245.492931,0.000000,0.832687,0.295897,0.000000,3569.379582,4.614297
48.720000,0.000000,245.492931,0.000000,0.832687,0.295897,0.000000,3569.379582,4.614297
48.730000,0.000000,245.492931,0.000000,0.832687,0.295897,0.000000,3569.379582,4.614297
48.740000,0.000000,245.492931,0.000000,0.832687,0.295897,0.000000,3569.379582,4.614297
48.750000,0.000000,245.492931,0.000000,0.832687,0.295897,0.000000,3569.379582,4.614297
48.760000,0.000000,245.492931,0.000000,0.832687,0.295897,0.000000,3569.379582,4.614297
48.770000,0.000000,245.492931,0.000000,0.832687,0.295897,0.000000,3569.379582,4.614297
48.780000,0.000000,245.492931,0.000000,0.832687,0.295897,0.000000,3569.379582,4.614297
48.790000,0.000000,245.492931,0.000000,0.832687,0.295897,0.000000,3569.379582,4.614297
48.800000,0.000000,245.492931,0.000000,0.832687,0.295897,0.000000,3569.379582,4.614297
48.810000,0.000000,245.492931,0.000000,0.832687,0.295897,0.000000,3569.379582,4.614297
48.820000,0.000000,245.492931,0.000000,0.832687,0.295897,0.000000,3569.379582,4.614297
48.830000,0.000000,245.492931,0.000000,0.832687,0.295897,0.000000,3569.379582,4.614297
48.840000,0.000000,245.492931,0.000000,0.832687,0.295897,0.000000,3569.379582,4.614297
48.850000,0.000000,245.492931,0.000000,0.832687,0.295897,0.000000,3569.379582,4.614297
48.860000,0.000000,245.492931,0.000000,0.832687,0.295897,0.000000,3569.379582,4.614297
48.870000,0.000000,245.492931,0.000000,0.832687,0.295897,0.000000,3569.379582,4.614297
48.880000,0.000000,245.492931,0.000000,0.832687,0.295897,0.000000,3569.379582,4.614297
48.890000,0.000000,245.492931,0.000000,0.832687,0.295897,0.000000,3569.379582,4.614297
48.900000,0.000000,245.492931,0.000000,0.832687,0.295897,0.000000,3569.379582,4.614297
48.910000,0.000000,245.492931,0.000000,0.832687,0.295897,0.000000,3569.379582,4.614297
48.920000,0.000000,245.492931,0.000000,0.832687,0.295897,0.000000,3569.379582,4.614297
48.930000,0.000000,245.492931,0.000000,0.832687,0.295897,0.000000,3569.379582,4.614297
48.940000,0.000000,245.492931,0.000000,0.832687,0.295897,0.000000,3569.379582,4.614297
48.950000,0.000000,245.492931,0.000000,0.832687,0.295897,0.000000,3569.379582,4.614297
48.960000,0.000000,245.492931,0.000000,0.832687,0.295897,0.000000,3569.379582,4.614297
48.970000,0.000000,245.492931,0.000000,0.832687,0.295897,0.000000,3569.379582,4.614297
48.980000,0.000000,245.492931,0.000000,0.832687,0.295897,0.000000,3569.379582,4.614297
48.990000,0.000000,245.492931,0.000000,0.832687,0.295897,0.000000,3569.379582,4.614297
49.000000,0.000000,245.492931,0.000000,0.832687,0.295897,0.000000,3569.379582,4.614297
49.010000,0.000000,245.492931,0.000000,0.832687,0.295897,0.000000,3569.379582,4.614297
49.020000,0.000000,245.492931,0.000000,0.832687,0.295897,0.000000,3569.379582,4.614297
49.030000,0.000000,245.492931,0.000000,0.832687,0.295897,0.000000,3569.379582,4.614297
49.040000,0.000000,245.492931,0.000000,0.832687,0.295897,0.000000,3569.379582,4.614297
49.050000,0.000000,245.492931,0.000000,0.832687,0.295897,0.000000,3569.379582,4.614297
49.060000,0.000000,245.492931,0.000000,0.832687,0.295897,0.000000,3569.379582,4.614297
49.070000,0.000000,245.492931,0.000000,0.832687,0.295897,0.000000,3569.379582,4.614297
49.080000,0.000000,245.492931,0.000000,0.832687,0.295897,0.000000,3569.379582,4.614297
49.090000,0.000000,245.492931,0.000000,0.832687,0.295897,0.000000,3569.379582,4.614297
49.100000,0.000000,245.492931,0.000000,0.832687,0.295897,0.000000,3569.379582,4.614297
49.110000,0.000000,245.492931,0.000000,0.832687,0.295897,0.000000,3569.379582,4.614297
49.120000,0.000000,245.492931,0.000000,0.832687,0.295897,0.000000,3569.379582,4.614297
49.130000,0.000000,245.492931,0.000000,0.832687,0.295897,0.000000,3569.379582,4.614297
49.140000,0.000000,245.492931,0.000000,0.832687,0.295897,0.000000,3569.379582,4.614297
49.150000,0.000000,245.492931,0.000000,0.832687,0.295897,0.000000,3569.379582,4.614297
49.160000,0.000000,245.492931,0.000000,0.832687,0.295897,0.000000,3569.379582,4.614297
49.170000,0.000000,245.492931,0.000000,0.832687,0.295897,0.000000,3569.379582,4.614297
49.180000,0.000000,245.492931,0.000000,0.832687,0.295897,0.000000,3569.379582,4.614297
49.190000,0.000000,245.492931,0.000000,0.832687,0.295897,0.000000,3569.379582,4.614297
49.200000,0.000000,245.492931,0.000000,0.832687,0.295897,0.000000,3569.379582,4.614297
49.210000,0.000000,245.492931,0.000000,0.832687,0.295897,0.000000,3569.379582,4.614297
49.220000,0.000000,245.492931,0.000000,0.832687,0.295897,0.000000,3569.379582,4.614297
49.230000,0.000000,245.492931,0.000000,0.832687,0.295897,0.000000,3569.379582,4.614297
49.240000,0.000000,245.492931,0.000000,0.832687,0.295897,0.000000,3569.379582,4.614297
49.250000,0.000000,245.492931,0.000000,0.832687,0.295897,0.000000,3569.379582,4.614297
49.260000,0.000000,245.492931,0.000000,0.832687,0.295897,0.000000,3569.379582,4.614297
49.270000,0.000000,245.492931,0.000000,0.832687,0.295897,0.000000,3569.379582,4.614297
49.280000,0.000000,245.492931,0.000000,0.832687,0.295897,0.000000,3569.379582,4.614297
49.290000,0.000000,245.492931,0.000000,0.832687,0.295897,0.000000,3569.379582,4.614297
49.300000,0.000000,245.492931,0.000000,0.832687,0.295897,0.000000,3569.379582,4.614297
49.310000,0.000000,245.492931,0.000000,0.832687,0.295897,0.000000,3569.379582,4.614297
49.320000,0.000000,245.492931,0.000000,0.832687,0.295897,0.000000,3569.379582,4.614297
49.330000,0.000000,245.492931,0.000000,0.832687,0.295897,0.000000,3569.379582,4.614297
49.340000,0.000000,245.492931,0.000000,0.832687,0.295897,0.000000,3569.379582,4.614297
49.350000,0.000000,245.492931,0.000000,0.832687,0.295897,0.000000,3569.379582,4.614297
49.360000,0.000000,245.492931,0.000000,0.832687,0.295897,0.000000,3569.379582,4.614297
49.370000,0.000000,245.492931,0.000000,0.832687,0.295897,0.000000,3569.379582,4.614297
49.380000,0.000000,245.492931,0.000000,0.832687,0.295897,0.000000,3569.379582,4.614297
49.390000,0.000000,245.492931,0.000000,0.832687,0.295897,0.000000,3569.379582,4.614297
49.400000,0.000000,245.492931,0.000000,0.832687,0.295897,0.000000,3569.379582,4.614297
49.410000,0.000000,245.492931,0.000000,0.832687,0.295897,0.000000,3569.379582,4.614297
49.420000,0.000000,245.492931,0.000000,0.832687,0.295897,0.000000,3569.379582,4.614297
49.430000,0.000000,245.492931,0.000000,0.832687,0.295897,0.000000,3569.379582,4.614297
49.440000,0.000000,245.492931,0.000000,0.832687,0.295897,0.000000,3569.379582,4.614297
49.450000,0.000000,245.492931,0.000000,0.832687,0.295897,0.000000,3569.379582,4.614297
49.460000,0.000000,245.492931,0.000000,0.832687,0.295897,0.000000,3569.379582,4.614297
49.470000,0.000000,245.492931,0.000000,0.832687,0.295897,0.000000,3569.379582,4.614297
49.480000,0.000000,245.492931,0.000000,0.832687,0.295897,0.000000,3569.379582,4.614297
49.490000,0.000000,245.492931,0.000000,0.832687,0.295897,0.000000,3569.379582,4.614297
49.500000,0.000000,245.492931,0.000000,0.832687,0.295897,0.000000,3569.379582,4.614297
49.510000,0.000000,245.492931,0.000000,0.832687,0.295897,0.000000,3569.379582,4.614297
49.520000,0.000000,245.492931,0.000000,0.832687,0.295897,0.000000,3569.379582,4.614297
49.530000,0.000000,245.492931,0.000000,0.832687,0.295897,0.000000,3569.379582,4.614297
49.540000,0.000000,245.492931,0.000000,0.832687,0.295897,0.000000,3569.379582,4.614297
49.550000,0.000000,245.492931,0.000000,0.832687,0.295897,0.000000,3569.379582,4.614297
49.560000,0.000000,245.492931,0.000000,0.832687,0.295897,0.000000,3569.379582,4.614297
49.570000,0.000000,245.492931,0.000000,0.832687,0.295897,0.000000,3569.379582,4.614297
49.580000,0.000000,245.492931,0.000000,0.832687,0.295897,0.000000,3569.379582,4.614297
49.590000,0.000000,245.492931,0.000000,0.832687,0.295897,0.000000,3569.379582,4.614297
49.600000,0.000000,245.492931,0.000000,0.832687,0.295897,0.000000,3569.379582,4.614297
49.610000,0.000000,245.492931,0.000000,0.832687,0.295897,0.000000,3569.379582,4.614297
49.620000,0.000000,245.492931,0.000000,0.832687,0.295897,0.000000,3569.379582,4.614297
49.630000,0.000000,245.492931,0.000000,0.832687,0.295897,0.000000,3569.379582,4.614297
49.640000,0.000000,245.492931,0.000000,0.832687,0.295897,0.000000,3569.379582,4.614297
49.650000,0.000000,245.492931,0.000000,0.832687,0.295897,0.000000,3569.379582,4.614297
49.660000,0.000000,245.492931,0.000000,0.832687,0.295897,0.000000,3569.379582,4.614297
49.670000,0.000000,245.492931,0.000000,0.832687,0.295897,0.000000,3569.379582,4.614297
49.680000,0.000000,245.492931,0.000000,0.832687,0.295897,0.000000,3569.379582,4.614297
49.690000,0.000000,245.492931,0.000000,0.832687,0.295897,0.000000,3569.379582,4.614297
49.700000,0.000000,245.492931,0.000000,0.832687,0.295897,0.000000,3569.379582,4.614297
49.710000,0.000000,245.492931,0.000000,0.832687,0.295897,0.000000,3569.379582,4.614297
49.720000,0.000000,245.492931,0.000000,0.832687,0.295897,0.000000,3569.379582,4.614297
49.730000,0.000000,245.492931,0.000000,0.832687,0.295897,0.000000,3569.379582,4.614297
49.740000,0.000000,245.492931,0.000000,0.832687,0.295897,0.000000,3569.379582,4.614297
49.750000,0.000000,245.492931,0.000000,0.832687,0.295897,0.000000,3569.379582,4.614297
49.760000,0.000000,245.492931,0.000000,0.832687,0.295897,0.000000,3569.379582,4.614297
49.770000,0.000000,245.492931,0.000000,0.832687,0.295897,0.000000,3569.379582,4.614297
49.780000,0.000000,245.492931,0.000000,0.832687,0.295897,0.000000,3569.379582,4.614297
49.790000,0.000000,245.492931,0.000000,0.832687,0.295897,0.000000,3569.379582,4.614297
49.800000,0.000000,245.492931,0.000000,0.832687,0.295897,0.000000,3569.379582,4.614297
49.810000,0.000000,245.492931,0.000000,0.832687,0.295897,0.000000,3569.379582,4.614297
49.820000,0.000000,245.492931,0.000000,0.832687,0.295897,0.000000,3569.379582,4.614297
49.830000,0.000000,245.492931,0.000000,0.832687,0.295897,0.000000,3569.379582,4.614297
49.840000,0.000000,245.492931,0.000000,0.832687,0.295897,0.000000,3569.379582,4.614297
49.850000,0.000000,245.492931,0.000000,0.832687,0.295897,0.000000,3569.379582,4.614297
49.860000,0.000000,245.492931,0.000000,0.832687,0.295897,0.000000,3569.379582,4.614297
49.870000,0.000000,245.492931,0.000000,0.832687,0.295897,0.000000,3569.379582,4.614297
49.880000,0.000000,245.492931,0.000000,0.832687,0.295897,0.000000,3569.379582,4.614297
49.890000,0.000000,245.492931,0.000000,0.832687,0.295897,0.000000,3569.379582,4.614297
49.900000,0.000000,245.492931,0.000000,0.832687,0.295897,0.000000,3569.379582,4.614297
49.910000,0.000000,245.492931,0.000000,0.832687,0.295897,0.000000,3569.379582,4.614297
49.920000,0.000000,245.492931,0.000000,0.832687,0.295897,0.000000,3569.379582,4.614297
49.930000,0.000000,245.492931,0.000000,0.832687,0.295897,0.000000,3569.379582,4.614297
49.940000,0.000000,245.492931,0.000000,0.832687,0.295897,0.000000,3569.379582,4.614297
49.950000,0.000000,245.492931,0.000000,0.832687,0.295897,0.000000,3569.379582,4.614297
49.960000,0.000000,245.492931,0.000000,0.832687,0.295897,0.000000,3569.379582,4.614297
49.970000,0.000000,245.492931,0.000000,0.832687,0.295897,0.000000,3569.379582,4.614297
49.980000,0.000000,245.492931,0.000000,0.832687,0.295897,0.000000,3569.379582,4.614297
49.990000,0.000000,245.492931,0.000000,0.832687,0.295897,0.000000,3569.379582,4.614297
50.000000,0.000000,245.492931,0.000000,0.832687,0.295897,0.000000,3569.379582,4.614297
50.010000,0.000000,245.492931,0.000000,0.832687,0.295897,0.000000,3569.379582,4.614297
50.020000,0.000000,245.492931,0.000000,0.832687,0.295897,0.000000,3569.379582,4.614297
50.030000,0.000000,245.492931,0.000000,0.832687,0.295897,0.000000,3569.379582,4.614297
50.040000,0.000000,245.492931,0.000000,0.832687,0.295897,0.000000,3569.379582,4.614297
50.050000,0.000000,245.492931,0.000000,0.832687,0.295897,0.000000,3569.379582,4.614297
50.060000,0.000000,245.492931,0.000000,0.832687,0.295897,0.000000,3569.379582,4.614297
50.070000,0.000000,245.492931,0.000000,0.832687,0.295897,0.000000,3569.379582,4.614297
50.080000,0.000000,245.492931,0.000000,0.832687,0.295897,0.000000,3569.379582,4.614297
50.090000,0.000000,245.492931,0.000000,0.832687,0.295897,0.000000,3569.379582,4.614297
50.100000,0.000000,245.492931,0.000000,0.832687,0.295897,0.000000,3569.379582,4.614297
50.110000,0.000000,245.492931,0.000000,0.832687,0.295897,0.000000,3569.379582,4.614297
50.120000,0.000000,245.492931,0.000000,0.832687,0.295897,0.000000,3569.379582,4.614297
50.130000,0.000000,245.492931,0.000000,0.832687,0.295897,0.000000,3569.379582,4.614297
50.140000,0.000000,245.492931,0.000000,0.832687,0.295897,0.000000,3569.379582,4.614297
50.150000,0.000000,245.492931,0.000000,0.832687,0.295897,0.000000,3569.379582,4.614297
50.160000,0.000000,245.492931,0.000000,0.832687,0.295897,0.000000,3569.379582,4.614297
50.170000,0.000000,245.492931,0.000000,0.832687,0.295897,0.000000,3569.379582,4.614297
50.180000,0.000000,245.492931,0.000000,0.832687,0.295897,0.000000,3569.379582,4.614297
50.190000,0.000000,245.492931,0.000000,0.832687,0.295897,0.000000,3569.379582,4.614297
50.200000,0.000000,245.492931,0.000000,0.832687,0.295897,0.000000,3569.379582,4.614297
50.210000,0.000000,245.492931,0.000000,0.832687,0.295897,0.000000,3569.379582,4.614297
50.220000,0.000000,245.492931,0.000000,0.832687,0.295897,0.000000,3569.379582,4.614297
50.230000,0.000000,245.492931,0.000000,0.832687,0.295897,0.000000,3569.379582,4.614297
50.240000,0.000000,245.492931,0.000000,0.832687,0.295897,0.000000,3569.379582,4.614297
50.250000,0.000000,245.492931,0.000000,0.832687,0.295897,0.000000,3569.379582,4.614297
50.260000,0.000000,245.492931,0.000000,0.832687,0.295897,0.000000,3569.379582,4.614297
50.270000,0.000000,245.492931,0.000000,0.832687,0.295897,0.000000,3569.379582,4.614297
50.280000,0.000000,245.492931,0.000000,0.832687,0.295897,0.000000,3569.379582,4.614297
50.290000,0.000000,245.492931,0.000000,0.832687,0.295897,0.000000,3569.379582,4.614297
50.300000,0.000000,245.492931,0.000000,0.832687,0.295897,0.000000,3569.379582,4.614297
50.310000,0.000000,245.492931,0.000000,0.832687,0.295897,0.000000,3569.379582,4.614297
50.320000,0.000000,245.492931,0.000000,0.832687,0.295897,0.000000,3569.379582,4.614297
50.330000,0.000000,245.492931,0.000000,0.832687,0.295897,0.000000,3569.379582,4.614297
50.340000,0.000000,245.492931,0.000000,0.832687,0.295897,0.000000,3569.379582,4.614297
50.350000,0.000000,245.492931,0.000000,0.832687,0.295897,0.000000,3569.379582,4.614297
50.360000,0.000000,245.492931,0.000000,0.832687,0.295897,0.000000,3569.379582,4.614297
50.370000,0.000000,245.492931,0.000000,0.832687,0.295897,0.000000,3569.379582,4.614297
50.380000,0.000000,245.492931,0.000000,0.832687,0.295897,0.000000,3569.379582,4.614297
50.390000,0.000000,245.492931,0.000000,0.832687,0.295897,0.000000,3569.379582,4.614297
50.400000,0.000000,245.492931,0.000000,0.832687,0.295897,0.000000,3569.379582,4.614297
50.410000,0.000000,245.492931,0.000000,0.832687,0.295897,0.000000,3569.379582,4.614297
50.420000,0.000000,245.492931,0.000000,0.832687,0.295897,0.000000,3569.379582,4.614297
50.430000,0.000000,245.492931,0.000000,0.832687,0.295897,0.000000,3569.379582,4.614297
50.440000,0.000000,245.492931,0.000000,0.832687,0.295897,0.000000,3569.379582,4.614297
50.450000,0.000000,245.492931,0.000000,0.832687,0.295897,0.000000,3569.379582,4.614297
50.460000,0.000000,245.492931,0.000000,0.832687,0.295897,0.000000,3569.379582,4.614297
50.470000,0.000000,245.492931,0.000000,0.832687,0.295897,0.000000,3569.379582,4.614297
50.480000,0.000000,245.492931,0.000000,0.832687,0.295897,0.000000,3569.379582,4.614297
50.490000,0.000000,245.492931,0.000000,0.832687,0.295897,0.000000,3569.379582,4.614297
50.500000,0.000000,245.492931,0.000000,0.832687,0.295897,0.000000,3569.379582,4.614297
50.510000,0.000000,245.492931,0.000000,0.832687,0.295897,0.000000,3569.379582,4.614297
50.520000,0.000000,245.492931,0.000000,0.832687,0.295897,0.000000,3569.379582,4.614297
50.530000,0.000000,245.492931,0.000000,0.832687,0.295897,0.000000,3569.379582,4.614297
50.540000,0.000000,245.492931,0.000000,0.832687,0.295897,0.000000,3569.379582,4.614297
50.550000,0.000000,245.492931,0.000000,0.832687,0.295897,0.000000,3569.379582,4.614297
50.560000,0.000000,245.492931,0.000000,0.832687,0.295897,0.000000,3569.379582,4.614297
50.570000,0.000000,245.492931,0.000000,0.832687,0.295897,0.000000,3569.379582,4.614297
50.580000,0.000000,245.492931,0.000000,0.832687,0.295897,0.000000,3569.379582,4.614297
50.590000,0.000000,245.492931,0.000000,0.832687,0.295897,0.000000,3569.379582,4.614297
50.600000,0.000000,245.492931,0.000000,0.832687,0.295897,0.000000,3569.379582,4.614297
50.610000,0.000000,245.492931,0.000000,0.832687,0.295897,0.000000,3569.379582,4.614297
50.620000,0.000000,245.492931,0.000000,0.832687,0.295897,0.000000,3569.379582,4.614297
50.630000,0.000000,245.492931,0.000000,0.832687,0.295897,0.000000,3569.379582,4.614297
50.640000,0.000000,245.492931,0.000000,0.832687,0.295897,0.000000,3569.379582,4.614297
50.650000,0.000000,245.492931,0.000000,0.832687,0.295897,0.000000,3569.379582,4.614297
50.660000,0.000000,245.492931,0.000000,0.832687,0.295897,0.000000,3569.379582,4.614297
50.670000,0.000000,245.492931,0.000000,0.832687,0.295897,0.000000,3569.379582,4.614297
50.680000,0.000000,245.492931,0.000000,0.832687,0.295897,0.000000,3569.379582,4.614297
50.690000,0.000000,245.492931,0.000000,0.832687,0.295897,0.000000,3569.379582,4.614297
50.700000,0.000000,245.492931,0.000000,0.832687,0.295897,0.000000,3569.379582,4.614297
50.710000,0.000000,245.492931,0.000000,0.832687,0.295897,0.000000,3569.379582,4.614297
50.720000,0.000000,245.492931,0.000000,0.832687,0.295897,0.000000,3569.379582,4.614297
50.730000,0.000000,245.492931,0.000000,0.832687,0.295897,0.000000,3569.379582,4.614297
50.740000,0.000000,245.492931,0.000000,0.832687,0.295897,0.000000,3569.379582,4.614297
50.750000,0.000000,245.492931,0.000000,0.832687,0.295897,0.000000,3569.379582,4.614297
50.760000,0.000000,245.492931,0.000000,0.832687,0.295897,0.000000,3569.379582,4.614297
50.770000,0.000000,245.492931,0.000000,0.832687,0.295897,0.000000,3569.379582,4.614297
50.780000,0.000000,245.492931,0.000000,0.832687,0.295897,0.000000,3569.379582,4.614297
50.790000,0.000000,245.492931,0.000000,0.832687,0.295897,0.000000,3569.379582,4.614297
50.800000,0.000000,245.492931,0.000000,0.832687,0.295897,0.000000,3569.379582,4.614297
50.810000,0.000000,245.492931,0.000000,0.832687,0.295897,0.000000,3569.379582,4.614297
50.820000,0.000000,245.492931,0.000000,0.832687,0.295897,0.000000,3569.379582,4.614297
50.830000,0.000000,245.492931,0.000000,0.832687,0.295897,0.000000,3569.379582,4.614297
50.840000,0.000000,245.492931,0.000000,0.832687,0.295897,0.000000,3569.379582,4.614297
50.850000,0.000000,245.492931,0.000000,0.832687,0.295897,0.000000,3569.379582,4.614297
50.860000,0.000000,245.492931,0.000000,0.832687,0.295897,0.000000,3569.379582,4.614297
50.870000,0.000000,245.492931,0.000000,0.832687,0.295897,0.000000,3569.379582,4.614297
50.880000,0.000000,245.492931,0.000000,0.832687,0.295897,0.000000,3569.379582,4.614297
50.890000,0.000000,245.492931,0.000000,0.832687,0.295897,0.000000,3569.379582,4.614297
50.900000,0.000000,245.492931,0.000000,0.832687,0.295897,0.000000,3569.379582,4.614297
50.910000,0.000000,245.492931,0.000000,0.832687,0.295897,0.000000,3569.379582,4.614297
50.920000,0.000000,245.492931,0.000000,0.832687,0.295897,0.000000,3569.379582,4.614297
50.930000,0.000000,245.492931,0.000000,0.832687,0.295897,0.000000,3569.379582,4.614297
50.940000,0.000000,245.492931,0.000000,0.832687,0.295897,0.000000,3569.379582,4.614297
50.950000,0.000000,245.492931,0.000000,0.832687,0.295897,0.000000,3569.379582,4.614297
50.960000,0.000000,245.492931,0.000000,0.832687,0.295897,0.000000,3569.379582,4.614297
50.970000,0.000000,245.492931,0.000000,0.832687,0.295897,0.000000,3569.379582,4.614297
50.980000,0.000000,245.492931,0.000000,0.832687,0.295897,0.000000,3569.379582,4.614297
50.990000,0.000000,245.492931,0.000000,0.832687,0.295897,0.000000,3569.379582,4.614297
51.000000,0.000000,245.492931,0.000000,0.832687,0.295897,0.000000,3569.379582,4.614297
51.010000,0.000000,245.492931,0.000000,0.832687,0.295897,0.000000,3569.379582,4.614297
51.020000,0.000000,245.492931,0.000000,0.832687,0.295897,0.000000,3569.379582,4.614297
51.030000,0.000000,245.492931,0.000000,0.832687,0.295897,0.000000,3569.379582,4.614297
51.040000,0.000000,245.492931,0.000000,0.832687,0.295897,0.000000,3569.379582,4.614297
51.050000,0.000000,245.492931,0.000000,0.832687,0.295897,0.000000,3569.379582,4.614297
51.060000,0.000000,245.492931,0.000000,0.832687,0.295897,0.000000,3569.379582,4.614297
51.070000,0.000000,245.492931,0.000000,0.832687,0.295897,0.000000,3569.379582,4.614297
51.080000,0.000000,245.492931,0.000000,0.832687,0.295897,0.000000,3569.379582,4.614297
51.090000,0.000000,245.492931,0.000000,0.832687,0.295897,0.000000,3569.379582,4.614297
51.100000,0.000000,245.492931,0.000000,0.832687,0.295897,0.000000,3569.379582,4.614297
51.110000,0.000000,245.492931,0.000000,0.832687,0.295897,0.000000,3569.379582,4.614297
51.120000,0.000000,245.492931,0.000000,0.832687,0.295897,0.000000,3569.379582,4.614297
51.130000,0.000000,245.492931,0.000000,0.832687,0.295897,0.000000,3569.379582,4.614297
51.140000,0.000000,245.492931,0.000000,0.832687,0.295897,0.000000,3569.379582,4.614297
51.150000,0.000000,245.492931,0.000000,0.832687,0.295897,0.000000,3569.379582,4.614297
51.160000,0.000000,245.492931,0.000000,0.832687,0.295897,0.000000,3569.379582,4.614297
51.170000,0.000000,245.492931,0.000000,0.832687,0.295897,0.000000,3569.379582,4.614297
51.180000,0.000000,245.492931,0.000000,0.832687,0.295897,0.000000,3569.379582,4.614297
51.190000,0.000000,245.492931,0.000000,0.832687,0.295897,0.000000,3569.379582,4.614297
51.200000,0.000000,245.492931,0.000000,0.832687,0.295897,0.000000,3569.379582,4.614297
51.210000,0.000000,245.492931,0.000000,0.832687,0.295897,0.000000,3569.379582,4.614297
51.220000,0.000000,245.492931,0.000000,0.832687,0.295897,0.000000,3569.379582,4.614297
51.230000,0.000000,245.492931,0.000000,0.832687,0.295897,0.000000,3569.379582,4.614297
51.240000,0.000000,245.492931,0.000000,0.832687,0.295897,0.000000,3569.379582,4.614297
51.250000,0.000000,245.492931,0.000000,0.832687,0.295897,0.000000,3569.379582,4.614297
51.260000,0.000000,245.492931,0.000000,0.832687,0.295897,0.000000,3569.379582,4.614297
51.270000,0.000000,245.492931,0.000000,0.832687,0.295897,0.000000,3569.379582,4.614297
51.280000,0.000000,245.492931,0.000000,0.832687,0.295897,0.000000,3569.379582,4.614297
51.290000,0.000000,245.492931,0.000000,0.832687,0.295897,0.000000,3569.379582,4.614297
51.300000,0.000000,245.492931,0.000000,0.832687,0.295897,0.000000,3569.379582,4.614297
51.310000,0.000000,245.492931,0.000000,0.832687,0.295897,0.000000,3569.379582,4.614297
51.320000,0.000000,245.492931,0.000000,0.832687,0.295897,0.000000,3569.379582,4.614297
51.330000,0.000000,245.492931,0.000000,0.832687,0.295897,0.000000,3569.379582,4.614297
51.340000,0.000000,245.492931,0.000000,0.832687,0.295897,0.000000,3569.379582,4.614297
51.350000,0.000000,245.492931,0.000000,0.832687,0.295897,0.000000,3569.379582,4.614297
51.360000,0.000000,245.492931,0.000000,0.832687,0.295897,0.000000,3569.379582,4.614297
51.370000,0.000000,245.492931,0.000000,0.832687,0.295897,0.000000,3569.379582,4.614297
51.380000,0.000000,245.492931,0.000000,0.832687,0.295897,0.000000,3569.379582,4.614297
51.390000,0.000000,245.492931,0.000000,0.832687,0.295897,0.000000,3569.379582,4.614297
51.400000,0.000000,245.492931,0.000000,0.832687,0.295897,0.000000,3569.379582,4.614297
51.410000,0.000000,245.492931,0.000000,0.832687,0.295897,0.000000,3569.379582,4.614297
51.420000,0.000000,245.492931,0.000000,0.832687,0.295897,0.000000,3569.379582,4.614297
51.430000,0.000000,245.492931,0.000000,0.832687,0.295897,0.000000,3569.379582,4.614297
51.440000,0.000000,245.492931,0.000000,0.832687,0.295897,0.000000,3569.379582,4.614297
51.450000,0.000000,245.492931,0.000000,0.832687,0.295897,0.000000,3569.379582,4.614297
51.460000,0.000000,245.492931,0.000000,0.832687,0.295897,0.000000,3569.379582,4.614297
51.470000,0.000000,245.492931,0.000000,0.832687,0.295897,0.000000,3569.379582,4.614297
51.480000,0.000000,245.492931,0.000000,0.832687,0.295897,0.000000,3569.379582,4.614297
51.490000,0.000000,245.492931,0.000000,0.832687,0.295897,0.000000,3569.379582,4.614297
51.500000,0.000000,245.492931,0.000000,0.832687,0.295897,0.000000,3569.379582,4.614297
51.510000,0.000000,245.492931,0.000000,0.832687,0.295897,0.000000,3569.379582,4.614297
51.520000,0.000000,245.492931,0.000000,0.832687,0.295897,0.000000,3569.379582,4.614297
51.530000,0.000000,245.492931,0.000000,0.832687,0.295897,0.000000,3569.379582,4.614297
51.540000,0.000000,245.492931,0.000000,0.832687,0.295897,0.000000,3569.379582,4.614297
51.550000,0.000000,245.492931,0.000000,0.832687,0.295897,0.000000,3569.379582,4.614297
51.560000,0.000000,245.492931,0.000000,0.832687,0.295897,0.000000,3569.379582,4.614297
51.570000,0.000000,245.492931,0.000000,0.832687,0.295897,0.000000,3569.379582,4.614297
51.580000,0.000000,245.492931,0.000000,0.832687,0.295897,0.000000,3569.379582,4.614297
51.590000,0.000000,245.492931,0.000000,0.832687,0.295897,0.000000,3569.379582,4.614297
51.600000,0.000000,245.492931,0.000000,0.832687,0.295897,0.000000,3569.379582,4.614297
51.610000,0.000000,245.492931,0.000000,0.832687,0.295897,0.000000,3569.379582,4.614297
51.620000,0.000000,245.492931,0.000000,0.832687,0.295897,0.000000,3569.379582,4.614297
51.630000,0.000000,245.492931,0.000000,0.832687,0.295897,0.000000,3569.379582,4.614297
51.640000,0.000000,245.492931,0.000000,0.832687,0.295897,0.000000,3569.379582,4.614297
51.650000,0.000000,245.492931,0.000000,0.832687,0.295897,0.000000,3569.379582,4.614297
51.660000,0.000000,245.492931,0.000000,0.832687,0.295897,0.000000,3569.379582,4.614297
51.670000,0.000000,245.492931,0.000000,0.832687,0.295897,0.000000,3569.379582,4.614297
51.680000,0.000000,245.492931,0.000000,0.832687,0.295897,0.000000,3569.379582,4.614297
51.690000,0.000000,245.492931,0.000000,0.832687,0.295897,0.000000,3569.379582,4.614297
51.700000,0.000000,245.492931,0.000000,0.832687,0.295897,0.000000,3569.379582,4.614297
51.710000,0.000000,245.492931,0.000000,0.832687,0.295897,0.000000,3569.379582,4.614297
51.720000,0.000000,245.492931,0.000000,0.832687,0.295897,0.000000,3569.379582,4.614297
51.730000,0.000000,245.492931,0.000000,0.832687,0.295897,0.000000,3569.379582,4.614297
51.740000,0.000000,245.492931,0.000000,0.832687,0.295897,0.000000,3569.379582,4.614297
51.750000,0.000000,245.492931,0.000000,0.832687,0.295897,0.000000,3569.379582,4.614297
51.760000,0.000000,245.492931,0.000000,0.832687,0.295897,0.000000,3569.379582,4.614297
51.770000,0.000000,245.492931,0.000000,0.832687,0.295897,0.000000,3569.379582,4.614297
51.780000,0.000000,245.492931,0.000000,0.832687,0.295897,0.000000,3569.379582,4.614297
51.790000,0.000000,245.492931,0.000000,0.832687,0.295897,0.000000,3569.379582,4.614297
51.800000,0.000000,245.492931,0.000000,0.832687,0.295897,0.000000,3569.379582,4.614297
51.810000,0.000000,245.492931,0.000000,0.832687,0.295897,0.000000,3569.379582,4.614297
51.820000,0.000000,245.492931,0.000000,0.832687,0.295897,0.000000,3569.379582,4.614297
51.830000,0.000000,245.492931,0.000000,0.832687,0.295897,0.000000,3569.379582,4.614297
51.840000,0.000000,245.492931,0.000000,0.832687,0.295897,0.000000,3569.379582,4.614297
51.850000,0.000000,245.492931,0.000000,0.832687,0.295897,0.000000,3569.379582,4.614297
51.860000,0.000000,245.492931,0.000000,0.832687,0.295897,0.000000,3569.379582,4.614297
51.870000,0.000000,245.492931,0.000000,0.832687,0.295897,0.000000,3569.379582,4.614297
51.880000,0.000000,245.492931,0.000000,0.832687,0.295897,0.000000,3569.379582,4.614297
51.890000,0.000000,245.492931,0.000000,0.832687,0.295897,0.000000,3569.379582,4.614297
51.900000,0.000000,245.492931,0.000000,0.832687,0.295897,0.000000,3569.379582,4.614297
51.910000,0.000000,245.492931,0.000000,0.832687,0.295897,0.000000,3569.379582,4.614297
51.920000,0.000000,245.492931,0.000000,0.832687,0.295897,0.000000,3569.379582,4.614297
51.930000,0.000000,245.492931,0.000000,0.832687,0.295897,0.000000,3569.379582,4.614297
51.940000,0.000000,245.492931,0.000000,0.832687,0.295897,0.000000,3569.379582,4.614297
51.950000,0.000000,245.492931,0.000000,0.832687,0.295897,0.000000,3569.379582,4.614297
51.960000,0.000000,245.492931,0.000000,0.832687,0.295897,0.000000,3569.379582,4.614297
51.970000,0.000000,245.492931,0.000000,0.832687,0.295897,0.000000,3569.379582,4.614297
51.980000,0.000000,245.492931,0.000000,0.832687,0.295897,0.000000,3569.379582,4.614297
51.990000,0.000000,245.492931,0.000000,0.832687,0.295897,0.000000,3569.379582,4.614297
52.000000,0.000000,245.492931,0.000000,0.832687,0.295897,0.000000,3569.379582,4.614297
52.010000,0.000000,245.492931,0.000000,0.832687,0.295897,0.000000,3569.379582,4.614297
52.020000,0.000000,245.492931,0.000000,0.832687,0.295897,0.000000,3569.379582,4.614297
52.030000,0.000000,245.492931,0.000000,0.832687,0.295897,0.000000,3569.379582,4.614297
52.040000,0.000000,245.492931,0.000000,0.832687,0.295897,0.000000,3569.379582,4.614297
52.050000,0.000000,245.492931,0.000000,0.832687,0.295897,0.000000,3569.379582,4.614297
52.060000,0.000000,245.492931,0.000000,0.832687,0.295897,0.000000,3569.379582,4.614297
52.070000,0.000000,245.492931,0.000000,0.832687,0.295897,0.000000,3569.379582,4.614297
52.080000,0.000000,245.492931,0.000000,0.832687,0.295897,0.000000,3569.379582,4.614297
52.090000,0.000000,245.492931,0.000000,0.832687,0.295897,0.000000,3569.379582,4.614297
52.100000,0.000000,245.492931,0.000000,0.832687,0.295897,0.000000,3569.379582,4.614297
52.110000,0.000000,245.492931,0.000000,0.832687,0.295897,0.000000,3569.379582,4.614297
52.120000,0.000000,245.492931,0.000000,0.832687,0.295897,0.000000,3569.379582,4.614297
52.130000,0.000000,245.492931,0.000000,0.832687,0.295897,0.000000,3569.379582,4.614297
52.140000,0.000000,245.492931,0.000000,0.832687,0.295897,0.000000,3569.379582,4.614297
52.150000,0.000000,245.492931,0.000000,0.832687,0.295897,0.000000,3569.379582,4.614297
52.160000,0.000000,245.492931,0.000000,0.832687,0.295897,0.000000,3569.379582,4.614297
52.170000,0.000000,245.492931,0.000000,0.832687,0.295897,0.000000,3569.379582,4.614297
52.180000,0.000000,245.492931,0.000000,0.832687,0.295897,0.000000,3569.379582,4.614297
52.190000,0.000000,245.492931,0.000000,0.832687,0.295897,0.000000,3569.379582,4.614297
52.200000,0.000000,245.492931,0.000000,0.832687,0.295897,0.000000,3569.379582,4.614297
52.210000,0.000000,245.492931,0.000000,0.832687,0.295897,0.000000,3569.379582,4.614297
52.220000,0.000000,245.492931,0.000000,0.832687,0.295897,0.000000,3569.379582,4.614297
52.230000,0.000000,245.492931,0.000000,0.832687,0.295897,0.000000,3569.379582,4.614297
52.240000,0.000000,245.492931,0.000000,0.832687,0.295897,0.000000,3569.379582,4.614297
52.250000,0.000000,245.492931,0.000000,0.832687,0.295897,0.000000,3569.379582,4.614297
52.260000,0.000000,245.492931,0.000000,0.832687,0.295897,0.000000,3569.379582,4.614297
52.270000,0.000000,245.492931,0.000000,0.832687,0.295897,0.000000,3569.379582,4.614297
52.280000,0.000000,245.492931,0.000000,0.832687,0.295897,0.000000,3569.379582,4.614297
52.290000,0.000000,245.492931,0.000000,0.832687,0.295897,0.000000,3569.379582,4.614297
52.300000,0.000000,245.492931,0.000000,0.832687,0.295897,0.000000,3569.379582,4.614297
52.310000,0.000000,245.492931,0.000000,0.832687,0.295897,0.000000,3569.379582,4.614297
52.320000,0.000000,245.492931,0.000000,0.832687,0.295897,0.000000,3569.379582,4.614297
52.330000,0.000000,245.492931,0.000000,0.832687,0.295897,0.000000,3569.379582,4.614297
52.340000,0.000000,245.492931,0.000000,0.832687,0.295897,0.000000,3569.379582,4.614297
52.350000,0.000000,245.492931,0.000000,0.832687,0.295897,0.000000,3569.379582,4.614297
52.360000,0.000000,245.492931,0.000000,0.832687,0.295897,0.000000,3569.379582,4.614297
52.370000,0.000000,245.492931,0.000000,0.832687,0.295897,0.000000,3569.379582,4.614297
52.380000,0.000000,245.492931,0.000000,0.832687,0.295897,0.000000,3569.379582,4.614297
52.390000,0.000000,245.492931,0.000000,0.832687,0.295897,0.000000,3569.379582,4.614297
52.400000,0.000000,245.492931,0.000000,0.832687,0.295897,0.000000,3569.379582,4.614297
52.410000,0.000000,245.492931,0.000000,0.832687,0.295897,0.000000,3569.379582,4.614297
52.420000,0.000000,245.492931,0.000000,0.832687,0.295897,0.000000,3569.379582,4.614297
52.430000,0.000000,245.492931,0.000000,0.832687,0.295897,0.000000,3569.379582,4.614297
52.440000,0.000000,245.492931,0.000000,0.832687,0.295897,0.000000,3569.379582,4.614297
52.450000,0.000000,245.492931,0.000000,0.832687,0.295897,0.000000,3569.379582,4.614297
52.460000,0.000000,245.492931,0.000000,0.832687,0.295897,0.000000,3569.379582,4.614297
52.470000,0.000000,245.492931,0.000000,0.832687,0.295897,0.000000,3569.379582,4.614297
52.480000,0.000000,245.492931,0.000000,0.832687,0.295897,0.000000,3569.379582,4.614297
52.490000,0.000000,245.492931,0.000000,0.832687,0.295897,0.000000,3569.379582,4.614297
52.500000,0.000000,245.492931,0.000000,0.832687,0.295897,0.000000,3569.379582,4.614297
52.510000,0.000000,245.492931,0.000000,0.832687,0.295897,0.000000,3569.379582,4.614297
52.520000,0.000000,245.492931,0.000000,0.832687,0.295897,0.000000,3569.379582,4.614297
52.530000,0.000000,245.492931,0.000000,0.832687,0.295897,0.000000,3569.379582,4.614297
52.540000,0.000000,245.492931,0.000000,0.832687,0.295897,0.000000,3569.379582,4.614297
52.550000,0.000000,245.492931,0.000000,0.832687,0.295897,0.000000,3569.379582,4.614297
52.560000,0.000000,245.492931,0.000000,0.832687,0.295897,0.000000,3569.379582,4.614297
52.570000,0.000000,245.492931,0.000000,0.832687,0.295897,0.000000,3569.379582,4.614297
52.580000,0.000000,245.492931,0.000000,0.832687,0.295897,0.000000,3569.379582,4.614297
52.590000,0.000000,245.492931,0.000000,0.832687,0.295897,0.000000,3569.379582,4.614297
52.600000,0.000000,245.492931,0.000000,0.832687,0.295897,0.000000,3569.379582,4.614297
52.610000,0.000000,245.492931,0.000000,0.832687,0.295897,0.000000,3569.379582,4.614297
52.620000,0.000000,245.492931,0.000000,0.832687,0.295897,0.000000,3569.379582,4.614297
52.630000,0.000000,245.492931,0.000000,0.832687,0.295897,0.000000,3569.379582,4.614297
52.640000,0.000000,245.492931,0.000000,0.832687,0.295897,0.000000,3569.379582,4.614297
52.650000,0.000000,245.492931,0.000000,0.832687,0.295897,0.000000,3569.379582,4.614297
52.660000,0.000000,245.492931,0.000000,0.832687,0.295897,0.000000,3569.379582,4.614297
52.670000,0.000000,245.492931,0.000000,0.832687,0.295897,0.000000,3569.379582,4.614297
52.680000,0.000000,245.492931,0.000000,0.832687,0.295897,0.000000,3569.379582,4.614297
52.690000,0.000000,245.492931,0.000000,0.832687,0.295897,0.000000,3569.379582,4.614297
52.700000,0.000000,245.492931,0.000000,0.832687,0.295897,0.000000,3569.379582,4.614297
52.710000,0.000000,245.492931,0.000000,0.832687,0.295897,0.000000,3569.379582,4.614297
52.720000,0.000000,245.492931,0.000000,0.832687,0.295897,0.000000,3569.379582,4.614297
52.730000,0.000000,245.492931,0.000000,0.832687,0.295897,0.000000,3569.379582,4.614297
52.740000,0.000000,245.492931,0.000000,0.832687,0.295897,0.000000,3569.379582,4.614297
52.750000,0.000000,245.492931,0.000000,0.832687,0.295897,0.000000,3569.379582,4.614297
52.760000,0.000000,245.492931,0.000000,0.832687,0.295897,0.000000,3569.379582,4.614297
52.770000,0.000000,245.492931,0.000000,0.832687,0.295897,0.000000,3569.379582,4.614297
52.780000,0.000000,245.492931,0.000000,0.832687,0.295897,0.000000,3569.379582,4.614297
52.790000,0.000000,245.492931,0.000000,0.832687,0.295897,0.000000,3569.379582,4.614297
52.800000,0.000000,245.492931,0.000000,0.832687,0.295897,0.000000,3569.379582,4.614297
52.810000,0.000000,245.492931,0.000000,0.832687,0.295897,0.000000,3569.379582,4.614297
52.820000,0.000000,245.492931,0.000000,0.832687,0.295897,0.000000,3569.379582,4.614297
52.830000,0.000000,245.492931,0.000000,0.832687,0.295897,0.000000,3569.379582,4.614297
52.840000,0.000000,245.492931,0.000000,0.832687,0.295897,0.000000,3569.379582,4.614297
52.850000,0.000000,245.492931,0.000000,0.832687,0.295897,0.000000,3569.379582,4.614297
52.860000,0.000000,245.492931,0.000000,0.832687,0.295897,0.000000,3569.379582,4.614297
52.870000,0.000000,245.492931,0.000000,0.832687,0.295897,0.000000,3569.379582,4.614297
52.880000,0.000000,245.492931,0.000000,0.832687,0.295897,0.000000,3569.379582,4.614297
52.890000,0.000000,245.492931,0.000000,0.832687,0.295897,0.000000,3569.379582,4.614297
52.900000,0.000000,245.492931,0.000000,0.832687,0.295897,0.000000,3569.379582,4.614297
52.910000,0.000000,245.492931,0.000000,0.832687,0.295897,0.000000,3569.379582,4.614297
52.920000,0.000000,245.492931,0.000000,0.832687,0.295897,0.000000,3569.379582,4.614297
52.930000,0.000000,245.492931,0.000000,0.832687,0.295897,0.000000,3569.379582,4.614297
52.940000,0.000000,245.492931,0.000000,0.832687,0.295897,0.000000,3569.379582,4.614297
52.950000,0.000000,245.492931,0.000000,0.832687,0.295897,0.000000,3569.379582,4.614297
52.960000,0.000000,245.492931,0.000000,0.832687,0.295897,0.000000,3569.379582,4.614297
52.970000,0.000000,245.492931,0.000000,0.832687,0.295897,0.000000,3569.379582,4.614297
52.980000,0.000000,245.492931,0.000000,0.832687,0.295897,0.000000,3569.379582,4.614297
52.990000,0.000000,245.492931,0.000000,0.832687,0.295897,0.000000,3569.379582,4.614297
53.000000,0.000000,245.492931,0.000000,0.832687,0.295897,0.000000,3569.379582,4.614297
53.010000,0.000000,245.492931,0.000000,0.832687,0.295897,0.000000,3569.379582,4.614297
53.020000,0.000000,245.492931,0.000000,0.832687,0.295897,0.000000,3569.379582,4.614297
53.030000,0.000000,245.492931,0.000000,0.832687,0.295897,0.000000,3569.379582,4.614297
53.040000,0.000000,245.492931,0.000000,0.832687,0.295897,0.000000,3569.379582,4.614297
53.050000,0.000000,245.492931,0.000000,0.832687,0.295897,0.000000,3569.379582,4.614297
53.060000,0.000000,245.492931,0.000000,0.832687,0.295897,0.000000,3569.379582,4.614297
53.070000,0.000000,245.492931,0.000000,0.832687,0.295897,0.000000,3569.379582,4.614297
53.080000,0.000000,245.492931,0.000000,0.832687,0.295897,0.000000,3569.379582,4.614297
53.090000,0.000000,245.492931,0.000000,0.832687,0.295897,0.000000,3569.379582,4.614297
53.100000,0.000000,245.492931,0.000000,0.832687,0.295897,0.000000,3569.379582,4.614297
53.110000,0.000000,245.492931,0.000000,0.832687,0.295897,0.000000,3569.379582,4.614297
53.120000,0.000000,245.492931,0.000000,0.832687,0.295897,0.000000,3569.379582,4.614297
53.130000,0.000000,245.492931,0.000000,0.832687,0.295897,0.000000,3569.379582,4.614297
53.140000,0.000000,245.492931,0.000000,0.832687,0.295897,0.000000,3569.379582,4.614297
53.150000,0.000000,245.492931,0.000000,0.832687,0.295897,0.000000,3569.379582,4.614297
53.160000,0.000000,245.492931,0.000000,0.832687,0.295897,0.000000,3569.379582,4.614297
53.170000,0.000000,245.492931,0.000000,0.832687,0.295897,0.000000,3569.379582,4.614297
53.180000,0.000000,245.492931,0.000000,0.832687,0.295897,0.000000,3569.379582,4.614297
53.190000,0.000000,245.492931,0.000000,0.832687,0.295897,0.000000,3569.379582,4.614297
53.200000,0.000000,245.492931,0.000000,0.832687,0.295897,0.000000,3569.379582,4.614297
53.210000,0.000000,245.492931,0.000000,0.832687,0.295897,0.000000,3569.379582,4.614297
53.220000,0.000000,245.492931,0.000000,0.832687,0.295897,0.000000,3569.379582,4.614297
53.230000,0.000000,245.492931,0.000000,0.832687,0.295897,0.000000,3569.379582,4.614297
53.240000,0.000000,245.492931,0.000000,0.832687,0.295897,0.000000,3569.379582,4.614297
53.250000,0.000000,245.492931,0.000000,0.832687,0.295897,0.000000,3569.379582,4.614297
53.260000,0.000000,245.492931,0.000000,0.832687,0.295897,0.000000,3569.379582,4.614297
53.270000,0.000000,245.492931,0.000000,0.832687,0.295897,0.000000,3569.379582,4.614297
53.280000,0.000000,245.492931,0.000000,0.832687,0.295897,0.000000,3569.379582,4.614297
53.290000,0.000000,245.492931,0.000000,0.832687,0.295897,0.000000,3569.379582,4.614297
53.300000,0.000000,245.492931,0.000000,0.832687,0.295897,0.000000,3569.379582,4.614297
53.310000,0.000000,245.492931,0.000000,0.832687,0.295897,0.000000,3569.379582,4.614297
53.320000,0.000000,245.492931,0.000000,0.832687,0.295897,0.000000,3569.379582,4.614297
53.330000,0.000000,245.492931,0.000000,0.832687,0.295897,0.000000,3569.379582,4.614297
53.340000,0.000000,245.492931,0.000000,0.832687,0.295897,0.000000,3569.379582,4.614297
53.350000,0.000000,245.492931,0.000000,0.832687,0.295897,0.000000,3569.379582,4.614297
53.360000,0.000000,245.492931,0.000000,0.832687,0.295897,0.000000,3569.379582,4.614297
53.370000,0.000000,245.492931,0.000000,0.832687,0.295897,0.000000,3569.379582,4.614297
53.380000,0.000000,245.492931,0.000000,0.832687,0.295897,0.000000,3569.379582,4.614297
53.390000,0.000000,245.492931,0.000000,0.832687,0.295897,0.000000,3569.379582,4.614297
53.400000,0.000000,245.492931,0.000000,0.832687,0.295897,0.000000,3569.379582,4.614297
53.410000,0.000000,245.492931,0.000000,0.832687,0.295897,0.000000,3569.379582,4.614297
53.420000,0.000000,245.492931,0.000000,0.832687,0.295897,0.000000,3569.379582,4.614297
53.430000,0.000000,245.492931,0.000000,0.832687,0.295897,0.000000,3569.379582,4.614297
53.440000,0.000000,245.492931,0.000000,0.832687,0.295897,0.000000,3569.379582,4.614297
53.450000,0.000000,245.492931,0.000000,0.832687,0.295897,0.000000,3569.379582,4.614297
53.460000,0.000000,245.492931,0.000000,0.832687,0.295897,0.000000,3569.379582,4.614297
53.470000,0.000000,245.492931,0.000000,0.832687,0.295897,0.000000,3569.379582,4.614297
53.480000,0.000000,245.492931,0.000000,0.832687,0.295897,0.000000,3569.379582,4.614297
53.490000,0.000000,245.492931,0.000000,0.832687,0.295897,0.000000,3569.379582,4.614297
53.500000,0.000000,245.492931,0.000000,0.832687,0.295897,0.000000,3569.379582,4.614297
53.510000,0.000000,245.492931,0.000000,0.832687,0.295897,0.000000,3569.379582,4.614297
53.520000,0.000000,245.492931,0.000000,0.832687,0.295897,0.000000,3569.379582,4.614297
53.530000,0.000000,245.492931,0.000000,0.832687,0.295897,0.000000,3569.379582,4.614297
53.540000,0.000000,245.492931,0.000000,0.832687,0.295897,0.000000,3569.379582,4.614297
53.550000,0.000000,245.492931,0.000000,0.832687,0.295897,0.000000,3569.379582,4.614297
53.560000,0.000000,245.492931,0.000000,0.832687,0.295897,0.000000,3569.379582,4.614297
53.570000,0.000000,245.492931,0.000000,0.832687,0.295897,0.000000,3569.379582,4.614297
53.580000,0.000000,245.492931,0.000000,0.832687,0.295897,0.000000,3569.379582,4.614297
53.590000,0.000000,245.492931,0.000000,0.832687,0.295897,0.000000,3569.379582,4.614297
53.600000,0.000000,245.492931,0.000000,0.832687,0.295897,0.000000,3569.379582,4.614297
53.610000,0.000000,245.492931,0.000000,0.832687,0.295897,0.000000,3569.379582,4.614297
53.620000,0.000000,245.492931,0.000000,0.832687,0.295897,0.000000,3569.379582,4.614297
53.630000,0.000000,245.492931,0.000000,0.832687,0.295897,0.000000,3569.379582,4.614297
53.640000,0.000000,245.492931,0.000000,0.832687,0.295897,0.000000,3569.379582,4.614297
53.650000,0.000000,245.492931,0.000000,0.832687,0.295897,0.000000,3569.379582,4.614297
53.660000,0.000000,245.492931,0.000000,0.832687,0.295897,0.000000,3569.379582,4.614297
53.670000,0.000000,245.492931,0.000000,0.832687,0.295897,0.000000,3569.379582,4.614297
53.680000,0.000000,245.492931,0.000000,0.832687,0.295897,0.000000,3569.379582,4.614297
53.690000,0.000000,245.492931,0.000000,0.832687,0.295897,0.000000,3569.379582,4.614297
53.700000,0.000000,245.492931,0.000000,0.832687,0.295897,0.000000,3569.379582,4.614297
53.710000,0.000000,245.492931,0.000000,0.832687,0.295897,0.000000,3569.379582,4.614297
53.720000,0.000000,245.492931,0.000000,0.832687,0.295897,0.000000,3569.379582,4.614297
53.730000,0.000000,245.492931,0.000000,0.832687,0.295897,0.000000,3569.379582,4.614297
53.740000,0.000000,245.492931,0.000000,0.832687,0.295897,0.000000,3569.379582,4.614297
53.750000,0.000000,245.492931,0.000000,0.832687,0.295897,0.000000,3569.379582,4.614297
53.760000,0.000000,245.492931,0.000000,0.832687,0.295897,0.000000,3569.379582,4.614297
53.770000,0.000000,245.492931,0.000000,0.832687,0.295897,0.000000,3569.379582,4.614297
53.780000,0.000000,245.492931,0.000000,0.832687,0.295897,0.000000,3569.379582,4.614297
53.790000,0.000000,245.492931,0.000000,0.832687,0.295897,0.000000,3569.379582,4.614297
53.800000,0.000000,245.492931,0.000000,0.832687,0.295897,0.000000,3569.379582,4.614297
53.810000,0.000000,245.492931,0.000000,0.832687,0.295897,0.000000,3569.379582,4.614297
53.820000,0.000000,245.492931,0.000000,0.832687,0.295897,0.000000,3569.379582,4.614297
53.830000,0.000000,245.492931,0.000000,0.832687,0.295897,0.000000,3569.379582,4.614297
53.840000,0.000000,245.492931,0.000000,0.832687,0.295897,0.000000,3569.379582,4.614297
53.850000,0.000000,245.492931,0.000000,0.832687,0.295897,0.000000,3569.379582,4.614297
53.860000,0.000000,245.492931,0.000000,0.832687,0.295897,0.000000,3569.379582,4.614297
53.870000,0.000000,245.492931,0.000000,0.832687,0.295897,0.000000,3569.379582,4.614297
53.880000,0.000000,245.492931,0.000000,0.832687,0.295897,0.000000,3569.379582,4.614297
53.890000,0.000000,245.492931,0.000000,0.832687,0.295897,0.000000,3569.379582,4.614297
53.900000,0.000000,245.492931,0.000000,0.832687,0.295897,0.000000,3569.379582,4.614297
53.910000,0.000000,245.492931,0.000000,0.832687,0.295897,0.000000,3569.379582,4.614297
53.920000,0.000000,245.492931,0.000000,0.832687,0.295897,0.000000,3569.379582,4.614297
53.930000,0.000000,245.492931,0.000000,0.832687,0.295897,0.000000,3569.379582,4.614297
53.940000,0.000000,245.492931,0.000000,0.832687,0.295897,0.000000,3569.379582,4.614297
53.950000,0.000000,245.492931,0.000000,0.832687,0.295897,0.000000,3569.379582,4.614297
53.960000,0.000000,245.492931,0.000000,0.832687,0.295897,0.000000,3569.379582,4.614297
53.970000,0.000000,245.492931,0.000000,0.832687,0.295897,0.000000,3569.379582,4.614297
53.980000,0.000000,245.492931,0.000000,0.832687,0.295897,0.000000,3569.379582,4.614297
53.990000,0.000000,245.492931,0.000000,0.832687,0.295897,0.000000,3569.379582,4.614297
54.000000,0.000000,245.492931,0.000000,0.832687,0.295897,0.000000,3569.379582,4.614297
54.010000,0.000000,245.492931,0.000000,0.832687,0.295897,0.000000,3569.379582,4.614297
54.020000,0.000000,245.492931,0.000000,0.832687,0.295897,0.000000,3569.379582,4.614297
54.030000,0.000000,245.492931,0.000000,0.832687,0.295897,0.000000,3569.379582,4.614297
54.040000,0.000000,245.492931,0.000000,0.832687,0.295897,0.000000,3569.379582,4.614297
54.050000,0.000000,245.492931,0.000000,0.832687,0.295897,0.000000,3569.379582,4.614297
54.060000,0.000000,245.492931,0.000000,0.832687,0.295897,0.000000,3569.379582,4.614297
54.070000,0.000000,245.492931,0.000000,0.832687,0.295897,0.000000,3569.379582,4.614297
54.080000,0.000000,245.492931,0.000000,0.832687,0.295897,0.000000,3569.379582,4.614297
54.090000,0.000000,245.492931,0.000000,0.832687,0.295897,0.000000,3569.379582,4.614297
54.100000,0.000000,245.492931,0.000000,0.832687,0.295897,0.000000,3569.379582,4.614297
54.110000,0.000000,245.492931,0.000000,0.832687,0.295897,0.000000,3569.379582,4.614297
54.120000,0.000000,245.492931,0.000000,0.832687,0.295897,0.000000,3569.379582,4.614297
54.130000,0.000000,245.492931,0.000000,0.832687,0.295897,0.000000,3569.379582,4.614297
54.140000,0.000000,245.492931,0.000000,0.832687,0.295897,0.000000,3569.379582,4.614297
54.150000,0.000000,245.492931,0.000000,0.832687,0.295897,0.000000,3569.379582,4.614297
54.160000,0.000000,245.492931,0.000000,0.832687,0.295897,0.000000,3569.379582,4.614297
54.170000,0.000000,245.492931,0.000000,0.832687,0.295897,0.000000,3569.379582,4.614297
54.180000,0.000000,245.492931,0.000000,0.832687,0.295897,0.000000,3569.379582,4.614297
54.190000,0.000000,245.492931,0.000000,0.832687,0.295897,0.000000,3569.379582,4.614297
54.200000,0.000000,245.492931,0.000000,0.832687,0.295897,0.000000,3569.379582,4.614297
54.210000,0.000000,245.492931,0.000000,0.832687,0.295897,0.000000,3569.379582,4.614297
54.220000,0.000000,245.492931,0.000000,0.832687,0.295897,0.000000,3569.379582,4.614297
54.230000,0.000000,245.492931,0.000000,0.832687,0.295897,0.000000,3569.379582,4.614297
54.240000,0.000000,245.492931,0.000000,0.832687,0.295897,0.000000,3569.379582,4.614297
54.250000,0.000000,245.492931,0.000000,0.832687,0.295897,0.000000,3569.379582,4.614297
54.260000,0.000000,245.492931,0.000000,0.832687,0.295897,0.000000,3569.379582,4.614297
54.270000,0.000000,245.492931,0.000000,0.832687,0.295897,0.000000,3569.379582,4.614297
54.280000,0.000000,245.492931,0.000000,0.832687,0.295897,0.000000,3569.379582,4.614297
54.290000,0.000000,245.492931,0.000000,0.832687,0.295897,0.000000,3569.379582,4.614297
54.300000,0.000000,245.492931,0.000000,0.832687,0.295897,0.000000,3569.379582,4.614297
54.310000,0.000000,245.492931,0.000000,0.832687,0.295897,0.000000,3569.379582,4.614297
54.320000,0.000000,245.492931,0.000000,0.832687,0.295897,0.000000,3569.379582,4.614297
54.330000,0.000000,245.492931,0.000000,0.832687,0.295897,0.000000,3569.379582,4.614297
54.340000,0.000000,245.492931,0.000000,0.832687,0.295897,0.000000,3569.379582,4.614297
54.350000,0.000000,245.492931,0.000000,0.832687,0.295897,0.000000,3569.379582,4.614297
54.360000,0.000000,245.492931,0.000000,0.832687,0.295897,0.000000,3569.379582,4.614297
54.370000,0.000000,245.492931,0.000000,0.832687,0.295897,0.000000,3569.379582,4.614297
54.380000,0.000000,245.492931,0.000000,0.832687,0.295897,0.000000,3569.379582,4.614297
54.390000,0.000000,245.492931,0.000000,0.832687,0.295897,0.000000,3569.379582,4.614297
54.400000,0.000000,245.492931,0.000000,0.832687,0.295897,0.000000,3569.379582,4.614297
54.410000,0.000000,245.492931,0.000000,0.832687,0.295897,0.000000,3569.379582,4.614297
54.420000,0.000000,245.492931,0.000000,0.832687,0.295897,0.000000,3569.379582,4.614297
54.430000,0.000000,245.492931,0.000000,0.832687,0.295897,0.000000,3569.379582,4.614297
54.440000,0.000000,245.492931,0.000000,0.832687,0.295897,0.000000,3569.379582,4.614297
54.450000,0.000000,245.492931,0.000000,0.832687,0.295897,0.000000,3569.379582,4.614297
54.460000,0.000000,245.492931,0.000000,0.832687,0.295897,0.000000,3569.379582,4.614297
54.470000,0.000000,245.492931,0.000000,0.832687,0.295897,0.000000,3569.379582,4.614297
54.480000,0.000000,245.492931,0.000000,0.832687,0.295897,0.000000,3569.379582,4.614297
54.490000,0.000000,245.492931,0.000000,0.832687,0.295897,0.000000,3569.379582,4.614297
54.500000,0.000000,245.492931,0.000000,0.832687,0.295897,0.000000,3569.379582,4.614297
54.510000,0.000000,245.492931,0.000000,0.832687,0.295897,0.000000,3569.379582,4.614297
54.520000,0.000000,245.492931,0.000000,0.832687,0.295897,0.000000,3569.379582,4.614297
54.530000,0.000000,245.492931,0.000000,0.832687,0.295897,0.000000,3569.379582,4.614297
54.540000,0.000000,245.492931,0.000000,0.832687,0.295897,0.000000,3569.379582,4.614297
54.550000,0.000000,245.492931,0.000000,0.832687,0.295897,0.000000,3569.379582,4.614297
54.560000,0.000000,245.492931,0.000000,0.832687,0.295897,0.000000,3569.379582,4.614297
54.570000,0.000000,245.492931,0.000000,0.832687,0.295897,0.000000,3569.379582,4.614297
54.580000,0.000000,245.492931,0.000000,0.832687,0.295897,0.000000,3569.379582,4.614297
54.590000,0.000000,245.492931,0.000000,0.832687,0.295897,0.000000,3569.379582,4.614297
54.600000,0.000000,245.492931,0.000000,0.832687,0.295897,0.000000,3569.379582,4.614297
54.610000,0.000000,245.492931,0.000000,0.832687,0.295897,0.000000,3569.379582,4.614297
54.620000,0.000000,245.492931,0.000000,0.832687,0.295897,0.000000,3569.379582,4.614297
54.630000,0.000000,245.492931,0.000000,0.832687,0.295897,0.000000,3569.379582,4.614297
54.640000,0.000000,245.492931,0.000000,0.832687,0.295897,0.000000,3569.379582,4.614297
54.650000,0.000000,245.492931,0.000000,0.832687,0.295897,0.000000,3569.379582,4.614297
54.660000,0.000000,245.492931,0.000000,0.832687,0.295897,0.000000,3569.379582,4.614297
54.670000,0.000000,245.492931,0.000000,0.832687,0.295897,0.000000,3569.379582,4.614297
54.680000,0.000000,245.492931,0.000000,0.832687,0.295897,0.000000,3569.379582,4.614297
54.690000,0.000000,245.492931,0.000000,0.832687,0.295897,0.000000,3569.379582,4.614297
54.700000,0.000000,245.492931,0.000000,0.832687,0.295897,0.000000,3569.379582,4.614297
54.710000,0.000000,245.492931,0.000000,0.832687,0.295897,0.000000,3569.379582,4.614297
54.720000,0.000000,245.492931,0.000000,0.832687,0.295897,0.000000,3569.379582,4.614297
54.730000,0.000000,245.492931,0.000000,0.832687,0.295897,0.000000,3569.379582,4.614297
54.740000,0.000000,245.492931,0.000000,0.832687,0.295897,0.000000,3569.379582,4.614297
54.750000,0.000000,245.492931,0.000000,0.832687,0.295897,0.000000,3569.379582,4.614297
54.760000,0.000000,245.492931,0.000000,0.832687,0.295897,0.000000,3569.379582,4.614297
54.770000,0.000000,245.492931,0.000000,0.832687,0.295897,0.000000,3569.379582,4.614297
54.780000,0.000000,245.492931,0.000000,0.832687,0.295897,0.000000,3569.379582,4.614297
54.790000,0.000000,245.492931,0.000000,0.832687,0.295897,0.000000,3569.379582,4.614297
54.800000,0.000000,245.492931,0.000000,0.832687,0.295897,0.000000,3569.379582,4.614297
54.810000,0.000000,245.492931,0.000000,0.832687,0.295897,0.000000,3569.379582,4.614297
54.820000,0.000000,245.492931,0.000000,0.832687,0.295897,0.000000,3569.379582,4.614297
54.830000,0.000000,245.492931,0.000000,0.832687,0.295897,0.000000,3569.379582,4.614297
54.840000,0.000000,245.492931,0.000000,0.832687,0.295897,0.000000,3569.379582,4.614297
54.850000,0.000000,245.492931,0.000000,0.832687,0.295897,0.000000,3569.379582,4.614297
54.860000,0.000000,245.492931,0.000000,0.832687,0.295897,0.000000,3569.379582,4.614297
54.870000,0.000000,245.492931,0.000000,0.832687,0.295897,0.000000,3569.379582,4.614297
54.880000,0.000000,245.492931,0.000000,0.832687,0.295897,0.000000,3569.379582,4.614297
54.890000,0.000000,245.492931,0.000000,0.832687,0.295897,0.000000,3569.379582,4.614297
54.900000,0.000000,245.492931,0.000000,0.832687,0.295897,0.000000,3569.379582,4.614297
54.910000,0.000000,245.492931,0.000000,0.832687,0.295897,0.000000,3569.379582,4.614297
54.920000,0.000000,245.492931,0.000000,0.832687,0.295897,0.000000,3569.379582,4.614297
54.930000,0.000000,245.492931,0.000000,0.832687,0.295897,0.000000,3569.379582,4.614297
54.940000,0.000000,245.492931,0.000000,0.832687,0.295897,0.000000,3569.379582,4.614297
54.950000,0.000000,245.492931,0.000000,0.832687,0.295897,0.000000,3569.379582,4.614297
54.960000,0.000000,245.492931,0.000000,0.832687,0.295897,0.000000,3569.379582,4.614297
54.970000,0.000000,245.492931,0.000000,0.832687,0.295897,0.000000,3569.379582,4.614297
54.980000,0.000000,245.492931,0.000000,0.832687,0.295897,0.000000,3569.379582,4.614297
54.990000,0.000000,245.492931,0.000000,0.832687,0.295897,0.000000,3569.379582,4.614297
55.000000,0.000000,245.492931,0.000000,0.832687,0.295897,0.000000,3569.379582,4.614297
55.010000,0.000000,245.492931,0.000000,0.832687,0.295897,0.000000,3569.379582,4.614297
55.020000,0.000000,245.492931,0.000000,0.832687,0.295897,0.000000,3569.379582,4.614297
55.030000,0.000000,245.492931,0.000000,0.832687,0.295897,0.000000,3569.379582,4.614297
55.040000,0.000000,245.492931,0.000000,0.832687,0.295897,0.000000,3569.379582,4.614297
55.050000,0.000000,245.492931,0.000000,0.832687,0.295897,0.000000,3569.379582,4.614297
55.060000,0.000000,245.492931,0.000000,0.832687,0.295897,0.000000,3569.379582,4.614297
55.070000,0.000000,245.492931,0.000000,0.832687,0.295897,0.000000,3569.379582,4.614297
55.080000,0.000000,245.492931,0.000000,0.832687,0.295897,0.000000,3569.379582,4.614297
55.090000,0.000000,245.492931,0.000000,0.832687,0.295897,0.000000,3569.379582,4.614297
55.100000,0.000000,245.492931,0.000000,0.832687,0.295897,0.000000,3569.379582,4.614297
55.110000,0.000000,245.492931,0.000000,0.832687,0.295897,0.000000,3569.379582,4.614297
55.120000,0.000000,245.492931,0.000000,0.832687,0.295897,0.000000,3569.379582,4.614297
55.130000,0.000000,245.492931,0.000000,0.832687,0.295897,0.000000,3569.379582,4.614297
55.140000,0.000000,245.492931,0.000000,0.832687,0.295897,0.000000,3569.379582,4.614297
55.150000,0.000000,245.492931,0.000000,0.832687,0.295897,0.000000,3569.379582,4.614297
55.160000,0.000000,245.492931,0.000000,0.832687,0.295897,0.000000,3569.379582,4.614297
55.170000,0.000000,245.492931,0.000000,0.832687,0.295897,0.000000,3569.379582,4.614297
55.180000,0.000000,245.492931,0.000000,0.832687,0.295897,0.000000,3569.379582,4.614297
55.190000,0.000000,245.492931,0.000000,0.832687,0.295897,0.000000,3569.379582,4.614297
55.200000,0.000000,245.492931,0.000000,0.832687,0.295897,0.000000,3569.379582,4.614297
55.210000,0.000000,245.492931,0.000000,0.832687,0.295897,0.000000,3569.379582,4.614297
55.220000,0.000000,245.492931,0.000000,0.832687,0.295897,0.000000,3569.379582,4.614297
55.230000,0.000000,245.492931,0.000000,0.832687,0.295897,0.000000,3569.379582,4.614297
55.240000,0.000000,245.492931,0.000000,0.832687,0.295897,0.000000,3569.379582,4.614297
55.250000,0.000000,245.492931,0.000000,0.832687,0.295897,0.000000,3569.379582,4.614297
55.260000,0.000000,245.492931,0.000000,0.832687,0.295897,0.000000,3569.379582,4.614297
55.270000,0.000000,245.492931,0.000000,0.832687,0.295897,0.000000,3569.379582,4.614297
55.280000,0.000000,245.492931,0.000000,0.832687,0.295897,0.000000,3569.379582,4.614297
55.290000,0.000000,245.492931,0.000000,0.832687,0.295897,0.000000,3569.379582,4.614297
55.300000,0.000000,245.492931,0.000000,0.832687,0.295897,0.000000,3569.379582,4.614297
55.310000,0.000000,245.492931,0.000000,0.832687,0.295897,0.000000,3569.379582,4.614297
55.320000,0.000000,245.492931,0.000000,0.832687,0.295897,0.000000,3569.379582,4.614297
55.330000,0.000000,245.492931,0.000000,0.832687,0.295897,0.000000,3569.379582,4.614297
55.340000,0.000000,245.492931,0.000000,0.832687,0.295897,0.000000,3569.379582,4.614297
55.350000,0.000000,245.492931,0.000000,0.832687,0.295897,0.000000,3569.379582,4.614297
55.360000,0.000000,245.492931,0.000000,0.832687,0.295897,0.000000,3569.379582,4.614297
55.370000,0.000000,245.492931,0.000000,0.832687,0.295897,0.000000,3569.379582,4.614297
55.380000,0.000000,245.492931,0.000000,0.832687,0.295897,0.000000,3569.379582,4.614297
55.390000,0.000000,245.492931,0.000000,0.832687,0.295897,0.000000,3569.379582,4.614297
55.400000,0.000000,245.492931,0.000000,0.832687,0.295897,0.000000,3569.379582,4.614297
55.410000,0.000000,245.492931,0.000000,0.832687,0.295897,0.000000,3569.379582,4.614297
55.420000,0.000000,245.492931,0.000000,0.832687,0.295897,0.000000,3569.379582,4.614297
55.430000,0.000000,245.492931,0.000000,0.832687,0.295897,0.000000,3569.379582,4.614297
55.440000,0.000000,245.492931,0.000000,0.832687,0.295897,0.000000,3569.379582,4.614297
55.450000,0.000000,245.492931,0.000000,0.832687,0.295897,0.000000,3569.379582,4.614297
55.460000,0.000000,245.492931,0.000000,0.832687,0.295897,0.000000,3569.379582,4.614297
55.470000,0.000000,245.492931,0.000000,0.832687,0.295897,0.000000,3569.379582,4.614297
55.480000,0.000000,245.492931,0.000000,0.832687,0.295897,0.000000,3569.379582,4.614297
55.490000,0.000000,245.492931,0.000000,0.832687,0.295897,0.000000,3569.379582,4.614297
55.500000,0.000000,245.492931,0.000000,0.832687,0.295897,0.000000,3569.379582,4.614297
55.510000,0.000000,245.492931,0.000000,0.832687,0.295897,0.000000,3569.379582,4.614297
55.520000,0.000000,245.492931,0.000000,0.832687,0.295897,0.000000,3569.379582,4.614297
55.530000,0.000000,245.492931,0.000000,0.832687,0.295897,0.000000,3569.379582,4.614297
55.540000,0.000000,245.492931,0.000000,0.832687,0.295897,0.000000,3569.379582,4.614297
55.550000,0.000000,245.492931,0.000000,0.832687,0.295897,0.000000,3569.379582,4.614297
55.560000,0.000000,245.492931,0.000000,0.832687,0.295897,0.000000,3569.379582,4.614297
55.570000,0.000000,245.492931,0.000000,0.832687,0.295897,0.000000,3569.379582,4.614297
55.580000,0.000000,245.492931,0.000000,0.832687,0.295897,0.000000,3569.379582,4.614297
55.590000,0.000000,245.492931,0.000000,0.832687,0.295897,0.000000,3569.379582,4.614297
55.600000,0.000000,245.492931,0.000000,0.832687,0.295897,0.000000,3569.379582,4.614297
55.610000,0.000000,245.492931,0.000000,0.832687,0.295897,0.000000,3569.379582,4.614297
55.620000,0.000000,245.492931,0.000000,0.832687,0.295897,0.000000,3569.379582,4.614297
55.630000,0.000000,245.492931,0.000000,0.832687,0.295897,0.000000,3569.379582,4.614297
55.640000,0.000000,245.492931,0.000000,0.832687,0.295897,0.000000,3569.379582,4.614297
55.650000,0.000000,245.492931,0.000000,0.832687,0.295897,0.000000,3569.379582,4.614297
55.660000,0.000000,245.492931,0.000000,0.832687,0.295897,0.000000,3569.379582,4.614297
55.670000,0.000000,245.492931,0.000000,0.832687,0.295897,0.000000,3569.379582,4.614297
55.680000,0.000000,245.492931,0.000000,0.832687,0.295897,0.000000,3569.379582,4.614297
55.690000,0.000000,245.492931,0.000000,0.832687,0.295897,0.000000,3569.379582,4.614297
55.700000,0.000000,245.492931,0.000000,0.832687,0.295897,0.000000,3569.379582,4.614297
55.710000,0.000000,245.492931,0.000000,0.832687,0.295897,0.000000,3569.379582,4.614297
55.720000,0.000000,245.492931,0.000000,0.832687,0.295897,0.000000,3569.379582,4.614297
55.730000,0.000000,245.492931,0.000000,0.832687,0.295897,0.000000,3569.379582,4.614297
55.740000,0.000000,245.492931,0.000000,0.832687,0.295897,0.000000,3569.379582,4.614297
55.750000,0.000000,245.492931,0.000000,0.832687,0.295897,0.000000,3569.379582,4.614297
55.760000,0.000000,245.492931,0.000000,0.832687,0.295897,0.000000,3569.379582,4.614297
55.770000,0.000000,245.492931,0.000000,0.832687,0.295897,0.000000,3569.379582,4.614297
55.780000,0.000000,245.492931,0.000000,0.832687,0.295897,0.000000,3569.379582,4.614297
55.790000,0.000000,245.492931,0.000000,0.832687,0.295897,0.000000,3569.379582,4.614297
55.800000,0.000000,245.492931,0.000000,0.832687,0.295897,0.000000,3569.379582,4.614297
55.810000,0.000000,245.492931,0.000000,0.832687,0.295897,0.000000,3569.379582,4.614297
55.820000,0.000000,245.492931,0.000000,0.832687,0.295897,0.000000,3569.379582,4.614297
55.830000,0.000000,245.492931,0.000000,0.832687,0.295897,0.000000,3569.379582,4.614297
55.840000,0.000000,245.492931,0.000000,0.832687,0.295897,0.000000,3569.379582,4.614297
55.850000,0.000000,245.492931,0.000000,0.832687,0.295897,0.000000,3569.379582,4.614297
55.860000,0.000000,245.492931,0.000000,0.832687,0.295897,0.000000,3569.379582,4.614297
55.870000,0.000000,245.492931,0.000000,0.832687,0.295897,0.000000,3569.379582,4.614297
55.880000,0.000000,245.492931,0.000000,0.832687,0.295897,0.000000,3569.379582,4.614297
55.890000,0.000000,245.492931,0.000000,0.832687,0.295897,0.000000,3569.379582,4.614297
55.900000,0.000000,245.492931,0.000000,0.832687,0.295897,0.000000,3569.379582,4.614297
55.910000,0.000000,245.492931,0.000000,0.832687,0.295897,0.000000,3569.379582,4.614297
55.920000,0.000000,245.492931,0.000000,0.832687,0.295897,0.000000,3569.379582,4.614297
55.930000,0.000000,245.492931,0.000000,0.832687,0.295897,0.000000,3569.379582,4.614297
55.940000,0.000000,245.492931,0.000000,0.832687,0.295897,0.000000,3569.379582,4.614297
55.950000,0.000000,245.492931,0.000000,0.832687,0.295897,0.000000,3569.379582,4.614297
55.960000,0.000000,245.492931,0.000000,0.832687,0.295897,0.000000,3569.379582,4.614297
55.970000,0.000000,245.492931,0.000000,0.832687,0.295897,0.000000,3569.379582,4.614297
55.980000,0.000000,245.492931,0.000000,0.832687,0.295897,0.000000,3569.379582,4.614297
55.990000,0.000000,245.492931,0.000000,0.832687,0.295897,0.000000,3569.379582,4.614297
56.000000,0.000000,245.492931,0.000000,0.832687,0.295897,0.000000,3569.379582,4.614297
56.010000,0.000000,245.492931,0.000000,0.832687,0.295897,0.000000,3569.379582,4.614297
56.020000,0.000000,245.492931,0.000000,0.832687,0.295897,0.000000,3569.379582,4.614297
56.030000,0.000000,245.492931,0.000000,0.832687,0.295897,0.000000,3569.379582,4.614297
56.040000,0.000000,245.492931,0.000000,0.832687,0.295897,0.000000,3569.379582,4.614297
56.050000,0.000000,245.492931,0.000000,0.832687,0.295897,0.000000,3569.379582,4.614297
56.060000,0.000000,245.492931,0.000000,0.832687,0.295897,0.000000,3569.379582,4.614297
56.070000,0.000000,245.492931,0.000000,0.832687,0.295897,0.000000,3569.379582,4.614297
56.080000,0.000000,245.492931,0.000000,0.832687,0.295897,0.000000,3569.379582,4.614297
56.090000,0.000000,245.492931,0.000000,0.832687,0.295897,0.000000,3569.379582,4.614297
56.100000,0.000000,245.492931,0.000000,0.832687,0.295897,0.000000,3569.379582,4.614297
56.110000,0.000000,245.492931,0.000000,0.832687,0.295897,0.000000,3569.379582,4.614297
56.120000,0.000000,245.492931,0.000000,0.832687,0.295897,0.000000,3569.379582,4.614297
56.130000,0.000000,245.492931,0.000000,0.832687,0.295897,0.000000,3569.379582,4.614297
56.140000,0.000000,245.492931,0.000000,0.832687,0.295897,0.000000,3569.379582,4.614297
56.150000,0.000000,245.492931,0.000000,0.832687,0.295897,0.000000,3569.379582,4.614297
56.160000,0.000000,245.492931,0.000000,0.832687,0.295897,0.000000,3569.379582,4.614297
56.170000,0.000000,245.492931,0.000000,0.832687,0.295897,0.000000,3569.379582,4.614297
56.180000,0.000000,245.492931,0.000000,0.832687,0.295897,0.000000,3569.379582,4.614297
56.190000,0.000000,245.492931,0.000000,0.832687,0.295897,0.000000,3569.379582,4.614297
56.200000,0.000000,245.492931,0.000000,0.832687,0.295897,0.000000,3569.379582,4.614297
56.210000,0.000000,245.492931,0.000000,0.832687,0.295897,0.000000,3569.379582,4.614297
56.220000,0.000000,245.492931,0.000000,0.832687,0.295897,0.000000,3569.379582,4.614297
56.230000,0.000000,245.492931,0.000000,0.832687,0.295897,0.000000,3569.379582,4.614297
56.240000,0.000000,245.492931,0.000000,0.832687,0.295897,0.000000,3569.379582,4.614297
56.250000,0.000000,245.492931,0.000000,0.832687,0.295897,0.000000,3569.379582,4.614297
56.260000,0.000000,245.492931,0.000000,0.832687,0.295897,0.000000,3569.379582,4.614297
56.270000,0.000000,245.492931,0.000000,0.832687,0.295897,0.000000,3569.379582,4.614297
56.280000,0.000000,245.492931,0.000000,0.832687,0.295897,0.000000,3569.379582,4.614297
56.290000,0.000000,245.492931,0.000000,0.832687,0.295897,0.000000,3569.379582,4.614297
56.300000,0.000000,245.492931,0.000000,0.832687,0.295897,0.000000,3569.379582,4.614297
56.310000,0.000000,245.492931,0.000000,0.832687,0.295897,0.000000,3569.379582,4.614297
56.320000,0.000000,245.492931,0.000000,0.832687,0.295897,0.000000,3569.379582,4.614297
56.330000,0.000000,245.492931,0.000000,0.832687,0.295897,0.000000,3569.379582,4.614297
56.340000,0.000000,245.492931,0.000000,0.832687,0.295897,0.000000,3569.379582,4.614297
56.350000,0.000000,245.492931,0.000000,0.832687,0.295897,0.000000,3569.379582,4.614297
56.360000,0.000000,245.492931,0.000000,0.832687,0.295897,0.000000,3569.379582,4.614297
56.370000,0.000000,245.492931,0.000000,0.832687,0.295897,0.000000,3569.379582,4.614297
56.380000,0.000000,245.492931,0.000000,0.832687,0.295897,0.000000,3569.379582,4.614297
56.390000,0.000000,245.492931,0.000000,0.832687,0.295897,0.000000,3569.379582,4.614297
56.400000,0.000000,245.492931,0.000000,0.832687,0.295897,0.000000,3569.379582,4.614297
56.410000,0.000000,245.492931,0.000000,0.832687,0.295897,0.000000,3569.379582,4.614297
56.420000,0.000000,245.492931,0.000000,0.832687,0.295897,0.000000,3569.379582,4.614297
56.430000,0.000000,245.492931,0.000000,0.832687,0.295897,0.000000,3569.379582,4.614297
56.440000,0.000000,245.492931,0.000000,0.832687,0.295897,0.000000,3569.379582,4.614297
56.450000,0.000000,245.492931,0.000000,0.832687,0.295897,0.000000,3569.379582,4.614297
56.460000,0.000000,245.492931,0.000000,0.832687,0.295897,0.000000,3569.379582,4.614297
56.470000,0.000000,245.492931,0.000000,0.832687,0.295897,0.000000,3569.379582,4.614297
56.480000,0.000000,245.492931,0.000000,0.832687,0.295897,0.000000,3569.379582,4.614297
56.490000,0.000000,245.492931,0.000000,0.832687,0.295897,0.000000,3569.379582,4.614297
56.500000,0.000000,245.492931,0.000000,0.832687,0.295897,0.000000,3569.379582,4.614297
56.510000,0.000000,245.492931,0.000000,0.832687,0.295897,0.000000,3569.379582,4.614297
56.520000,0.000000,245.492931,0.000000,0.832687,0.295897,0.000000,3569.379582,4.614297
56.530000,0.000000,245.492931,0.000000,0.832687,0.295897,0.000000,3569.379582,4.614297
56.540000,0.000000,245.492931,0.000000,0.832687,0.295897,0.000000,3569.379582,4.614297
56.550000,0.000000,245.492931,0.000000,0.832687,0.295897,0.000000,3569.379582,4.614297
56.560000,0.000000,245.492931,0.000000,0.832687,0.295897,0.000000,3569.379582,4.614297
56.570000,0.000000,245.492931,0.000000,0.832687,0.295897,0.000000,3569.379582,4.614297
56.580000,0.000000,245.492931,0.000000,0.832687,0.295897,0.000000,3569.379582,4.614297
56.590000,0.000000,245.492931,0.000000,0.832687,0.295897,0.000000,3569.379582,4.614297
56.600000,0.000000,245.492931,0.000000,0.832687,0.295897,0.000000,3569.379582,4.614297
56.610000,0.000000,245.492931,0.000000,0.832687,0.295897,0.000000,3569.379582,4.614297
56.620000,0.000000,245.492931,0.000000,0.832687,0.295897,0.000000,3569.379582,4.614297
56.630000,0.000000,245.492931,0.000000,0.832687,0.295897,0.000000,3569.379582,4.614297
56.640000,0.000000,245.492931,0.000000,0.832687,0.295897,0.000000,3569.379582,4.614297
56.650000,0.000000,245.492931,0.000000,0.832687,0.295897,0.000000,3569.379582,4.614297
56.660000,0.000000,245.492931,0.000000,0.832687,0.295897,0.000000,3569.379582,4.614297
56.670000,0.000000,245.492931,0.000000,0.832687,0.295897,0.000000,3569.379582,4.614297
56.680000,0.000000,245.492931,0.000000,0.832687,0.295897,0.000000,3569.379582,4.614297
56.690000,0.000000,245.492931,0.000000,0.832687,0.295897,0.000000,3569.379582,4.614297
56.700000,0.000000,245.492931,0.000000,0.832687,0.295897,0.000000,3569.379582,4.614297
56.710000,0.000000,245.492931,0.000000,0.832687,0.295897,0.000000,3569.379582,4.614297
56.720000,0.000000,245.492931,0.000000,0.832687,0.295897,0.000000,3569.379582,4.614297
56.730000,0.000000,245.492931,0.000000,0.832687,0.295897,0.000000,3569.379582,4.614297
56.740000,0.000000,245.492931,0.000000,0.832687,0.295897,0.000000,3569.379582,4.614297
56.750000,0.000000,245.492931,0.000000,0.832687,0.295897,0.000000,3569.379582,4.614297
56.760000,0.000000,245.492931,0.000000,0.832687,0.295897,0.000000,3569.379582,4.614297
56.770000,0.000000,245.492931,0.000000,0.832687,0.295897,0.000000,3569.379582,4.614297
56.780000,0.000000,245.492931,0.000000,0.832687,0.295897,0.000000,3569.379582,4.614297
56.790000,0.000000,245.492931,0.000000,0.832687,0.295897,0.000000,3569.379582,4.614297
56.800000,0.000000,245.492931,0.000000,0.832687,0.295897,0.000000,3569.379582,4.614297
56.810000,0.000000,245.492931,0.000000,0.832687,0.295897,0.000000,3569.379582,4.614297
56.820000,0.000000,245.492931,0.000000,0.832687,0.295897,0.000000,3569.379582,4.614297
56.830000,0.000000,245.492931,0.000000,0.832687,0.295897,0.000000,3569.379582,4.614297
56.840000,0.000000,245.492931,0.000000,0.832687,0.295897,0.000000,3569.379582,4.614297
56.850000,0.000000,245.492931,0.000000,0.832687,0.295897,0.000000,3569.379582,4.614297
56.860000,0.000000,245.492931,0.000000,0.832687,0.295897,0.000000,3569.379582,4.614297
56.870000,0.000000,245.492931,0.000000,0.832687,0.295897,0.000000,3569.379582,4.614297
56.880000,0.000000,245.492931,0.000000,0.832687,0.295897,0.000000,3569.379582,4.614297
56.890000,0.000000,245.492931,0.000000,0.832687,0.295897,0.000000,3569.379582,4.614297
56.900000,0.000000,245.492931,0.000000,0.832687,0.295897,0.000000,3569.379582,4.614297
56.910000,0.000000,245.492931,0.000000,0.832687,0.295897,0.000000,3569.379582,4.614297
56.920000,0.000000,245.492931,0.000000,0.832687,0.295897,0.000000,3569.379582,4.614297
56.930000,0.000000,245.492931,0.000000,0.832687,0.295897,0.000000,3569.379582,4.614297
56.940000,0.000000,245.492931,0.000000,0.832687,0.295897,0.000000,3569.379582,4.614297
56.950000,0.000000,245.492931,0.000000,0.832687,0.295897,0.000000,3569.379582,4.614297
56.960000,0.000000,245.492931,0.000000,0.832687,0.295897,0.000000,3569.379582,4.614297
56.970000,0.000000,245.492931,0.000000,0.832687,0.295897,0.000000,3569.379582,4.614297
56.980000,0.000000,245.492931,0.000000,0.832687,0.295897,0.000000,3569.379582,4.614297
56.990000,0.000000,245.492931,0.000000,0.832687,0.295897,0.000000,3569.379582,4.614297
57.000000,0.000000,245.492931,0.000000,0.832687,0.295897,0.000000,3569.379582,4.614297
57.010000,0.000000,245.492931,0.000000,0.832687,0.295897,0.000000,3569.379582,4.614297
57.020000,0.000000,245.492931,0.000000,0.832687,0.295897,0.000000,3569.379582,4.614297
57.030000,0.000000,245.492931,0.000000,0.832687,0.295897,0.000000,3569.379582,4.614297
57.040000,0.000000,245.492931,0.000000,0.832687,0.295897,0.000000,3569.379582,4.614297
57.050000,0.000000,245.492931,0.000000,0.832687,0.295897,0.000000,3569.379582,4.614297
57.060000,0.000000,245.492931,0.000000,0.832687,0.295897,0.000000,3569.379582,4.614297
57.070000,0.000000,245.492931,0.000000,0.832687,0.295897,0.000000,3569.379582,4.614297
57.080000,0.000000,245.492931,0.000000,0.832687,0.295897,0.000000,3569.379582,4.614297
57.090000,0.000000,245.492931,0.000000,0.832687,0.295897,0.000000,3569.379582,4.614297
57.100000,0.000000,245.492931,0.000000,0.832687,0.295897,0.000000,3569.379582,4.614297
57.110000,0.000000,245.492931,0.000000,0.832687,0.295897,0.000000,3569.379582,4.614297
57.120000,0.000000,245.492931,0.000000,0.832687,0.295897,0.000000,3569.379582,4.614297
57.130000,0.000000,245.492931,0.000000,0.832687,0.295897,0.000000,3569.379582,4.614297
57.140000,0.000000,245.492931,0.000000,0.832687,0.295897,0.000000,3569.379582,4.614297
57.150000,0.000000,245.492931,0.000000,0.832687,0.295897,0.000000,3569.379582,4.614297
57.160000,0.000000,245.492931,0.000000,0.832687,0.295897,0.000000,3569.379582,4.614297
57.170000,0.000000,245.492931,0.000000,0.832687,0.295897,0.000000,3569.379582,4.614297
57.180000,0.000000,245.492931,0.000000,0.832687,0.295897,0.000000,3569.379582,4.614297
57.190000,0.000000,245.492931,0.000000,0.832687,0.295897,0.000000,3569.379582,4.614297
57.200000,0.000000,245.492931,0.000000,0.832687,0.295897,0.000000,3569.379582,4.614297
57.210000,0.000000,245.492931,0.000000,0.832687,0.295897,0.000000,3569.379582,4.614297
57.220000,0.000000,245.492931,0.000000,0.832687,0.295897,0.000000,3569.379582,4.614297
57.230000,0.000000,245.492931,0.000000,0.832687,0.295897,0.000000,3569.379582,4.614297
57.240000,0.000000,245.492931,0.000000,0.832687,0.295897,0.000000,3569.379582,4.614297
57.250000,0.000000,245.492931,0.000000,0.832687,0.295897,0.000000,3569.379582,4.614297
57.260000,0.000000,245.492931,0.000000,0.832687,0.295897,0.000000,3569.379582,4.614297
57.270000,0.000000,245.492931,0.000000,0.832687,0.295897,0.000000,3569.379582,4.614297
57.280000,0.000000,245.492931,0.000000,0.832687,0.295897,0.000000,3569.379582,4.614297
57.290000,0.000000,245.492931,0.000000,0.832687,0.295897,0.000000,3569.379582,4.614297
57.300000,0.000000,245.492931,0.000000,0.832687,0.295897,0.000000,3569.379582,4.614297
57.310000,0.000000,245.492931,0.000000,0.832687,0.295897,0.000000,3569.379582,4.614297
57.320000,0.000000,245.492931,0.000000,0.832687,0.295897,0.000000,3569.379582,4.614297
57.330000,0.000000,245.492931,0.000000,0.832687,0.295897,0.000000,3569.379582,4.614297
57.340000,0.000000,245.492931,0.000000,0.832687,0.295897,0.000000,3569.379582,4.614297
57.350000,0.000000,245.492931,0.000000,0.832687,0.295897,0.000000,3569.379582,4.614297
57.360000,0.000000,245.492931,0.000000,0.832687,0.295897,0.000000,3569.379582,4.614297
57.370000,0.000000,245.492931,0.000000,0.832687,0.295897,0.000000,3569.379582,4.614297
57.380000,0.000000,245.492931,0.000000,0.832687,0.295897,0.000000,3569.379582,4.614297
57.390000,0.000000,245.492931,0.000000,0.832687,0.295897,0.000000,3569.379582,4.614297
57.400000,0.000000,245.492931,0.000000,0.832687,0.295897,0.000000,3569.379582,4.614297
57.410000,0.000000,245.492931,0.000000,0.832687,0.295897,0.000000,3569.379582,4.614297
57.420000,0.000000,245.492931,0.000000,0.832687,0.295897,0.000000,3569.379582,4.614297
57.430000,0.000000,245.492931,0.000000,0.832687,0.295897,0.000000,3569.379582,4.614297
57.440000,0.000000,245.492931,0.000000,0.832687,0.295897,0.000000,3569.379582,4.614297
57.450000,0.000000,245.492931,0.000000,0.832687,0.295897,0.000000,3569.379582,4.614297
57.460000,0.000000,245.492931,0.000000,0.832687,0.295897,0.000000,3569.379582,4.614297
57.470000,0.000000,245.492931,0.000000,0.832687,0.295897,0.000000,3569.379582,4.614297
57.480000,0.000000,245.492931,0.000000,0.832687,0.295897,0.000000,3569.379582,4.614297
57.490000,0.000000,245.492931,0.000000,0.832687,0.295897,0.000000,3569.379582,4.614297
57.500000,0.000000,245.492931,0.000000,0.832687,0.295897,0.000000,3569.379582,4.614297
57.510000,0.000000,245.492931,0.000000,0.832687,0.295897,0.000000,3569.379582,4.614297
57.520000,0.000000,245.492931,0.000000,0.832687,0.295897,0.000000,3569.379582,4.614297
57.530000,0.000000,245.492931,0.000000,0.832687,0.295897,0.000000,3569.379582,4.614297
57.540000,0.000000,245.492931,0.000000,0.832687,0.295897,0.000000,3569.379582,4.614297
57.550000,0.000000,245.492931,0.000000,0.832687,0.295897,0.000000,3569.379582,4.614297
57.560000,0.000000,245.492931,0.000000,0.832687,0.295897,0.000000,3569.379582,4.614297
57.570000,0.000000,245.492931,0.000000,0.832687,0.295897,0.000000,3569.379582,4.614297
57.580000,0.000000,245.492931,0.000000,0.832687,0.295897,0.000000,3569.379582,4.614297
57.590000,0.000000,245.492931,0.000000,0.832687,0.295897,0.000000,3569.379582,4.614297
57.600000,0.000000,245.492931,0.000000,0.832687,0.295897,0.000000,3569.379582,4.614297
57.610000,0.000000,245.492931,0.000000,0.832687,0.295897,0.000000,3569.379582,4.614297
57.620000,0.000000,245.492931,0.000000,0.832687,0.295897,0.000000,3569.379582,4.614297
57.630000,0.000000,245.492931,0.000000,0.832687,0.295897,0.000000,3569.379582,4.614297
57.640000,0.000000,245.492931,0.000000,0.832687,0.295897,0.000000,3569.379582,4.614297
57.650000,0.000000,245.492931,0.000000,0.832687,0.295897,0.000000,3569.379582,4.614297
57.660000,0.000000,245.492931,0.000000,0.832687,0.295897,0.000000,3569.379582,4.614297
57.670000,0.000000,245.492931,0.000000,0.832687,0.295897,0.000000,3569.379582,4.614297
57.680000,0.000000,245.492931,0.000000,0.832687,0.295897,0.000000,3569.379582,4.614297
57.690000,0.000000,245.492931,0.000000,0.832687,0.295897,0.000000,3569.379582,4.614297
57.700000,0.000000,245.492931,0.000000,0.832687,0.295897,0.000000,3569.379582,4.614297
57.710000,0.000000,245.492931,0.000000,0.832687,0.295897,0.000000,3569.379582,4.614297
57.720000,0.000000,245.492931,0.000000,0.832687,0.295897,0.000000,3569.379582,4.614297
57.730000,0.000000,245.492931,0.000000,0.832687,0.295897,0.000000,3569.379582,4.614297
57.740000,0.000000,245.492931,0.000000,0.832687,0.295897,0.000000,3569.379582,4.614297
57.750000,0.000000,245.492931,0.000000,0.832687,0.295897,0.000000,3569.379582,4.614297
57.760000,0.000000,245.492931,0.000000,0.832687,0.295897,0.000000,3569.379582,4.614297
57.770000,0.000000,245.492931,0.000000,0.832687,0.295897,0.000000,3569.379582,4.614297
57.780000,0.000000,245.492931,0.000000,0.832687,0.295897,0.000000,3569.379582,4.614297
57.790000,0.000000,245.492931,0.000000,0.832687,0.295897,0.000000,3569.379582,4.614297
57.800000,0.000000,245.492931,0.000000,0.832687,0.295897,0.000000,3569.379582,4.614297
57.810000,0.000000,245.492931,0.000000,0.832687,0.295897,0.000000,3569.379582,4.614297
57.820000,0.000000,245.492931,0.000000,0.832687,0.295897,0.000000,3569.379582,4.614297
57.830000,0.000000,245.492931,0.000000,0.832687,0.295897,0.000000,3569.379582,4.614297
57.840000,0.000000,245.492931,0.000000,0.832687,0.295897,0.000000,3569.379582,4.614297
57.850000,0.000000,245.492931,0.000000,0.832687,0.295897,0.000000,3569.379582,4.614297
57.860000,0.000000,245.492931,0.000000,0.832687,0.295897,0.000000,3569.379582,4.614297
57.870000,0.000000,245.492931,0.000000,0.832687,0.295897,0.000000,3569.379582,4.614297
57.880000,0.000000,245.492931,0.000000,0.832687,0.295897,0.000000,3569.379582,4.614297
57.890000,0.000000,245.492931,0.000000,0.832687,0.295897,0.000000,3569.379582,4.614297
57.900000,0.000000,245.492931,0.000000,0.832687,0.295897,0.000000,3569.379582,4.614297
57.910000,0.000000,245.492931,0.000000,0.832687,0.295897,0.000000,3569.379582,4.614297
57.920000,0.000000,245.492931,0.000000,0.832687,0.295897,0.000000,3569.379582,4.614297
57.930000,0.000000,245.492931,0.000000,0.832687,0.295897,0.000000,3569.379582,4.614297
57.940000,0.000000,245.492931,0.000000,0.832687,0.295897,0.000000,3569.379582,4.614297
57.950000,0.000000,245.492931,0.000000,0.832687,0.295897,0.000000,3569.379582,4.614297
57.960000,0.000000,245.492931,0.000000,0.832687,0.295897,0.000000,3569.379582,4.614297
57.970000,0.000000,245.492931,0.000000,0.832687,0.295897,0.000000,3569.379582,4.614297
57.980000,0.000000,245.492931,0.000000,0.832687,0.295897,0.000000,3569.379582,4.614297
57.990000,0.000000,245.492931,0.000000,0.832687,0.295897,0.000000,3569.379582,4.614297
58.000000,0.000000,245.492931,0.000000,0.832687,0.295897,0.000000,3569.379582,4.614297
58.010000,0.000000,245.492931,0.000000,0.832687,0.295897,0.000000,3569.379582,4.614297
58.020000,0.000000,245.492931,0.000000,0.832687,0.295897,0.000000,3569.379582,4.614297
58.030000,0.000000,245.492931,0.000000,0.832687,0.295897,0.000000,3569.379582,4.614297
58.040000,0.000000,245.492931,0.000000,0.832687,0.295897,0.000000,3569.379582,4.614297
58.050000,0.000000,245.492931,0.000000,0.832687,0.295897,0.000000,3569.379582,4.614297
58.060000,0.000000,245.492931,0.000000,0.832687,0.295897,0.000000,3569.379582,4.614297
58.070000,0.000000,245.492931,0.000000,0.832687,0.295897,0.000000,3569.379582,4.614297
58.080000,0.000000,245.492931,0.000000,0.832687,0.295897,0.000000,3569.379582,4.614297
58.090000,0.000000,245.492931,0.000000,0.832687,0.295897,0.000000,3569.379582,4.614297
58.100000,0.000000,245.492931,0.000000,0.832687,0.295897,0.000000,3569.379582,4.614297
58.110000,0.000000,245.492931,0.000000,0.832687,0.295897,0.000000,3569.379582,4.614297
58.120000,0.000000,245.492931,0.000000,0.832687,0.295897,0.000000,3569.379582,4.614297
58.130000,0.000000,245.492931,0.000000,0.832687,0.295897,0.000000,3569.379582,4.614297
58.140000,0.000000,245.492931,0.000000,0.832687,0.295897,0.000000,3569.379582,4.614297
58.150000,0.000000,245.492931,0.000000,0.832687,0.295897,0.000000,3569.379582,4.614297
58.160000,0.000000,245.492931,0.000000,0.832687,0.295897,0.000000,3569.379582,4.614297
58.170000,0.000000,245.492931,0.000000,0.832687,0.295897,0.000000,3569.379582,4.614297
58.180000,0.000000,245.492931,0.000000,0.832687,0.295897,0.000000,3569.379582,4.614297
58.190000,0.000000,245.492931,0.000000,0.832687,0.295897,0.000000,3569.379582,4.614297
58.200000,0.000000,245.492931,0.000000,0.832687,0.295897,0.000000,3569.379582,4.614297
58.210000,0.000000,245.492931,0.000000,0.832687,0.295897,0.000000,3569.379582,4.614297
58.220000,0.000000,245.492931,0.000000,0.832687,0.295897,0.000000,3569.379582,4.614297
58.230000,0.000000,245.492931,0.000000,0.832687,0.295897,0.000000,3569.379582,4.614297
58.240000,0.000000,245.492931,0.000000,0.832687,0.295897,0.000000,3569.379582,4.614297
58.250000,0.000000,245.492931,0.000000,0.832687,0.295897,0.000000,3569.379582,4.614297
58.260000,0.000000,245.492931,0.000000,0.832687,0.295897,0.000000,3569.379582,4.614297
58.270000,0.000000,245.492931,0.000000,0.832687,0.295897,0.000000,3569.379582,4.614297
58.280000,0.000000,245.492931,0.000000,0.832687,0.295897,0.000000,3569.379582,4.614297
58.290000,0.000000,245.492931,0.000000,0.832687,0.295897,0.000000,3569.379582,4.614297
58.300000,0.000000,245.492931,0.000000,0.832687,0.295897,0.000000,3569.379582,4.614297
58.310000,0.000000,245.492931,0.000000,0.832687,0.295897,0.000000,3569.379582,4.614297
58.320000,0.000000,245.492931,0.000000,0.832687,0.295897,0.000000,3569.379582,4.614297
58.330000,0.000000,245.492931,0.000000,0.832687,0.295897,0.000000,3569.379582,4.614297
58.340000,0.000000,245.492931,0.000000,0.832687,0.295897,0.000000,3569.379582,4.614297
58.350000,0.000000,245.492931,0.000000,0.832687,0.295897,0.000000,3569.379582,4.614297
58.360000,0.000000,245.492931,0.000000,0.832687,0.295897,0.000000,3569.379582,4.614297
58.370000,0.000000,245.492931,0.000000,0.832687,0.295897,0.000000,3569.379582,4.614297
58.380000,0.000000,245.492931,0.000000,0.832687,0.295897,0.000000,3569.379582,4.614297
58.390000,0.000000,245.492931,0.000000,0.832687,0.295897,0.000000,3569.379582,4.614297
58.400000,0.000000,245.492931,0.000000,0.832687,0.295897,0.000000,3569.379582,4.614297
58.410000,0.000000,245.492931,0.000000,0.832687,0.295897,0.000000,3569.379582,4.614297
58.420000,0.000000,245.492931,0.000000,0.832687,0.295897,0.000000,3569.379582,4.614297
58.430000,0.000000,245.492931,0.000000,0.832687,0.295897,0.000000,3569.379582,4.614297
58.440000,0.000000,245.492931,0.000000,0.832687,0.295897,0.000000,3569.379582,4.614297
58.450000,0.000000,245.492931,0.000000,0.832687,0.295897,0.000000,3569.379582,4.614297
58.460000,0.000000,245.492931,0.000000,0.832687,0.295897,0.000000,3569.379582,4.614297
58.470000,0.000000,245.492931,0.000000,0.832687,0.295897,0.000000,3569.379582,4.614297
58.480000,0.000000,245.492931,0.000000,0.832687,0.295897,0.000000,3569.379582,4.614297
58.490000,0.000000,245.492931,0.000000,0.832687,0.295897,0.000000,3569.379582,4.614297
58.500000,0.000000,245.492931,0.000000,0.832687,0.295897,0.000000,3569.379582,4.614297
58.510000,0.000000,245.492931,0.000000,0.832687,0.295897,0.000000,3569.379582,4.614297
58.520000,0.000000,245.492931,0.000000,0.832687,0.295897,0.000000,3569.379582,4.614297
58.530000,0.000000,245.492931,0.000000,0.832687,0.295897,0.000000,3569.379582,4.614297
58.540000,0.000000,245.492931,0.000000,0.832687,0.295897,0.000000,3569.379582,4.614297
58.550000,0.000000,245.492931,0.000000,0.832687,0.295897,0.000000,3569.379582,4.614297
58.560000,0.000000,245.492931,0.000000,0.832687,0.295897,0.000000,3569.379582,4.614297
58.570000,0.000000,245.492931,0.000000,0.832687,0.295897,0.000000,3569.379582,4.614297
58.580000,0.000000,245.492931,0.000000,0.832687,0.295897,0.000000,3569.379582,4.614297
58.590000,0.000000,245.492931,0.000000,0.832687,0.295897,0.000000,3569.379582,4.614297
58.600000,0.000000,245.492931,0.000000,0.832687,0.295897,0.000000,3569.379582,4.614297
58.610000,0.000000,245.492931,0.000000,0.832687,0.295897,0.000000,3569.379582,4.614297
58.620000,0.000000,245.492931,0.000000,0.832687,0.295897,0.000000,3569.379582,4.614297
58.630000,0.000000,245.492931,0.000000,0.832687,0.295897,0.000000,3569.379582,4.614297
58.640000,0.000000,245.492931,0.000000,0.832687,0.295897,0.000000,3569.379582,4.614297
58.650000,0.000000,245.492931,0.000000,0.832687,0.295897,0.000000,3569.379582,4.614297
58.660000,0.000000,245.492931,0.000000,0.832687,0.295897,0.000000,3569.379582,4.614297
58.670000,0.000000,245.492931,0.000000,0.832687,0.295897,0.000000,3569.379582,4.614297
58.680000,0.000000,245.492931,0.000000,0.832687,0.295897,0.000000,3569.379582,4.614297
58.690000,0.000000,245.492931,0.000000,0.832687,0.295897,0.000000,3569.379582,4.614297
58.700000,0.000000,245.492931,0.000000,0.832687,0.295897,0.000000,3569.379582,4.614297
58.710000,0.000000,245.492931,0.000000,0.832687,0.295897,0.000000,3569.379582,4.614297
58.720000,0.000000,245.492931,0.000000,0.832687,0.295897,0.000000,3569.379582,4.614297
58.730000,0.000000,245.492931,0.000000,0.832687,0.295897,0.000000,3569.379582,4.614297
58.740000,0.000000,245.492931,0.000000,0.832687,0.295897,0.000000,3569.379582,4.614297
58.750000,0.000000,245.492931,0.000000,0.832687,0.295897,0.000000,3569.379582,4.614297
58.760000,0.000000,245.492931,0.000000,0.832687,0.295897,0.000000,3569.379582,4.614297
58.770000,0.000000,245.492931,0.000000,0.832687,0.295897,0.000000,3569.379582,4.614297
58.780000,0.000000,245.492931,0.000000,0.832687,0.295897,0.000000,3569.379582,4.614297
58.790000,0.000000,245.492931,0.000000,0.832687,0.295897,0.000000,3569.379582,4.614297
58.800000,0.000000,245.492931,0.000000,0.832687,0.295897,0.000000,3569.379582,4.614297
58.810000,0.000000,245.492931,0.000000,0.832687,0.295897,0.000000,3569.379582,4.614297
58.820000,0.000000,245.492931,0.000000,0.832687,0.295897,0.000000,3569.379582,4.614297
58.830000,0.000000,245.492931,0.000000,0.832687,0.295897,0.000000,3569.379582,4.614297
58.840000,0.000000,245.492931,0.000000,0.832687,0.295897,0.000000,3569.379582,4.614297
58.850000,0.000000,245.492931,0.000000,0.832687,0.295897,0.000000,3569.379582,4.614297
58.860000,0.000000,245.492931,0.000000,0.832687,0.295897,0.000000,3569.379582,4.614297
58.870000,0.000000,245.492931,0.000000,0.832687,0.295897,0.000000,3569.379582,4.614297
58.880000,0.000000,245.492931,0.000000,0.832687,0.295897,0.000000,3569.379582,4.614297
58.890000,0.000000,245.492931,0.000000,0.832687,0.295897,0.000000,3569.379582,4.614297
58.900000,0.000000,245.492931,0.000000,0.832687,0.295897,0.000000,3569.379582,4.614297
58.910000,0.000000,245.492931,0.000000,0.832687,0.295897,0.000000,3569.379582,4.614297
58.920000,0.000000,245.492931,0.000000,0.832687,0.295897,0.000000,3569.379582,4.614297
58.930000,0.000000,245.492931,0.000000,0.832687,0.295897,0.000000,3569.379582,4.614297
58.940000,0.000000,245.492931,0.000000,0.832687,0.295897,0.000000,3569.379582,4.614297
58.950000,0.000000,245.492931,0.000000,0.832687,0.295897,0.000000,3569.379582,4.614297
58.960000,0.000000,245.492931,0.000000,0.832687,0.295897,0.000000,3569.379582,4.614297
58.970000,0.000000,245.492931,0.000000,0.832687,0.295897,0.000000,3569.379582,4.614297
58.980000,0.000000,245.492931,0.000000,0.832687,0.295897,0.000000,3569.379582,4.614297
58.990000,0.000000,245.492931,0.000000,0.832687,0.295897,0.000000,3569.379582,4.614297
59.000000,0.000000,245.492931,0.000000,0.832687,0.295897,0.000000,3569.379582,4.614297
59.010000,0.000000,245.492931,0.000000,0.832687,0.295897,0.000000,3569.379582,4.614297
59.020000,0.000000,245.492931,0.000000,0.832687,0.295897,0.000000,3569.379582,4.614297
59.030000,0.000000,245.492931,0.000000,0.832687,0.295897,0.000000,3569.379582,4.614297
59.040000,0.000000,245.492931,0.000000,0.832687,0.295897,0.000000,3569.379582,4.614297
59.050000,0.000000,245.492931,0.000000,0.832687,0.295897,0.000000,3569.379582,4.614297
59.060000,0.000000,245.492931,0.000000,0.832687,0.295897,0.000000,3569.379582,4.614297
59.070000,0.000000,245.492931,0.000000,0.832687,0.295897,0.000000,3569.379582,4.614297
59.080000,0.000000,245.492931,0.000000,0.832687,0.295897,0.000000,3569.379582,4.614297
59.090000,0.000000,245.492931,0.000000,0.832687,0.295897,0.000000,3569.379582,4.614297
59.100000,0.000000,245.492931,0.000000,0.832687,0.295897,0.000000,3569.379582,4.614297
59.110000,0.000000,245.492931,0.000000,0.832687,0.295897,0.000000,3569.379582,4.614297
59.120000,0.000000,245.492931,0.000000,0.832687,0.295897,0.000000,3569.379582,4.614297
59.130000,0.000000,245.492931,0.000000,0.832687,0.295897,0.000000,3569.379582,4.614297
59.140000,0.000000,245.492931,0.000000,0.832687,0.295897,0.000000,3569.379582,4.614297
59.150000,0.000000,245.492931,0.000000,0.832687,0.295897,0.000000,3569.379582,4.614297
59.160000,0.000000,245.492931,0.000000,0.832687,0.295897,0.000000,3569.379582,4.614297
59.170000,0.000000,245.492931,0.000000,0.832687,0.295897,0.000000,3569.379582,4.614297
59.180000,0.000000,245.492931,0.000000,0.832687,0.295897,0.000000,3569.379582,4.614297
59.190000,0.000000,245.492931,0.000000,0.832687,0.295897,0.000000,3569.379582,4.614297
59.200000,0.000000,245.492931,0.000000,0.832687,0.295897,0.000000,3569.379582,4.614297
59.210000,0.000000,245.492931,0.000000,0.832687,0.295897,0.000000,3569.379582,4.614297
59.220000,0.000000,245.492931,0.000000,0.832687,0.295897,0.000000,3569.379582,4.614297
59.230000,0.000000,245.492931,0.000000,0.832687,0.295897,0.000000,3569.379582,4.614297
59.240000,0.000000,245.492931,0.000000,0.832687,0.295897,0.000000,3569.379582,4.614297
59.250000,0.000000,245.492931,0.000000,0.832687,0.295897,0.000000,3569.379582,4.614297
59.260000,0.000000,245.492931,0.000000,0.832687,0.295897,0.000000,3569.379582,4.614297
59.270000,0.000000,245.492931,0.000000,0.832687,0.295897,0.000000,3569.379582,4.614297
59.280000,0.000000,245.492931,0.000000,0.832687,0.295897,0.000000,3569.379582,4.614297
59.290000,0.000000,245.492931,0.000000,0.832687,0.295897,0.000000,3569.379582,4.614297
59.300000,0.000000,245.492931,0.000000,0.832687,0.295897,0.000000,3569.379582,4.614297
59.310000,0.000000,245.492931,0.000000,0.832687,0.295897,0.000000,3569.379582,4.614297
59.320000,0.000000,245.492931,0.000000,0.832687,0.295897,0.000000,3569.379582,4.614297
59.330000,0.000000,245.492931,0.000000,0.832687,0.295897,0.000000,3569.379582,4.614297
59.340000,0.000000,245.492931,0.000000,0.832687,0.295897,0.000000,3569.379582,4.614297
59.350000,0.000000,245.492931,0.000000,0.832687,0.295897,0.000000,3569.379582,4.614297
59.360000,0.000000,245.492931,0.000000,0.832687,0.295897,0.000000,3569.379582,4.614297
59.370000,0.000000,245.492931,0.000000,0.832687,0.295897,0.000000,3569.379582,4.614297
59.380000,0.000000,245.492931,0.000000,0.832687,0.295897,0.000000,3569.379582,4.614297
59.390000,0.000000,245.492931,0.000000,0.832687,0.295897,0.000000,3569.379582,4.614297
59.400000,0.000000,245.492931,0.000000,0.832687,0.295897,0.000000,3569.379582,4.614297
59.410000,0.000000,245.492931,0.000000,0.832687,0.295897,0.000000,3569.379582,4.614297
59.420000,0.000000,245.492931,0.000000,0.832687,0.295897,0.000000,3569.379582,4.614297
59.430000,0.000000,245.492931,0.000000,0.832687,0.295897,0.000000,3569.379582,4.614297
59.440000,0.000000,245.492931,0.000000,0.832687,0.295897,0.000000,3569.379582,4.614297
59.450000,0.000000,245.492931,0.000000,0.832687,0.295897,0.000000,3569.379582,4.614297
59.460000,0.000000,245.492931,0.000000,0.832687,0.295897,0.000000,3569.379582,4.614297
59.470000,0.000000,245.492931,0.000000,0.832687,0.295897,0.000000,3569.379582,4.614297
59.480000,0.000000,245.492931,0.000000,0.832687,0.295897,0.000000,3569.379582,4.614297
59.490000,0.000000,245.492931,0.000000,0.832687,0.295897,0.000000,3569.379582,4.614297
59.500000,0.000000,245.492931,0.000000,0.832687,0.295897,0.000000,3569.379582,4.614297
59.510000,0.000000,245.492931,0.000000,0.832687,0.295897,0.000000,3569.379582,4.614297
59.520000,0.000000,245.492931,0.000000,0.832687,0.295897,0.000000,3569.379582,4.614297
59.530000,0.000000,245.492931,0.000000,0.832687,0.295897,0.000000,3569.379582,4.614297
59.540000,0.000000,245.492931,0.000000,0.832687,0.295897,0.000000,3569.379582,4.614297
59.550000,0.000000,245.492931,0.000000,0.832687,0.295897,0.000000,3569.379582,4.614297
59.560000,0.000000,245.492931,0.000000,0.832687,0.295897,0.000000,3569.379582,4.614297
59.570000,0.000000,245.492931,0.000000,0.832687,0.295897,0.000000,3569.379582,4.614297
59.580000,0.000000,245.492931,0.000000,0.832687,0.295897,0.000000,3569.379582,4.614297
59.590000,0.000000,245.492931,0.000000,0.832687,0.295897,0.000000,3569.379582,4.614297
59.600000,0.000000,245.492931,0.000000,0.832687,0.295897,0.000000,3569.379582,4.614297
59.610000,0.000000,245.492931,0.000000,0.832687,0.295897,0.000000,3569.379582,4.614297
59.620000,0.000000,245.492931,0.000000,0.832687,0.295897,0.000000,3569.379582,4.614297
59.630000,0.000000,245.492931,0.000000,0.832687,0.295897,0.000000,3569.379582,4.614297
59.640000,0.000000,245.492931,0.000000,0.832687,0.295897,0.000000,3569.379582,4.614297
59.650000,0.000000,245.492931,0.000000,0.832687,0.295897,0.000000,3569.379582,4.614297
59.660000,0.000000,245.492931,0.000000,0.832687,0.295897,0.000000,3569.379582,4.614297
59.670000,0.000000,245.492931,0.000000,0.832687,0.295897,0.000000,3569.379582,4.614297
59.680000,0.000000,245.492931,0.000000,0.832687,0.295897,0.000000,3569.379582,4.614297
59.690000,0.000000,245.492931,0.000000,0.832687,0.295897,0.000000,3569.379582,4.614297
59.700000,0.000000,245.492931,0.000000,0.832687,0.295897,0.000000,3569.379582,4.614297
59.710000,0.000000,245.492931,0.000000,0.832687,0.295897,0.000000,3569.379582,4.614297
59.720000,0.000000,245.492931,0.000000,0.832687,0.295897,0.000000,3569.379582,4.614297
59.730000,0.000000,245.492931,0.000000,0.832687,0.295897,0.000000,3569.379582,4.614297
59.740000,0.000000,245.492931,0.000000,0.832687,0.295897,0.000000,3569.379582,4.614297
59.750000,0.000000,245.492931,0.000000,0.832687,0.295897,0.000000,3569.379582,4.614297
59.760000,0.000000,245.492931,0.000000,0.832687,0.295897,0.000000,3569.379582,4.614297
59.770000,0.000000,245.492931,0.000000,0.832687,0.295897,0.000000,3569.379582,4.614297
59.780000,0.000000,245.492931,0.000000,0.832687,0.295897,0.000000,3569.379582,4.614297
59.790000,0.000000,245.492931,0.000000,0.832687,0.295897,0.000000,3569.379582,4.614297
59.800000,0.000000,245.492931,0.000000,0.832687,0.295897,0.000000,3569.379582,4.614297
59.810000,0.000000,245.492931,0.000000,0.832687,0.295897,0.000000,3569.379582,4.614297
59.820000,0.000000,245.492931,0.000000,0.832687,0.295897,0.000000,3569.379582,4.614297
59.830000,0.000000,245.492931,0.000000,0.832687,0.295897,0.000000,3569.379582,4.614297
59.840000,0.000000,245.492931,0.000000,0.832687,0.295897,0.000000,3569.379582,4.614297
59.850000,0.000000,245.492931,0.000000,0.832687,0.295897,0.000000,3569.379582,4.614297
59.860000,0.000000,245.492931,0.000000,0.832687,0.295897,0.000000,3569.379582,4.614297
59.870000,0.000000,245.492931,0.000000,0.832687,0.295897,0.000000,3569.379582,4.614297
59.880000,0.000000,245.492931,0.000000,0.832687,0.295897,0.000000,3569.379582,4.614297
59.890000,0.000000,245.492931,0.000000,0.832687,0.295897,0.000000,3569.379582,4.614297
59.900000,0.000000,245.492931,0.000000,0.832687,0.295897,0.000000,3569.379582,4.614297
59.910000,0.000000,245.492931,0.000000,0.832687,0.295897,0.000000,3569.379582,4.614297
59.920000,0.000000,245.492931,0.000000,0.832687,0.295897,0.000000,3569.379582,4.614297
59.930000,0.000000,245.492931,0.000000,0.832687,0.295897,0.000000,3569.379582,4.614297
59.940000,0.000000,245.492931,0.000000,0.832687,0.295897,0.000000,3569.379582,4.614297
59.950000,0.000000,245.492931,0.000000,0.832687,0.295897,0.000000,3569.379582,4.614297
59.960000,0.000000,245.492931,0.000000,0.832687,0.295897,0.000000,3569.379582,4.614297
59.970000,0.000000,245.492931,0.000000,0.832687,0.295897,0.000000,3569.379582,4.614297
59.980000,0.000000,245.492931,0.000000,0.832687,0.295897,0.000000,3569.379582,4.614297
59.990000,0.000000,245.492931,0.000000,0.832687,0.295897,0.000000,3569.379582,4.614297
60.000000,0.000000,245.492931,0.000000,0.832687,0.295897,0.000000,3569.379582,4.614297
